CLIENTNUM,Attrition_Flag,Customer_Age,Gender,Dependent_count,Education_Level,Marital_Status,Income_Category,Card_Category,Months_on_book,Total_Relationship_Count,Months_Inactive_12_mon,Contacts_Count_12_mon,Credit_Limit,Total_Revolving_Bal,Avg_Open_To_Buy,Total_Amt_Chng_Q4_Q1,Total_Trans_Amt,Total_Trans_Ct,Total_Ct_Chng_Q4_Q1,Avg_Utilization_Ratio
768805383,Existing Customer,45,M,3,High School,Married,$60K - $80K,Blue,39,5,1,3,12691.0,777,11914.0,1.335,1144,42,1.625,0.061
818770008,Existing Customer,49,F,5,Graduate,Single,Less than $40K,Blue,44,6,1,2,8256.0,864,7392.0,1.541,1291,33,3.714,0.105
713982108,Existing Customer,51,M,3,Graduate,Married,$80K - $120K,Blue,36,4,1,0,3418.0,0,3418.0,2.594,1887,20,2.333,0.0
769911858,Existing Customer,40,F,4,High School,Unknown,Less than $40K,Blue,34,3,4,1,3313.0,2517,796.0,1.405,1171,20,2.333,0.76
709106358,Existing Customer,40,M,3,Uneducated,Married,$60K - $80K,Blue,21,5,1,0,4716.0,0,4716.0,2.175,816,28,2.5,0.0
713061558,Existing Customer,44,M,2,Graduate,Married,$40K - $60K,Blue,36,3,1,2,4010.0,1247,2763.0,1.376,1088,24,0.846,0.311
810347208,Existing Customer,51,M,4,Unknown,Married,$120K +,Gold,46,6,1,3,34516.0,2264,32252.0,1.975,1330,31,0.722,0.066
818906208,Existing Customer,32,M,0,High School,Unknown,$60K - $80K,Silver,27,2,2,2,29081.0,1396,27685.0,2.204,1538,36,0.714,0.048
710930508,Existing Customer,37,M,3,Uneducated,Single,$60K - $80K,Blue,36,5,2,0,22352.0,2517,19835.0,3.355,1350,24,1.182,0.113
719661558,Existing Customer,48,M,2,Graduate,Single,$80K - $120K,Blue,36,6,3,3,11656.0,1677,9979.0,1.524,1441,32,0.882,0.144
708790833,Existing Customer,42,M,5,Uneducated,Unknown,$120K +,Blue,31,5,3,2,6748.0,1467,5281.0,0.831,1201,42,0.68,0.217
710821833,Existing Customer,65,M,1,Unknown,Married,$40K - $60K,Blue,54,6,2,3,9095.0,1587,7508.0,1.433,1314,26,1.364,0.174
710599683,Existing Customer,56,M,1,College,Single,$80K - $120K,Blue,36,3,6,0,11751.0,0,11751.0,3.397,1539,17,3.25,0.0
816082233,Existing Customer,35,M,3,Graduate,Unknown,$60K - $80K,Blue,30,5,1,3,8547.0,1666,6881.0,1.163,1311,33,2.0,0.195
712396908,Existing Customer,57,F,2,Graduate,Married,Less than $40K,Blue,48,5,2,2,2436.0,680,1756.0,1.19,1570,29,0.611,0.279
714885258,Existing Customer,44,M,4,Unknown,Unknown,$80K - $120K,Blue,37,5,1,2,4234.0,972,3262.0,1.707,1348,27,1.7,0.23
709967358,Existing Customer,48,M,4,Post-Graduate,Single,$80K - $120K,Blue,36,6,2,3,30367.0,2362,28005.0,1.708,1671,27,0.929,0.078
753327333,Existing Customer,41,M,3,Unknown,Married,$80K - $120K,Blue,34,4,4,1,13535.0,1291,12244.0,0.653,1028,21,1.625,0.095
806160108,Existing Customer,61,M,1,High School,Married,$40K - $60K,Blue,56,2,2,3,3193.0,2517,676.0,1.831,1336,30,1.143,0.788
709327383,Existing Customer,45,F,2,Graduate,Married,Unknown,Blue,37,6,1,2,14470.0,1157,13313.0,0.966,1207,21,0.909,0.08
806165208,Existing Customer,47,M,1,Doctorate,Divorced,$60K - $80K,Blue,42,5,2,0,20979.0,1800,19179.0,0.906,1178,27,0.929,0.086
708508758,Attrited Customer,62,F,0,Graduate,Married,Less than $40K,Blue,49,2,3,3,1438.3,0,1438.3,1.047,692,16,0.6,0.0
784725333,Existing Customer,41,M,3,High School,Married,$40K - $60K,Blue,33,4,2,1,4470.0,680,3790.0,1.608,931,18,1.571,0.152
811604133,Existing Customer,47,F,4,Unknown,Single,Less than $40K,Blue,36,3,3,2,2492.0,1560,932.0,0.573,1126,23,0.353,0.626
789124683,Existing Customer,54,M,2,Unknown,Married,$80K - $120K,Blue,42,4,2,3,12217.0,0,12217.0,1.075,1110,21,0.75,0.0
771071958,Existing Customer,41,F,3,Graduate,Single,Less than $40K,Blue,28,6,1,2,7768.0,1669,6099.0,0.797,1051,22,0.833,0.215
720466383,Existing Customer,59,M,1,High School,Unknown,$40K - $60K,Blue,46,4,1,2,14784.0,1374,13410.0,0.921,1197,23,1.3,0.093
804424383,Existing Customer,63,M,1,Unknown,Married,$60K - $80K,Blue,56,3,3,2,10215.0,1010,9205.0,0.843,1904,40,1.0,0.099
718813833,Existing Customer,44,F,3,Uneducated,Single,Unknown,Blue,34,5,2,2,10100.0,0,10100.0,0.525,1052,18,1.571,0.0
806624208,Existing Customer,47,M,4,High School,Married,$40K - $60K,Blue,42,6,0,0,4785.0,1362,3423.0,0.739,1045,38,0.9,0.285
778348233,Existing Customer,53,M,3,Unknown,Married,$80K - $120K,Blue,33,3,2,3,2753.0,1811,942.0,0.977,1038,25,2.571,0.658
712991808,Existing Customer,53,M,2,Uneducated,Married,$60K - $80K,Blue,48,2,5,1,2451.0,1690,761.0,1.323,1596,26,1.6,0.69
709029408,Existing Customer,41,M,4,Graduate,Married,$60K - $80K,Blue,36,4,1,2,8923.0,2517,6406.0,1.726,1589,24,1.667,0.282
788658483,Existing Customer,53,F,2,College,Married,Less than $40K,Blue,38,5,2,3,2650.0,1490,1160.0,1.75,1411,28,1.0,0.562
787937058,Existing Customer,58,M,0,Graduate,Married,$80K - $120K,Blue,49,6,2,2,12555.0,1696,10859.0,0.519,1291,24,0.714,0.135
715318008,Existing Customer,55,F,1,College,Single,Less than $40K,Blue,36,4,2,1,3520.0,1914,1606.0,0.51,1407,43,0.483,0.544
713962233,Existing Customer,55,F,3,Graduate,Married,Less than $40K,Blue,36,6,2,3,3035.0,2298,737.0,1.724,1877,37,1.176,0.757
785432733,Existing Customer,42,F,4,High School,Married,Less than $40K,Gold,36,2,3,3,15433.0,0,15433.0,0.865,966,22,1.2,0.0
715190283,Existing Customer,57,F,1,Graduate,Unknown,$40K - $60K,Blue,49,3,3,2,3672.0,886,2786.0,1.32,1464,28,0.556,0.241
708300483,Attrited Customer,66,F,0,Doctorate,Married,Unknown,Blue,56,5,4,3,7882.0,605,7277.0,1.052,704,16,0.143,0.077
827111283,Existing Customer,45,M,3,Graduate,Single,$80K - $120K,Blue,41,2,2,2,32426.0,578,31848.0,1.042,1109,28,0.474,0.018
758551608,Existing Customer,51,M,2,Unknown,Married,$40K - $60K,Blue,44,4,1,0,6205.0,2204,4001.0,0.803,1347,28,0.556,0.355
773146383,Existing Customer,50,F,1,College,Single,$40K - $60K,Silver,43,3,2,3,17304.0,2517,14787.0,1.449,1756,33,1.2,0.145
778493808,Existing Customer,49,M,3,High School,Married,$60K - $80K,Blue,37,5,2,1,3906.0,0,3906.0,1.214,1756,32,1.0,0.0
720572508,Existing Customer,38,F,4,Graduate,Single,Unknown,Blue,28,2,3,3,9830.0,2055,7775.0,0.977,1042,23,0.917,0.209
712661433,Existing Customer,49,M,4,Uneducated,Single,$80K - $120K,Blue,30,3,2,3,34516.0,0,34516.0,1.621,1444,28,1.333,0.0
789172683,Existing Customer,56,M,2,Doctorate,Married,$60K - $80K,Blue,45,6,2,0,2283.0,1430,853.0,2.316,1741,27,0.588,0.626
738406533,Existing Customer,59,M,1,Doctorate,Married,$40K - $60K,Blue,52,3,2,2,2548.0,2020,528.0,2.357,1719,27,1.7,0.793
799723908,Existing Customer,46,M,3,High School,Married,$80K - $120K,Blue,40,4,3,3,19458.0,1435,18023.0,0.787,1217,27,0.8,0.074
771490833,Existing Customer,52,M,1,College,Single,$80K - $120K,Blue,40,5,1,1,4745.0,1227,3518.0,0.624,1140,40,0.6,0.259
720756708,Existing Customer,52,F,3,Unknown,Married,Less than $40K,Blue,41,6,3,2,2622.0,1549,1073.0,1.321,1878,30,1.143,0.591
779471883,Attrited Customer,54,F,1,Graduate,Married,Less than $40K,Blue,40,2,3,1,1438.3,808,630.3,0.997,705,19,0.9,0.562
711525033,Existing Customer,66,F,0,High School,Married,Less than $40K,Blue,54,3,4,2,3171.0,2179,992.0,1.224,1946,38,1.923,0.687
712813458,Existing Customer,49,M,2,Unknown,Married,$120K +,Blue,36,4,2,0,19763.0,2517,17246.0,0.664,1414,35,0.25,0.127
714374133,Attrited Customer,56,M,2,Graduate,Married,$120K +,Blue,36,1,3,3,15769.0,0,15769.0,1.041,602,15,0.364,0.0
717891558,Existing Customer,49,F,4,Graduate,Unknown,Less than $40K,Blue,36,6,4,2,3298.0,2200,1098.0,0.678,1052,32,0.6,0.667
716632758,Existing Customer,49,F,3,Graduate,Single,Less than $40K,Blue,36,2,2,0,2802.0,2363,439.0,0.75,1295,40,0.6,0.843
768563658,Existing Customer,56,M,2,Uneducated,Married,$40K - $60K,Blue,50,4,2,3,4458.0,1880,2578.0,1.107,1424,29,1.417,0.422
711427458,Existing Customer,44,F,5,Graduate,Married,Unknown,Blue,35,4,1,2,6273.0,978,5295.0,2.275,1359,25,1.083,0.156
714091983,Existing Customer,42,M,2,High School,Single,$60K - $80K,Blue,34,4,4,3,3336.0,1753,1583.0,0.69,1168,27,1.25,0.525
787584108,Existing Customer,55,M,3,Unknown,Married,$80K - $120K,Blue,47,4,2,3,3436.0,2016,1420.0,0.901,1097,33,0.833,0.587
712030833,Attrited Customer,48,M,2,Graduate,Married,$60K - $80K,Silver,35,2,4,4,34516.0,0,34516.0,0.763,691,15,0.5,0.0
711481533,Existing Customer,39,M,1,High School,Divorced,$60K - $80K,Blue,33,5,3,3,5926.0,1251,4675.0,0.944,1316,28,1.154,0.211
710082708,Existing Customer,44,M,4,Post-Graduate,Single,$120K +,Blue,32,2,4,2,23957.0,2102,21855.0,0.997,1276,26,0.733,0.088
708155733,Existing Customer,53,M,2,High School,Single,$120K +,Blue,44,4,2,2,14734.0,1634,13100.0,0.989,1289,23,0.917,0.111
788979258,Existing Customer,51,M,4,Uneducated,Single,$80K - $120K,Silver,38,4,1,4,34516.0,1515,33001.0,0.592,1293,32,0.6,0.044
807986133,Existing Customer,57,M,2,College,Married,$60K - $80K,Blue,52,5,3,3,6584.0,1817,4767.0,0.62,1353,35,0.667,0.276
788730933,Existing Customer,44,F,2,Uneducated,Single,Less than $40K,Blue,20,6,3,3,2084.0,1468,616.0,1.004,1132,28,0.556,0.704
711314058,Existing Customer,49,M,2,Graduate,Married,$60K - $80K,Blue,32,2,2,2,1687.0,1107,580.0,1.715,1670,17,2.4,0.656
717975333,Existing Customer,50,M,2,Doctorate,Married,$80K - $120K,Blue,38,6,2,2,25300.0,1330,23970.0,1.072,837,15,2.0,0.053
715971108,Existing Customer,51,M,4,Graduate,Single,$120K +,Blue,42,3,2,3,34516.0,1763,32753.0,1.266,1550,41,1.05,0.051
720096558,Existing Customer,55,F,2,Graduate,Married,Less than $40K,Blue,42,5,3,3,2216.0,1034,1182.0,0.758,1540,36,0.286,0.467
719580033,Existing Customer,54,M,1,Graduate,Unknown,$60K - $80K,Blue,43,4,2,3,2910.0,2030,880.0,0.769,1256,21,0.4,0.698
820582308,Existing Customer,42,M,5,Uneducated,Married,$80K - $120K,Blue,37,6,2,2,22913.0,1528,21385.0,0.414,1394,35,0.522,0.067
789973308,Existing Customer,44,M,1,College,Single,$60K - $80K,Blue,35,3,3,3,24312.0,1932,22380.0,1.312,1341,24,1.182,0.079
712876233,Existing Customer,53,M,2,Graduate,Single,$80K - $120K,Blue,36,5,3,2,5272.0,1515,3757.0,0.857,1289,33,0.435,0.287
804595158,Existing Customer,44,F,4,Graduate,Single,Less than $40K,Blue,36,6,4,2,7000.0,2517,4483.0,0.475,1112,23,1.875,0.36
714826758,Existing Customer,37,F,3,Uneducated,Single,Less than $40K,Blue,29,4,4,2,7038.0,1801,5237.0,0.751,2339,57,0.966,0.256
779058108,Existing Customer,49,M,3,Graduate,Divorced,$60K - $80K,Blue,30,6,1,2,2536.0,1823,713.0,0.703,1468,23,0.353,0.719
710790258,Existing Customer,47,M,2,Graduate,Married,$80K - $120K,Blue,38,6,3,2,28904.0,1899,27005.0,0.85,1334,35,0.4,0.066
715623483,Existing Customer,47,M,3,Graduate,Married,$60K - $80K,Blue,37,4,4,0,8567.0,1695,6872.0,1.242,1457,41,1.412,0.198
715156383,Existing Customer,44,M,1,Unknown,Unknown,$120K +,Blue,36,6,2,2,34516.0,1533,32983.0,0.924,1603,29,0.526,0.044
711013983,Attrited Customer,55,F,4,Unknown,Married,$40K - $60K,Blue,45,2,4,3,2158.0,0,2158.0,0.585,615,12,0.714,0.0
755420433,Existing Customer,59,F,1,Graduate,Married,Unknown,Blue,52,2,3,3,10133.0,1417,8716.0,0.383,1068,20,0.818,0.14
794543958,Existing Customer,53,M,1,Graduate,Divorced,$80K - $120K,Blue,35,5,4,2,34516.0,1219,33297.0,1.129,1590,27,2.0,0.035
716396358,Existing Customer,52,M,2,Graduate,Married,$60K - $80K,Blue,47,5,3,0,3085.0,1910,1175.0,0.921,1531,35,0.667,0.619
715398033,Existing Customer,53,M,2,High School,Single,$120K +,Blue,35,4,2,1,19040.0,2056,16984.0,0.607,1212,31,0.722,0.108
711743883,Existing Customer,43,F,3,Uneducated,Single,Less than $40K,Blue,35,5,2,3,4026.0,0,4026.0,0.483,1237,32,0.6,0.0
719720058,Existing Customer,44,M,3,High School,Single,$60K - $80K,Blue,31,4,3,1,12756.0,837,11919.0,1.932,1413,14,1.8,0.066
778992108,Existing Customer,57,M,2,Unknown,Married,$120K +,Blue,45,5,3,3,5266.0,0,5266.0,1.702,1516,29,1.636,0.0
717539808,Existing Customer,51,F,2,High School,Single,Less than $40K,Blue,36,3,2,2,9930.0,0,9930.0,0.731,1276,21,1.333,0.0
714070758,Existing Customer,49,M,4,High School,Single,$80K - $120K,Blue,38,4,3,0,31302.0,1953,29349.0,0.875,1564,35,2.182,0.062
714107958,Existing Customer,45,M,1,Graduate,Single,$40K - $60K,Blue,36,4,4,3,6576.0,0,6576.0,0.579,1465,34,0.619,0.0
789140283,Existing Customer,53,M,0,Graduate,Single,$80K - $120K,Blue,42,5,4,1,2664.0,2037,627.0,0.85,1286,29,0.933,0.765
715550508,Existing Customer,45,F,3,Unknown,Married,Unknown,Blue,28,5,1,2,2535.0,2440,95.0,1.705,1312,20,1.222,0.963
719712633,Existing Customer,64,M,1,Graduate,Married,Less than $40K,Blue,52,6,4,3,1709.0,895,814.0,1.656,1673,32,0.882,0.524
772629333,Existing Customer,45,M,3,Graduate,Married,$40K - $60K,Blue,35,5,4,2,3454.0,1200,2254.0,0.597,1313,30,0.304,0.347
720336708,Existing Customer,53,M,3,Doctorate,Married,$40K - $60K,Blue,35,5,3,2,3789.0,1706,2083.0,1.047,1609,42,0.68,0.45
802013583,Existing Customer,56,M,3,College,Married,$120K +,Blue,50,3,2,0,9689.0,2250,7439.0,0.576,1158,19,0.727,0.232
711887583,Attrited Customer,47,M,2,Unknown,Married,$80K - $120K,Blue,37,2,3,3,5449.0,1628,3821.0,0.696,836,18,0.385,0.299
714778833,Existing Customer,49,F,3,College,Single,Unknown,Blue,43,4,4,0,23032.0,1960,21072.0,0.619,1289,22,1.0,0.085
713843283,Existing Customer,41,F,3,Unknown,Married,Unknown,Silver,34,5,3,3,34516.0,2053,32463.0,1.034,1487,26,0.733,0.059
779155158,Existing Customer,53,M,3,Graduate,Married,$120K +,Blue,34,6,2,2,2940.0,1264,1676.0,0.562,1259,33,0.5,0.43
721091583,Existing Customer,44,F,2,Graduate,Single,Less than $40K,Blue,32,3,3,3,3031.0,1879,1152.0,0.788,1298,15,1.5,0.62
713572683,Existing Customer,44,M,3,High School,Unknown,$60K - $80K,Blue,25,3,3,0,1862.0,0,1862.0,0.883,1226,34,0.789,0.0
716657058,Existing Customer,43,F,4,Post-Graduate,Married,Less than $40K,Blue,33,2,3,3,8358.0,926,7432.0,0.762,1566,37,0.542,0.111
779509983,Existing Customer,53,M,2,Post-Graduate,Single,$120K +,Blue,36,6,1,2,34516.0,931,33585.0,0.828,1022,21,1.1,0.027
717929133,Existing Customer,44,M,1,Uneducated,Married,$60K - $80K,Blue,36,5,2,3,14450.0,2440,12010.0,1.283,1235,30,0.667,0.169
808284783,Existing Customer,62,F,1,Unknown,Married,Less than $40K,Blue,56,6,0,0,1438.3,0,1438.3,0.813,1951,44,1.095,0.0
708476808,Existing Customer,54,M,4,Unknown,Divorced,$120K +,Blue,36,6,3,2,33791.0,1960,31831.0,0.618,1047,31,0.824,0.058
710916408,Existing Customer,57,M,4,Graduate,Married,$60K - $80K,Blue,39,4,3,0,8466.0,1886,6580.0,0.56,1342,32,0.391,0.223
708492558,Existing Customer,42,M,3,Unknown,Married,$60K - $80K,Blue,36,5,3,3,15088.0,865,14223.0,0.939,1107,21,1.625,0.057
799825758,Existing Customer,42,M,4,High School,Divorced,$60K - $80K,Blue,36,5,1,2,3263.0,1674,1589.0,0.588,1251,35,0.346,0.513
718619883,Existing Customer,54,F,0,Uneducated,Married,Less than $40K,Blue,36,2,2,2,1494.0,706,788.0,1.674,1305,24,3.0,0.473
711844758,Existing Customer,48,M,3,Graduate,Single,$80K - $120K,Blue,35,6,1,0,13551.0,1294,12257.0,0.791,1388,37,1.056,0.095
714798783,Existing Customer,49,M,1,Graduate,Single,$80K - $120K,Blue,36,6,2,2,18886.0,895,17991.0,1.826,1235,18,1.571,0.047
826762908,Existing Customer,52,M,3,High School,Unknown,$80K - $120K,Blue,48,3,2,0,11976.0,1273,10703.0,1.024,2089,36,1.118,0.106
771894558,Existing Customer,50,M,3,High School,Single,$80K - $120K,Blue,39,4,1,4,9964.0,1559,8405.0,1.873,1626,25,0.786,0.156
721074183,Existing Customer,49,M,1,Doctorate,Married,$60K - $80K,Blue,36,4,6,3,24159.0,1196,22963.0,0.712,1111,24,1.0,0.05
715259583,Existing Customer,53,F,2,High School,Married,Less than $40K,Blue,44,3,2,3,5362.0,1901,3461.0,0.816,1553,38,1.0,0.355
718414008,Existing Customer,50,M,2,Graduate,Single,$120K +,Blue,36,3,2,2,34516.0,1023,33493.0,1.004,1064,13,0.625,0.03
719666283,Existing Customer,55,F,1,Doctorate,Married,Less than $40K,Blue,36,4,1,0,3174.0,1951,1223.0,0.766,1243,29,0.611,0.615
714877233,Existing Customer,53,M,1,High School,Married,$80K - $120K,Blue,47,3,2,2,12262.0,1836,10426.0,1.584,1659,38,1.533,0.15
785387883,Existing Customer,47,F,3,High School,Single,$40K - $60K,Blue,41,4,3,3,3788.0,1540,2248.0,0.566,1594,47,0.382,0.407
771075258,Existing Customer,55,M,2,College,Single,$120K +,Silver,42,2,3,2,34516.0,1527,32989.0,0.526,1268,42,0.355,0.044
711318033,Existing Customer,47,M,3,Graduate,Single,$60K - $80K,Blue,36,4,2,2,2926.0,0,2926.0,0.676,1304,24,0.846,0.0
783554958,Existing Customer,58,M,4,Graduate,Single,$120K +,Blue,52,6,1,0,32090.0,0,32090.0,0.567,1368,30,0.364,0.0
720201033,Attrited Customer,53,M,2,Graduate,Married,$80K - $120K,Blue,41,3,3,2,11669.0,2227,9442.0,0.622,720,23,0.353,0.191
718039683,Existing Customer,52,M,2,High School,Single,$40K - $60K,Blue,45,3,1,2,13532.0,1300,12232.0,0.846,1521,29,1.417,0.096
710806083,Existing Customer,50,F,1,Uneducated,Unknown,Less than $40K,Silver,36,4,2,2,11888.0,2090,9798.0,0.7,1137,30,0.765,0.176
714752208,Existing Customer,42,F,1,Graduate,Married,Less than $40K,Blue,36,5,1,2,2393.0,1985,408.0,0.788,978,16,0.778,0.83
822063408,Existing Customer,43,M,4,Unknown,Married,$40K - $60K,Blue,39,5,1,2,6111.0,2517,3594.0,0.632,1221,16,2.2,0.412
714490308,Existing Customer,57,M,4,Graduate,Married,$80K - $120K,Blue,46,3,2,3,19270.0,1662,17608.0,1.186,1565,28,1.545,0.086
713356833,Existing Customer,52,M,1,Graduate,Married,$80K - $120K,Blue,43,3,1,4,3710.0,2517,1193.0,1.541,1578,34,0.7,0.678
711402333,Existing Customer,47,M,2,Doctorate,Single,Less than $40K,Blue,37,2,1,3,3235.0,797,2438.0,0.541,1493,32,1.0,0.246
708296883,Existing Customer,44,F,3,Graduate,Single,$40K - $60K,Blue,38,3,1,0,11749.0,788,10961.0,0.688,1178,27,0.929,0.067
719154483,Existing Customer,53,M,2,High School,Divorced,$60K - $80K,Blue,36,5,3,2,7753.0,2100,5653.0,0.839,991,26,0.733,0.271
717721458,Existing Customer,45,M,4,College,Divorced,$60K - $80K,Blue,40,5,1,0,10408.0,1186,9222.0,1.689,2560,42,1.211,0.114
711112683,Existing Customer,63,F,1,College,Married,Unknown,Blue,36,6,2,3,3967.0,1568,2399.0,1.236,1657,29,1.231,0.395
715674483,Existing Customer,39,F,2,Post-Graduate,Single,Less than $40K,Blue,27,4,2,2,6205.0,2517,3688.0,0.939,1204,19,0.727,0.406
789322833,Attrited Customer,48,F,5,High School,Married,Less than $40K,Blue,38,1,3,3,8025.0,0,8025.0,0.654,673,18,0.8,0.0
789968058,Existing Customer,51,M,1,Unknown,Single,$120K +,Blue,42,6,2,3,9036.0,2327,6709.0,0.649,1131,18,0.636,0.258
709919283,Existing Customer,54,M,4,Graduate,Married,$80K - $120K,Blue,34,2,3,2,14926.0,2517,12409.0,1.996,1576,25,1.5,0.169
718744008,Existing Customer,59,F,1,Graduate,Single,Less than $40K,Blue,36,3,2,3,6335.0,1128,5207.0,0.397,1217,20,0.667,0.178
767712558,Attrited Customer,59,M,1,College,Single,$60K - $80K,Blue,53,2,3,3,14979.0,0,14979.0,0.71,530,10,1.0,0.0
712950783,Attrited Customer,48,F,4,Uneducated,Married,Less than $40K,Blue,38,3,2,3,2732.0,0,2732.0,0.76,739,16,0.455,0.0
716104983,Existing Customer,41,F,2,Graduate,Single,Less than $40K,Blue,32,6,3,2,2250.0,2117,133.0,1.162,1617,31,2.875,0.941
818839983,Existing Customer,55,M,2,Graduate,Married,$120K +,Blue,50,3,2,0,10916.0,1536,9380.0,1.317,1592,34,1.0,0.141
772288758,Existing Customer,47,F,4,Graduate,Married,Unknown,Blue,36,4,1,3,5349.0,1228,4121.0,0.728,1343,30,1.308,0.23
712350858,Existing Customer,41,M,2,High School,Married,$80K - $120K,Blue,24,4,1,3,9366.0,1104,8262.0,0.572,1303,39,0.625,0.118
711009708,Existing Customer,40,M,3,High School,Single,$80K - $120K,Blue,28,5,1,0,21617.0,0,21617.0,1.047,1351,22,0.467,0.0
712720158,Existing Customer,68,M,1,Graduate,Married,Unknown,Blue,56,5,2,3,13860.0,1652,12208.0,1.255,1910,32,1.909,0.119
712215258,Existing Customer,50,F,1,Graduate,Single,$40K - $60K,Silver,31,2,2,3,18386.0,0,18386.0,0.868,1298,22,0.571,0.0
773827008,Existing Customer,47,M,4,Uneducated,Single,$60K - $80K,Blue,41,6,2,2,2405.0,1540,865.0,0.469,1087,29,1.231,0.64
795232683,Existing Customer,53,F,1,College,Married,Less than $40K,Blue,47,4,2,3,2154.0,930,1224.0,2.121,1439,26,1.364,0.432
713786508,Existing Customer,42,F,5,Unknown,Married,$40K - $60K,Blue,36,3,3,3,2038.0,0,2038.0,0.786,1238,28,0.75,0.0
713539833,Existing Customer,48,F,4,High School,Single,$40K - $60K,Blue,38,6,1,3,8135.0,0,8135.0,1.373,1716,29,0.812,0.0
712454058,Existing Customer,49,M,1,Doctorate,Married,$120K +,Blue,38,6,1,3,9364.0,618,8746.0,0.554,1099,27,0.8,0.066
718759833,Existing Customer,44,F,2,Uneducated,Married,Unknown,Silver,35,4,3,2,32643.0,0,32643.0,1.3,1058,24,2.429,0.0
718803333,Existing Customer,43,F,4,Graduate,Divorced,Less than $40K,Blue,34,2,3,1,3195.0,1954,1241.0,0.971,1285,29,0.706,0.612
720253908,Existing Customer,56,M,0,High School,Married,$80K - $120K,Blue,43,5,2,1,2852.0,1024,1828.0,1.009,1651,28,1.0,0.359
714133158,Existing Customer,59,F,1,College,Single,Unknown,Blue,36,2,3,3,4224.0,1305,2919.0,0.852,1152,31,0.824,0.309
713187033,Existing Customer,46,M,1,Uneducated,Married,$60K - $80K,Blue,36,3,2,2,20459.0,2071,18388.0,1.248,1767,38,2.167,0.101
714791208,Existing Customer,47,F,4,Unknown,Divorced,Less than $40K,Blue,41,6,5,3,3482.0,2114,1368.0,0.508,1039,24,0.263,0.607
772426383,Existing Customer,50,F,4,Uneducated,Married,$40K - $60K,Blue,40,5,2,3,3065.0,1570,1495.0,1.077,1130,28,1.333,0.512
710975883,Existing Customer,51,F,3,Uneducated,Married,Less than $40K,Blue,43,3,1,2,2185.0,1761,424.0,0.682,1645,30,0.429,0.806
714264408,Existing Customer,47,F,3,Uneducated,Married,Less than $40K,Blue,36,4,1,0,1611.0,746,865.0,0.993,1413,29,0.706,0.463
715827858,Existing Customer,58,F,4,Uneducated,Married,Less than $40K,Blue,47,3,3,3,2822.0,2173,649.0,1.456,1218,23,2.286,0.77
713741358,Attrited Customer,46,M,5,Graduate,Single,$80K - $120K,Blue,33,6,3,3,32975.0,2517,30458.0,0.658,597,17,0.7,0.076
709531908,Existing Customer,53,M,3,High School,Married,$60K - $80K,Blue,47,5,2,2,1438.3,0,1438.3,0.776,2184,53,0.828,0.0
716493408,Existing Customer,45,F,4,Uneducated,Divorced,Unknown,Blue,36,4,3,3,15875.0,1719,14156.0,0.86,1592,37,1.467,0.108
714141108,Existing Customer,52,F,1,High School,Married,Less than $40K,Blue,45,6,3,3,6703.0,893,5810.0,0.567,1388,28,0.75,0.133
708953883,Attrited Customer,53,M,2,Unknown,Married,$80K - $120K,Blue,36,2,2,1,3212.0,0,3212.0,0.713,757,20,0.25,0.0
712608783,Existing Customer,50,M,2,High School,Married,$80K - $120K,Silver,45,3,1,3,34516.0,1260,33256.0,0.588,1504,34,0.789,0.037
820353558,Existing Customer,41,F,3,High School,Married,$40K - $60K,Blue,36,4,1,2,9797.0,1434,8363.0,0.644,1503,34,0.478,0.146
714964758,Existing Customer,45,F,5,Graduate,Divorced,$40K - $60K,Blue,36,5,2,2,10400.0,1777,8623.0,0.791,1105,28,0.867,0.171
716264358,Existing Customer,53,M,3,Uneducated,Married,$80K - $120K,Blue,42,2,1,2,26792.0,1836,24956.0,1.432,2398,47,0.88,0.069
717296808,Existing Customer,67,F,1,Graduate,Married,Less than $40K,Blue,56,4,3,2,3006.0,2517,489.0,2.053,1661,32,1.0,0.837
712977183,Existing Customer,57,F,2,Uneducated,Single,$40K - $60K,Silver,36,6,3,0,19482.0,1072,18410.0,0.706,1421,22,1.444,0.055
710829108,Existing Customer,59,F,1,Uneducated,Married,$40K - $60K,Blue,36,4,2,3,3356.0,985,2371.0,0.35,999,28,0.556,0.294
779562633,Existing Customer,45,M,2,Uneducated,Married,$40K - $60K,Blue,34,3,2,1,5771.0,2248,3523.0,1.791,1387,18,0.8,0.39
715315833,Existing Customer,51,M,3,Graduate,Married,$80K - $120K,Blue,36,6,2,3,11106.0,2107,8999.0,0.948,1243,24,1.0,0.19
815500983,Existing Customer,59,F,1,Uneducated,Married,Less than $40K,Blue,54,5,3,0,2890.0,2001,889.0,1.334,1860,36,1.0,0.692
719360583,Existing Customer,53,M,1,Graduate,Married,$60K - $80K,Blue,45,6,2,2,3380.0,1701,1679.0,0.747,1502,25,1.273,0.503
709701558,Existing Customer,47,M,3,Graduate,Married,$60K - $80K,Blue,36,2,1,2,21331.0,1251,20080.0,0.949,1460,50,1.083,0.059
721148358,Existing Customer,49,F,3,Uneducated,Single,Unknown,Blue,38,6,2,1,12860.0,0,12860.0,0.646,1348,27,0.286,0.0
779862408,Existing Customer,49,M,3,Post-Graduate,Single,$80K - $120K,Blue,33,3,1,0,6278.0,462,5816.0,1.161,1087,33,0.941,0.074
812627208,Existing Customer,60,F,0,College,Single,Less than $40K,Blue,55,5,1,3,1438.3,738,700.3,0.782,1226,33,0.571,0.513
711033408,Existing Customer,50,F,2,High School,Married,Less than $40K,Blue,36,5,1,2,9355.0,1626,7729.0,0.701,1230,28,0.867,0.174
779956608,Existing Customer,41,F,2,Post-Graduate,Married,Unknown,Blue,31,6,1,3,20758.0,0,20758.0,0.688,1555,32,0.684,0.0
780376683,Existing Customer,57,M,1,Graduate,Married,$80K - $120K,Blue,47,5,3,1,14612.0,1976,12636.0,1.768,1827,24,3.0,0.135
717912483,Existing Customer,43,M,4,Graduate,Unknown,$80K - $120K,Blue,27,5,2,0,27259.0,0,27259.0,0.731,1376,35,0.591,0.0
714454758,Existing Customer,57,F,3,Graduate,Married,Less than $40K,Blue,47,4,2,3,6347.0,1594,4753.0,0.896,1771,37,0.762,0.251
780466533,Existing Customer,54,M,3,Doctorate,Married,$120K +,Blue,41,3,3,0,21592.0,1676,19916.0,1.097,1873,52,0.529,0.078
715735233,Existing Customer,51,F,5,Post-Graduate,Married,Less than $40K,Blue,44,5,1,1,3449.0,1598,1851.0,0.971,1679,42,0.556,0.463
720476733,Existing Customer,47,F,3,High School,Married,Less than $40K,Blue,34,2,1,2,6028.0,799,5229.0,0.819,1002,22,0.571,0.133
715872333,Existing Customer,41,M,0,High School,Unknown,$120K +,Blue,36,3,2,3,18214.0,1998,16216.0,0.829,1344,21,1.1,0.11
712375758,Existing Customer,53,M,3,Uneducated,Married,$80K - $120K,Blue,43,3,3,1,16393.0,1423,14970.0,1.642,1461,42,0.75,0.087
708868233,Attrited Customer,68,M,0,High School,Married,Less than $40K,Blue,52,1,3,2,1438.3,900,538.3,0.743,760,21,0.615,0.626
718030083,Existing Customer,59,M,1,College,Married,$60K - $80K,Blue,36,4,1,2,7871.0,1687,6184.0,1.242,1428,22,1.444,0.214
720707283,Existing Customer,48,M,4,Unknown,Married,$80K - $120K,Blue,36,5,3,0,5288.0,866,4422.0,0.869,1777,42,0.75,0.164
771698658,Existing Customer,44,M,5,Graduate,Married,$60K - $80K,Blue,32,4,5,3,11376.0,2006,9370.0,0.619,1302,27,0.8,0.176
748326258,Existing Customer,48,M,3,College,Married,$80K - $120K,Blue,41,4,5,3,12302.0,1632,10670.0,1.509,1483,41,0.519,0.133
770817783,Existing Customer,47,M,4,Graduate,Married,$60K - $80K,Silver,33,3,2,1,34516.0,1679,32837.0,0.623,1060,27,0.5,0.049
779353083,Existing Customer,47,M,2,Graduate,Married,$60K - $80K,Silver,32,4,2,2,34516.0,1468,33048.0,0.505,1330,32,0.684,0.043
711441333,Existing Customer,43,F,1,High School,Divorced,Less than $40K,Silver,35,3,2,2,10514.0,1580,8934.0,0.504,1229,27,0.8,0.15
719808558,Attrited Customer,55,F,2,Graduate,Married,Less than $40K,Blue,43,2,4,3,1438.3,0,1438.3,0.707,886,27,0.421,0.0
711551958,Attrited Customer,59,M,2,Post-Graduate,Married,$60K - $80K,Blue,46,3,3,3,1438.3,0,1438.3,0.688,844,24,0.5,0.0
809164083,Existing Customer,63,M,1,Graduate,Married,$40K - $60K,Blue,56,2,1,2,2619.0,1779,840.0,1.259,1450,37,0.947,0.679
820596183,Existing Customer,58,M,2,College,Married,$120K +,Blue,53,2,3,0,24407.0,2395,22012.0,1.071,2311,48,0.714,0.098
715999608,Existing Customer,53,F,2,High School,Married,Less than $40K,Blue,36,4,1,2,2377.0,1649,728.0,0.93,1378,26,1.167,0.694
710565408,Existing Customer,59,M,0,Unknown,Unknown,$80K - $120K,Silver,40,3,2,3,34516.0,1359,33157.0,1.327,1033,26,1.364,0.039
805543158,Existing Customer,52,M,3,Graduate,Married,$120K +,Blue,47,5,3,3,11086.0,2207,8879.0,0.869,1523,40,1.105,0.199
709752183,Existing Customer,48,M,3,High School,Single,$60K - $80K,Blue,36,4,2,2,11432.0,2517,8915.0,0.615,1374,37,0.762,0.22
716479233,Existing Customer,43,M,4,High School,Married,$40K - $60K,Blue,36,5,3,2,13258.0,1721,11537.0,0.908,1080,21,1.333,0.13
713837058,Existing Customer,48,M,2,College,Single,Less than $40K,Blue,36,3,2,3,2571.0,1955,616.0,0.531,1234,24,0.714,0.76
718876683,Existing Customer,43,F,4,Graduate,Single,Less than $40K,Blue,31,5,2,0,5781.0,1168,4613.0,0.638,1600,32,0.455,0.202
770746908,Existing Customer,44,M,4,Unknown,Married,$60K - $80K,Blue,30,5,1,2,7872.0,2509,5363.0,0.971,1155,32,0.882,0.319
794843883,Existing Customer,41,M,3,High School,Married,$80K - $120K,Blue,35,6,1,2,34516.0,1202,33314.0,0.603,1353,33,0.737,0.035
803043933,Existing Customer,44,F,3,Uneducated,Divorced,Less than $40K,Silver,38,4,1,3,11127.0,1835,9292.0,2.368,1546,25,1.273,0.165
758076408,Existing Customer,50,M,2,Unknown,Single,$40K - $60K,Blue,43,2,1,3,1857.0,1603,254.0,0.579,1590,43,1.263,0.863
714606558,Existing Customer,60,F,1,Uneducated,Married,Less than $40K,Blue,36,5,1,0,1913.0,1272,641.0,1.008,1448,22,1.0,0.665
778425408,Existing Customer,44,M,4,Graduate,Single,$80K - $120K,Blue,24,5,3,0,3839.0,2295,1544.0,0.569,1271,24,0.714,0.598
714171108,Existing Customer,48,F,3,Graduate,Divorced,$40K - $60K,Blue,39,6,2,3,2115.0,1141,974.0,0.616,1223,20,0.538,0.539
719662458,Existing Customer,44,F,2,Graduate,Divorced,Less than $40K,Blue,27,5,2,2,1438.3,679,759.3,0.859,1117,29,1.071,0.472
713137233,Existing Customer,41,M,2,High School,Single,$80K - $120K,Blue,28,4,3,0,27756.0,1789,25967.0,0.75,994,24,0.846,0.064
769425858,Existing Customer,45,M,3,College,Single,$60K - $80K,Blue,32,4,1,2,1438.3,0,1438.3,0.81,1468,26,0.625,0.0
711297483,Existing Customer,47,F,2,Uneducated,Divorced,Less than $40K,Silver,34,6,4,2,13878.0,2222,11656.0,0.853,1658,38,0.357,0.16
788900883,Existing Customer,51,F,2,Graduate,Married,Less than $40K,Blue,36,3,1,3,3106.0,1304,1802.0,0.604,1368,38,0.407,0.42
758348808,Existing Customer,51,M,2,Graduate,Married,$120K +,Blue,44,4,3,3,34516.0,1666,32850.0,0.613,1218,18,0.8,0.048
772336458,Attrited Customer,60,F,1,Uneducated,Married,$40K - $60K,Blue,50,4,4,3,1438.3,1025,413.3,0.838,702,12,0.714,0.713
708711483,Existing Customer,57,M,2,Unknown,Married,$80K - $120K,Blue,46,2,3,0,18871.0,1740,17131.0,1.727,1516,21,2.0,0.092
717906783,Existing Customer,41,M,5,Graduate,Single,$120K +,Blue,29,5,2,2,5207.0,1748,3459.0,1.073,1310,26,1.0,0.336
719437908,Existing Customer,44,M,3,Post-Graduate,Divorced,$80K - $120K,Blue,36,6,2,2,17965.0,1644,16321.0,0.921,1767,50,0.923,0.092
769433508,Existing Customer,43,M,1,College,Single,$60K - $80K,Blue,37,6,3,3,2733.0,1819,914.0,0.767,933,25,0.923,0.666
790096533,Existing Customer,55,M,2,College,Married,$60K - $80K,Blue,48,4,3,2,8863.0,1301,7562.0,1.207,1512,27,1.455,0.147
720997383,Attrited Customer,52,M,1,Uneducated,Married,$80K - $120K,Blue,36,2,3,3,1857.0,1833,24.0,0.723,829,17,0.7,0.987
787541883,Existing Customer,44,M,3,Graduate,Unknown,$80K - $120K,Blue,33,3,3,3,34516.0,0,34516.0,0.483,1120,27,0.35,0.0
709930758,Existing Customer,41,M,2,Uneducated,Married,$40K - $60K,Blue,30,5,3,3,11107.0,1222,9885.0,0.538,1506,33,0.941,0.11
789830058,Existing Customer,44,M,4,Unknown,Single,$80K - $120K,Blue,34,4,1,2,21573.0,1585,19988.0,0.621,1384,36,2.273,0.073
710299608,Attrited Customer,53,F,2,Unknown,Married,Less than $40K,Blue,33,2,3,3,2859.0,2517,342.0,0.993,817,30,0.667,0.88
710741208,Existing Customer,39,M,2,High School,Single,$80K - $120K,Blue,36,4,2,2,5269.0,1475,3794.0,1.148,2094,25,0.667,0.28
821797008,Attrited Customer,49,M,5,College,Married,$40K - $60K,Blue,45,2,2,3,1438.3,0,1438.3,0.734,815,21,0.615,0.0
708874533,Attrited Customer,45,F,2,College,Married,Less than $40K,Blue,36,1,3,2,3387.0,0,3387.0,0.789,510,24,0.6,0.0
715341858,Existing Customer,54,M,2,Graduate,Married,$80K - $120K,Blue,46,6,2,3,1982.0,1289,693.0,0.939,1377,49,0.69,0.65
793636308,Existing Customer,49,M,3,Uneducated,Single,$80K - $120K,Blue,43,2,2,2,4645.0,1650,2995.0,0.912,1193,33,0.65,0.355
713779908,Existing Customer,46,F,3,Doctorate,Single,Unknown,Blue,36,6,3,2,2189.0,1666,523.0,0.343,1287,36,0.636,0.761
712125258,Attrited Customer,46,M,4,High School,Married,$120K +,Blue,30,3,3,3,2442.0,0,2442.0,0.98,701,19,0.727,0.0
709703433,Existing Customer,47,M,3,Graduate,Married,$60K - $80K,Blue,38,4,1,2,21304.0,1532,19772.0,1.018,1770,25,0.923,0.072
721022433,Existing Customer,44,M,2,Doctorate,Single,$60K - $80K,Blue,36,5,1,2,7577.0,2480,5097.0,0.435,1409,35,0.167,0.327
710103558,Existing Customer,50,M,3,Post-Graduate,Single,$120K +,Blue,31,4,1,2,3234.0,1486,1748.0,0.868,1354,28,0.647,0.459
715952883,Existing Customer,73,M,0,High School,Married,$40K - $60K,Blue,36,5,3,2,4469.0,1125,3344.0,1.363,1765,34,1.615,0.252
719731458,Existing Customer,56,M,3,Unknown,Unknown,$40K - $60K,Blue,46,6,3,4,2910.0,709,2201.0,0.538,1192,27,0.588,0.244
772390908,Attrited Customer,59,M,0,High School,Single,$40K - $60K,Blue,48,2,4,3,3616.0,1054,2562.0,0.616,687,17,0.545,0.291
787348608,Existing Customer,70,M,0,High School,Married,Less than $40K,Blue,56,3,2,3,3252.0,1495,1757.0,0.581,1227,15,0.875,0.46
709485033,Existing Customer,55,F,2,High School,Married,Less than $40K,Blue,36,4,3,3,2358.0,1152,1206.0,0.969,1737,26,1.6,0.489
715432608,Existing Customer,43,M,4,Unknown,Single,$60K - $80K,Blue,36,4,1,0,22322.0,953,21369.0,0.769,1348,34,1.125,0.043
799471833,Existing Customer,45,M,1,Uneducated,Single,$120K +,Blue,39,4,2,2,3133.0,1510,1623.0,0.609,1435,38,0.462,0.482
714187533,Existing Customer,45,F,2,Uneducated,Single,$40K - $60K,Blue,35,2,3,0,3540.0,849,2691.0,0.456,1321,28,0.75,0.24
779656908,Existing Customer,40,M,1,Graduate,Married,$40K - $60K,Blue,23,6,3,2,6990.0,1378,5612.0,0.73,1479,29,0.611,0.197
788950158,Existing Customer,36,M,2,College,Unknown,$80K - $120K,Blue,22,2,2,3,34516.0,1652,32864.0,0.854,1283,39,1.294,0.048
778867533,Attrited Customer,59,F,0,Post-Graduate,Married,$40K - $60K,Blue,40,1,4,1,1438.3,0,1438.3,1.038,689,23,0.353,0.0
710620383,Existing Customer,43,M,4,Unknown,Married,$60K - $80K,Blue,35,6,3,2,24396.0,1171,23225.0,0.655,965,17,1.125,0.048
778661358,Existing Customer,46,F,1,Unknown,Married,Less than $40K,Blue,36,2,3,2,2474.0,2143,331.0,1.53,1541,40,1.0,0.866
789483333,Existing Customer,41,M,2,Uneducated,Married,$40K - $60K,Blue,32,5,1,3,5214.0,795,4419.0,0.707,1258,23,1.3,0.152
809855808,Existing Customer,51,F,2,Graduate,Married,Less than $40K,Blue,46,5,2,2,5207.0,1650,3557.0,0.708,1339,20,0.538,0.317
718464258,Existing Customer,51,F,3,Unknown,Unknown,Less than $40K,Blue,25,2,2,2,9512.0,1082,8430.0,0.701,1007,22,1.444,0.114
708528483,Existing Customer,43,F,4,Graduate,Divorced,Unknown,Blue,23,6,3,2,3187.0,2430,757.0,0.617,1387,33,1.357,0.762
771809733,Attrited Customer,64,F,0,High School,Married,$40K - $60K,Blue,53,1,3,3,3353.0,0,3353.0,1.021,960,18,0.385,0.0
719942883,Existing Customer,54,M,5,Graduate,Married,$60K - $80K,Blue,38,3,3,3,2290.0,1434,856.0,0.923,1119,18,3.5,0.626
807226683,Existing Customer,48,M,3,Unknown,Single,$40K - $60K,Blue,43,6,1,3,5279.0,1115,4164.0,0.549,1642,41,0.519,0.211
717806133,Existing Customer,40,M,2,Uneducated,Divorced,$60K - $80K,Blue,29,5,3,0,23603.0,0,23603.0,0.795,1382,31,1.067,0.0
720615708,Existing Customer,57,M,0,Uneducated,Married,$40K - $60K,Blue,45,6,2,2,2601.0,0,2601.0,0.814,1232,32,0.684,0.0
714511758,Existing Customer,45,M,4,Graduate,Single,$80K - $120K,Blue,40,4,3,0,6363.0,1029,5334.0,0.838,1542,16,1.286,0.162
715050408,Existing Customer,41,M,3,High School,Single,$80K - $120K,Blue,36,4,3,3,8029.0,1576,6453.0,0.826,1094,32,0.524,0.196
721132233,Existing Customer,42,F,4,Uneducated,Married,Less than $40K,Blue,31,2,2,2,2410.0,1769,641.0,0.759,1217,30,1.143,0.734
719211558,Attrited Customer,45,M,2,Graduate,Single,$60K - $80K,Blue,36,1,1,2,3401.0,0,3401.0,0.898,744,18,1.0,0.0
712069008,Existing Customer,42,F,4,Uneducated,Married,Less than $40K,Blue,23,4,2,0,2260.0,1007,1253.0,0.84,1614,33,0.737,0.446
715996983,Existing Customer,47,M,4,Uneducated,Divorced,$80K - $120K,Blue,30,5,2,2,17682.0,2481,15201.0,1.302,1747,31,1.214,0.14
773466258,Existing Customer,48,F,4,High School,Married,$40K - $60K,Blue,42,3,1,3,4206.0,1100,3106.0,0.587,1144,22,1.0,0.262
798983508,Existing Customer,43,M,1,Graduate,Single,$80K - $120K,Silver,37,4,3,2,34516.0,1440,33076.0,1.117,1575,34,2.4,0.042
719117433,Existing Customer,41,M,4,High School,Unknown,$80K - $120K,Blue,36,4,3,0,23018.0,2168,20850.0,0.859,1463,24,1.667,0.094
716451183,Existing Customer,54,F,1,Uneducated,Married,$40K - $60K,Blue,44,5,2,3,5556.0,1711,3845.0,1.434,1706,21,1.625,0.308
718621608,Attrited Customer,54,F,2,High School,Married,Unknown,Blue,44,3,3,1,6094.0,0,6094.0,1.129,909,14,0.273,0.0
715085733,Existing Customer,61,M,0,Graduate,Married,$40K - $60K,Blue,52,3,1,2,2939.0,1999,940.0,2.145,2434,33,1.538,0.68
788977833,Existing Customer,61,M,0,Uneducated,Married,$80K - $120K,Blue,48,2,1,0,5362.0,1274,4088.0,1.015,1876,41,0.783,0.238
720272958,Attrited Customer,48,M,2,High School,Married,$120K +,Blue,36,3,3,3,27126.0,0,27126.0,0.953,1000,25,0.786,0.0
708421833,Existing Customer,45,F,4,Graduate,Single,Less than $40K,Blue,36,6,3,2,3342.0,2517,825.0,0.771,1139,30,0.765,0.753
709173108,Attrited Customer,54,F,4,Graduate,Married,Unknown,Blue,40,6,2,2,2532.0,2221,311.0,0.491,799,21,0.235,0.877
709879458,Existing Customer,54,F,3,Doctorate,Married,Unknown,Blue,46,2,2,3,1900.0,1376,524.0,0.89,1881,45,0.607,0.724
715120608,Existing Customer,44,M,3,Graduate,Single,$60K - $80K,Blue,37,2,3,2,14546.0,1703,12843.0,0.955,1273,27,0.588,0.117
770632758,Existing Customer,50,F,4,Doctorate,Single,Unknown,Blue,36,2,3,2,2521.0,1608,913.0,0.587,1328,33,0.571,0.638
779078733,Existing Customer,55,M,2,Doctorate,Married,$60K - $80K,Blue,36,3,4,3,16427.0,1682,14745.0,0.631,1579,36,1.118,0.102
771742533,Existing Customer,48,M,2,Graduate,Unknown,$40K - $60K,Blue,36,5,1,2,13068.0,1718,11350.0,0.607,937,28,0.556,0.131
720250158,Existing Customer,45,M,2,College,Single,$60K - $80K,Blue,33,6,3,0,23218.0,1814,21404.0,1.178,1749,37,2.083,0.078
716458983,Existing Customer,60,M,0,High School,Married,$40K - $60K,Blue,36,5,1,3,3281.0,837,2444.0,1.859,1424,29,1.417,0.255
713747733,Existing Customer,55,M,2,High School,Married,$40K - $60K,Blue,47,5,3,2,3096.0,2217,879.0,0.799,2011,41,0.783,0.716
712270158,Existing Customer,62,F,0,High School,Married,$40K - $60K,Blue,52,5,2,3,2052.0,1250,802.0,0.728,1208,31,0.632,0.609
789562383,Existing Customer,38,F,1,High School,Unknown,Less than $40K,Blue,30,2,3,0,1438.3,583,855.3,0.888,1259,24,1.0,0.405
754897008,Existing Customer,46,M,3,High School,Single,$40K - $60K,Blue,39,2,3,2,9432.0,1418,8014.0,0.612,1319,26,0.368,0.15
819700533,Existing Customer,50,M,0,High School,Single,$120K +,Silver,45,5,2,3,14938.0,2303,12635.0,0.804,949,27,2.0,0.154
712890408,Existing Customer,45,M,2,Uneducated,Married,$60K - $80K,Blue,36,5,3,2,2221.0,1343,878.0,0.869,1338,30,1.308,0.605
720248208,Existing Customer,47,M,3,Post-Graduate,Divorced,$60K - $80K,Blue,37,6,3,0,5731.0,1577,4154.0,0.657,1554,26,0.444,0.275
779749908,Existing Customer,48,M,4,College,Married,$60K - $80K,Gold,33,2,2,3,34516.0,2061,32455.0,0.722,1350,32,0.455,0.06
717401883,Existing Customer,35,M,3,Uneducated,Married,$60K - $80K,Blue,22,5,2,2,6985.0,1130,5855.0,0.963,1694,44,0.76,0.162
721509558,Existing Customer,51,M,2,Graduate,Married,$120K +,Blue,42,3,3,0,24221.0,1707,22514.0,0.816,1678,40,0.538,0.07
710572458,Existing Customer,36,F,3,High School,Married,Unknown,Blue,24,4,1,1,15439.0,0,15439.0,0.742,2069,43,0.536,0.0
714576183,Existing Customer,47,M,4,Graduate,Single,$80K - $120K,Blue,36,6,3,2,21637.0,2030,19607.0,0.776,1222,23,0.438,0.094
721425558,Existing Customer,52,M,2,Graduate,Single,$120K +,Blue,37,2,3,2,14543.0,0,14543.0,0.788,1536,37,0.423,0.0
711109908,Existing Customer,43,F,4,Uneducated,Married,Less than $40K,Blue,36,2,1,1,9684.0,2475,7209.0,0.697,1400,31,2.1,0.256
715203108,Existing Customer,63,M,2,High School,Married,$40K - $60K,Blue,36,2,2,2,5007.0,930,4077.0,0.885,1050,28,1.154,0.186
710027508,Existing Customer,61,M,0,Graduate,Married,$60K - $80K,Blue,54,3,2,0,1616.0,1047,569.0,0.984,1389,33,1.2,0.648
787464408,Existing Customer,53,M,2,Uneducated,Single,$60K - $80K,Blue,40,5,2,2,19116.0,0,19116.0,0.656,1184,29,0.611,0.0
783542133,Existing Customer,53,F,3,Graduate,Married,Less than $40K,Blue,47,5,6,2,2759.0,2223,536.0,1.32,2093,42,1.0,0.806
708330858,Attrited Customer,57,M,3,Graduate,Married,$120K +,Blue,38,2,3,3,8249.0,1381,6868.0,0.798,678,11,0.833,0.167
714426783,Existing Customer,38,F,2,Graduate,Single,Unknown,Blue,31,2,3,2,14041.0,2154,11887.0,1.084,1467,29,1.417,0.153
712701333,Existing Customer,53,M,3,High School,Married,$60K - $80K,Blue,43,5,3,2,5264.0,2169,3095.0,0.374,1219,27,0.5,0.412
709494483,Existing Customer,63,F,0,Unknown,Married,Less than $40K,Blue,54,4,2,1,2420.0,1912,508.0,1.256,1730,36,0.565,0.79
773373108,Existing Customer,49,F,4,High School,Married,Less than $40K,Blue,43,4,2,0,2826.0,2070,756.0,0.541,1025,28,0.647,0.732
715812258,Existing Customer,45,M,2,High School,Married,$80K - $120K,Blue,34,5,5,2,12518.0,1539,10979.0,0.645,1165,33,0.833,0.123
778286433,Existing Customer,67,M,0,Graduate,Married,$40K - $60K,Blue,56,4,2,1,5876.0,1297,4579.0,1.012,2133,55,0.719,0.221
789270033,Existing Customer,48,M,3,Graduate,Single,$80K - $120K,Silver,37,3,2,3,34516.0,0,34516.0,0.448,1122,13,0.182,0.0
711569433,Existing Customer,51,F,2,Uneducated,Divorced,Less than $40K,Blue,38,4,1,2,9648.0,1926,7722.0,0.549,1083,22,1.75,0.2
720214833,Existing Customer,52,M,2,High School,Single,$80K - $120K,Silver,40,3,3,3,34516.0,2177,32339.0,1.32,1234,23,1.875,0.063
709346133,Existing Customer,55,F,2,Uneducated,Married,Unknown,Blue,35,3,3,0,3025.0,2376,649.0,1.252,1277,23,1.875,0.785
788194458,Existing Customer,34,M,3,High School,Married,$60K - $80K,Blue,26,4,3,3,3265.0,2517,748.0,0.952,1843,35,0.944,0.771
720779733,Existing Customer,56,M,1,Uneducated,Married,$120K +,Blue,36,3,2,2,6041.0,1355,4686.0,0.685,1747,49,0.581,0.224
717424458,Existing Customer,44,F,2,Post-Graduate,Married,Less than $40K,Blue,36,3,3,2,2293.0,1823,470.0,0.617,1166,22,1.444,0.795
708820308,Existing Customer,47,M,3,Post-Graduate,Unknown,$80K - $120K,Blue,36,6,2,2,13399.0,2505,10894.0,0.627,1326,31,0.824,0.187
710558058,Existing Customer,46,F,3,Unknown,Married,Less than $40K,Blue,38,4,3,3,4317.0,2517,1800.0,0.944,1619,36,1.0,0.583
770590758,Existing Customer,43,F,3,Graduate,Single,$40K - $60K,Blue,29,5,2,0,3378.0,1069,2309.0,0.581,1285,16,0.333,0.316
718490658,Existing Customer,50,F,1,Graduate,Single,Less than $40K,Blue,36,4,1,3,5012.0,2242,2770.0,0.816,1142,28,1.0,0.447
711985833,Existing Customer,38,F,4,Uneducated,Single,Less than $40K,Blue,30,4,1,0,2569.0,1605,964.0,0.574,1190,46,0.643,0.625
708967608,Existing Customer,53,F,1,Graduate,Single,Less than $40K,Blue,45,3,1,2,3471.0,1785,1686.0,1.051,1052,24,0.714,0.514
718505958,Existing Customer,43,M,5,Graduate,Divorced,$120K +,Silver,31,5,3,3,34516.0,1699,32817.0,0.771,1628,38,0.727,0.049
715024233,Existing Customer,53,M,1,High School,Married,$120K +,Blue,36,6,3,2,3312.0,1844,1468.0,0.986,1740,32,0.882,0.557
779249583,Existing Customer,56,F,1,Graduate,Married,Less than $40K,Blue,38,4,3,3,2578.0,2462,116.0,1.707,1378,29,0.812,0.955
709278258,Attrited Customer,54,M,2,Unknown,Married,$40K - $60K,Blue,44,4,3,2,2902.0,2517,385.0,0.821,996,26,0.444,0.867
778928283,Existing Customer,57,F,3,High School,Married,Less than $40K,Blue,39,3,2,1,2742.0,2321,421.0,1.315,1389,32,0.6,0.846
712299858,Existing Customer,62,M,1,High School,Married,Less than $40K,Blue,53,5,3,3,2077.0,1571,506.0,1.031,1365,38,1.0,0.756
799224108,Existing Customer,46,F,4,Graduate,Single,Less than $40K,Blue,40,5,1,2,6265.0,1942,4323.0,1.027,1715,43,0.87,0.31
809976033,Existing Customer,49,M,2,Uneducated,Married,$60K - $80K,Blue,44,6,3,0,7819.0,1560,6259.0,0.827,1582,25,0.786,0.2
716203308,Existing Customer,52,M,3,Graduate,Single,$80K - $120K,Blue,42,6,3,3,2731.0,1692,1039.0,0.62,1220,22,0.692,0.62
714871683,Attrited Customer,58,M,1,Uneducated,Married,$40K - $60K,Blue,36,2,4,3,1438.3,537,901.3,0.819,715,13,0.182,0.373
716139933,Existing Customer,54,M,0,High School,Married,$80K - $120K,Blue,36,3,1,2,16286.0,1710,14576.0,1.223,2552,49,1.227,0.105
716984658,Existing Customer,49,M,1,Graduate,Married,$120K +,Blue,39,3,2,3,34516.0,0,34516.0,0.507,1106,31,0.938,0.0
713086008,Existing Customer,58,F,3,High School,Married,Less than $40K,Blue,47,6,1,0,2609.0,2439,170.0,1.269,1731,34,1.833,0.935
713773458,Existing Customer,52,M,2,High School,Single,$60K - $80K,Blue,45,5,3,2,7567.0,1173,6394.0,0.541,1435,32,0.6,0.155
719242533,Existing Customer,41,M,5,High School,Married,$60K - $80K,Blue,33,5,3,3,22770.0,2517,20253.0,0.994,1882,38,0.652,0.111
772712658,Existing Customer,62,F,0,Uneducated,Married,Less than $40K,Blue,50,5,1,2,3791.0,1648,2143.0,1.227,2058,34,0.789,0.435
788868858,Existing Customer,54,M,2,Graduate,Married,Less than $40K,Blue,39,4,4,2,2702.0,2517,185.0,1.019,1658,32,1.462,0.932
811898133,Existing Customer,40,F,3,High School,Divorced,Less than $40K,Blue,35,3,1,3,2555.0,2117,438.0,1.049,1334,32,0.6,0.829
788808633,Existing Customer,43,M,3,Graduate,Married,$80K - $120K,Blue,26,5,3,2,2355.0,1090,1265.0,0.751,1441,29,0.812,0.463
779804208,Existing Customer,53,F,2,Graduate,Single,$40K - $60K,Blue,42,6,2,0,5332.0,0,5332.0,0.939,1371,39,1.167,0.0
781391058,Existing Customer,55,M,1,Uneducated,Single,$40K - $60K,Blue,49,6,3,2,1443.0,1375,68.0,0.683,1991,38,0.583,0.953
790134408,Existing Customer,46,M,4,Graduate,Single,$60K - $80K,Blue,39,6,2,3,10741.0,755,9986.0,1.166,1278,22,1.444,0.07
788853258,Existing Customer,41,M,1,Uneducated,Married,$60K - $80K,Blue,25,3,2,0,7984.0,1503,6481.0,0.797,1734,39,1.167,0.188
711857733,Existing Customer,49,M,3,Uneducated,Single,$60K - $80K,Blue,32,3,2,2,18584.0,2517,16067.0,0.703,1330,34,1.125,0.135
822969858,Existing Customer,61,F,0,Graduate,Married,Unknown,Blue,56,4,1,3,5585.0,1465,4120.0,1.503,1787,31,0.722,0.262
719554758,Existing Customer,46,M,2,Uneducated,Married,$80K - $120K,Blue,38,6,3,2,34516.0,2165,32351.0,0.837,1672,32,0.524,0.063
711643458,Existing Customer,50,F,1,Uneducated,Married,Less than $40K,Blue,43,6,3,4,1438.3,0,1438.3,1.068,1439,41,1.05,0.0
788830683,Existing Customer,40,M,2,Graduate,Single,$80K - $120K,Blue,24,5,1,0,2478.0,2031,447.0,1.284,1558,31,0.938,0.82
807030858,Existing Customer,51,M,4,High School,Single,$120K +,Blue,46,6,3,3,34516.0,2274,32242.0,0.788,1795,47,0.679,0.066
793059108,Existing Customer,50,F,2,Graduate,Married,$40K - $60K,Blue,44,6,2,3,2339.0,1440,899.0,0.431,893,22,0.375,0.616
716568708,Existing Customer,47,F,2,Graduate,Married,Less than $40K,Blue,36,6,3,2,2726.0,0,2726.0,0.844,1099,27,0.588,0.0
828281733,Existing Customer,43,M,4,Unknown,Married,$120K +,Blue,39,3,3,3,14881.0,848,14033.0,0.762,1408,23,1.091,0.057
717229158,Existing Customer,36,F,4,Graduate,Married,$40K - $60K,Blue,36,6,3,3,1628.0,969,659.0,0.999,1893,15,2.75,0.595
715915458,Existing Customer,47,F,2,Graduate,Married,Less than $40K,Blue,34,5,2,2,3156.0,1644,1512.0,1.052,1151,31,1.385,0.521
819129858,Existing Customer,46,F,2,Graduate,Single,Less than $40K,Blue,41,5,3,0,4745.0,1270,3475.0,0.93,1519,31,0.938,0.268
713441958,Existing Customer,46,M,2,High School,Married,$120K +,Blue,36,5,3,2,19727.0,1785,17942.0,0.572,1245,25,0.786,0.09
719091333,Existing Customer,52,M,0,Uneducated,Married,$60K - $80K,Blue,36,3,3,2,22720.0,793,21927.0,0.685,1102,27,0.286,0.035
708666258,Existing Customer,43,M,4,Unknown,Married,$40K - $60K,Blue,36,5,3,0,8129.0,1799,6330.0,0.566,1402,33,0.737,0.221
714914583,Existing Customer,40,F,4,Graduate,Single,Less than $40K,Blue,27,6,2,3,3751.0,1521,2230.0,0.974,1060,30,1.308,0.405
714363858,Existing Customer,54,F,4,High School,Married,Less than $40K,Blue,36,3,5,3,1594.0,1411,183.0,0.817,1459,35,1.188,0.885
721347408,Existing Customer,55,F,1,High School,Single,Less than $40K,Blue,43,4,2,0,2569.0,1403,1166.0,0.886,1456,39,0.444,0.546
809608533,Existing Customer,49,F,4,Post-Graduate,Single,Unknown,Blue,44,6,3,2,18206.0,1586,16620.0,0.921,1439,48,1.0,0.087
772047183,Existing Customer,45,M,4,High School,Married,$40K - $60K,Blue,34,6,3,3,3104.0,1766,1338.0,0.828,1353,24,1.182,0.569
714217908,Existing Customer,49,M,3,Graduate,Married,$40K - $60K,Blue,41,5,3,2,2406.0,1560,846.0,0.751,1173,32,0.391,0.648
714819183,Existing Customer,63,M,1,Uneducated,Married,$80K - $120K,Blue,36,5,2,3,24571.0,1955,22616.0,1.174,1746,28,1.0,0.08
716455683,Existing Customer,40,F,3,High School,Single,Less than $40K,Gold,36,3,2,3,15534.0,726,14808.0,0.556,1279,28,0.867,0.047
710865633,Existing Customer,41,F,2,Graduate,Married,Less than $40K,Silver,33,4,2,0,12301.0,2250,10051.0,0.484,1307,29,0.261,0.183
752952108,Existing Customer,37,M,4,Graduate,Married,$80K - $120K,Blue,26,6,2,3,2846.0,1818,1028.0,0.711,1473,37,1.176,0.639
712595433,Existing Customer,58,M,2,Uneducated,Unknown,$120K +,Blue,49,6,2,3,9788.0,1794,7994.0,0.778,1805,37,0.762,0.183
714982383,Existing Customer,55,M,2,High School,Married,$60K - $80K,Blue,36,4,3,3,7231.0,2381,4850.0,0.996,1421,23,1.3,0.329
813814008,Existing Customer,53,F,1,High School,Married,Less than $40K,Blue,48,6,3,2,2324.0,1576,748.0,0.728,1272,37,1.312,0.678
794545983,Existing Customer,57,M,2,Graduate,Married,$80K - $120K,Blue,40,3,2,3,12208.0,1980,10228.0,0.616,1409,34,0.619,0.162
708288108,Attrited Customer,43,M,4,Post-Graduate,Unknown,$80K - $120K,Blue,30,2,5,3,5639.0,1547,4092.0,1.087,647,15,0.364,0.274
715585158,Existing Customer,58,M,1,Graduate,Married,$60K - $80K,Blue,46,3,3,2,10021.0,1617,8404.0,0.578,1275,25,0.667,0.161
810449883,Existing Customer,64,M,0,Unknown,Married,Less than $40K,Blue,56,6,1,0,2215.0,1915,300.0,0.794,1270,27,0.588,0.865
789863208,Existing Customer,54,F,2,Graduate,Married,Less than $40K,Blue,44,3,2,3,2027.0,1480,547.0,0.979,1702,37,0.947,0.73
715022133,Existing Customer,53,M,2,Graduate,Married,$60K - $80K,Blue,47,6,2,2,6363.0,1162,5201.0,0.644,1256,26,1.0,0.183
712506708,Existing Customer,39,F,3,College,Single,Less than $40K,Blue,25,6,1,2,3920.0,2008,1912.0,0.944,3178,53,0.656,0.512
715699983,Existing Customer,56,M,3,High School,Married,$60K - $80K,Blue,36,5,1,3,9226.0,1233,7993.0,1.521,1626,29,1.636,0.134
818942433,Existing Customer,54,F,4,Unknown,Divorced,Less than $40K,Blue,49,6,1,1,9376.0,1288,8088.0,0.597,1562,33,0.5,0.137
712459233,Existing Customer,59,F,1,Post-Graduate,Married,$40K - $60K,Blue,46,5,3,3,1944.0,1346,598.0,1.052,1960,57,0.727,0.692
716545383,Existing Customer,42,M,3,Uneducated,Single,$40K - $60K,Blue,36,3,1,0,9599.0,1554,8045.0,1.087,1154,38,1.235,0.162
721144383,Existing Customer,42,M,4,Graduate,Married,$60K - $80K,Silver,28,5,1,2,28202.0,843,27359.0,0.637,1629,38,0.727,0.03
821837958,Existing Customer,43,M,3,College,Unknown,$80K - $120K,Blue,39,3,3,1,24850.0,1662,23188.0,0.693,1226,25,0.923,0.067
804359133,Existing Customer,55,M,0,High School,Married,$120K +,Blue,49,5,3,3,3805.0,2233,1572.0,1.095,1743,27,0.929,0.587
713308683,Existing Customer,52,M,1,Uneducated,Single,$80K - $120K,Blue,37,5,2,2,2733.0,1306,1427.0,0.791,1139,39,0.444,0.478
788780958,Existing Customer,46,M,1,Uneducated,Unknown,$40K - $60K,Blue,27,6,3,3,12781.0,1253,11528.0,0.638,1073,21,0.4,0.098
717354558,Attrited Customer,57,M,2,Uneducated,Married,$120K +,Blue,40,3,3,3,3106.0,1120,1986.0,1.045,683,17,0.7,0.361
798473808,Existing Customer,48,M,3,College,Married,$80K - $120K,Blue,42,3,3,0,7477.0,0,7477.0,0.511,1159,32,0.684,0.0
712372158,Existing Customer,45,M,4,Unknown,Married,$120K +,Blue,33,6,1,3,34516.0,2086,32430.0,0.986,1859,47,0.958,0.06
715192308,Existing Customer,48,M,2,High School,Married,$120K +,Blue,36,6,5,2,29963.0,2094,27869.0,0.648,1205,28,0.867,0.07
708813033,Existing Customer,47,M,1,Graduate,Single,$40K - $60K,Blue,36,5,3,0,6509.0,2033,4476.0,0.83,1409,37,0.37,0.312
714639783,Attrited Customer,42,M,3,College,Married,$60K - $80K,Blue,34,3,3,3,13450.0,0,13450.0,0.742,1000,18,0.059,0.0
709311633,Existing Customer,41,M,2,Graduate,Unknown,$60K - $80K,Silver,36,6,2,0,27000.0,0,27000.0,0.61,1209,39,0.3,0.0
709470858,Existing Customer,51,M,4,College,Married,$120K +,Silver,31,5,2,1,34516.0,1254,33262.0,0.869,1366,25,0.786,0.036
717292758,Existing Customer,55,F,2,Graduate,Single,Less than $40K,Blue,47,5,3,2,6347.0,0,6347.0,0.466,1161,44,0.375,0.0
779241783,Existing Customer,67,M,1,Uneducated,Married,$40K - $60K,Blue,49,4,3,2,3106.0,1675,1431.0,0.781,1512,38,0.407,0.539
715205358,Existing Customer,39,M,1,Graduate,Married,$60K - $80K,Blue,31,4,1,1,2536.0,913,1623.0,1.059,1750,35,1.333,0.36
778871508,Existing Customer,54,M,3,Post-Graduate,Single,$60K - $80K,Blue,35,6,3,0,13048.0,1954,11094.0,1.139,1170,24,0.846,0.15
779462433,Existing Customer,55,F,2,Unknown,Married,Less than $40K,Blue,37,3,3,1,2453.0,968,1485.0,1.081,2218,50,0.613,0.395
710147958,Existing Customer,47,M,3,High School,Married,$40K - $60K,Silver,36,3,2,2,16138.0,1249,14889.0,1.01,1198,33,0.833,0.077
709864833,Existing Customer,49,M,2,Post-Graduate,Married,$60K - $80K,Blue,38,3,2,0,8077.0,1965,6112.0,0.637,1329,26,0.444,0.243
778868958,Attrited Customer,42,F,2,Graduate,Married,Less than $40K,Blue,23,3,3,3,1929.0,1673,256.0,0.835,857,36,1.118,0.867
717276708,Existing Customer,57,M,2,Unknown,Single,$80K - $120K,Blue,36,3,3,2,3127.0,2517,610.0,0.589,1470,30,1.143,0.805
710004933,Existing Customer,44,M,5,Uneducated,Married,$60K - $80K,Blue,36,3,3,2,8645.0,1454,7191.0,0.708,1435,25,1.778,0.168
753606108,Existing Customer,56,M,3,Unknown,Single,$60K - $80K,Blue,49,3,1,3,1438.3,0,1438.3,0.503,1093,22,0.833,0.0
710940183,Attrited Customer,49,F,3,Graduate,Married,Less than $40K,Blue,38,6,3,2,2185.0,0,2185.0,0.727,715,20,0.818,0.0
718927533,Existing Customer,45,M,3,Graduate,Single,$80K - $120K,Blue,32,5,2,2,24487.0,2517,21970.0,0.912,1512,42,0.909,0.103
719337408,Existing Customer,63,M,0,High School,Married,$60K - $80K,Blue,36,6,2,3,2567.0,0,2567.0,1.636,2399,43,0.955,0.0
772308408,Existing Customer,44,M,3,Graduate,Single,$80K - $120K,Blue,33,6,3,3,4131.0,785,3346.0,0.543,906,22,1.2,0.19
712981383,Existing Customer,44,F,4,College,Married,Less than $40K,Silver,37,3,2,2,10790.0,1930,8860.0,0.75,1052,16,1.286,0.179
790099758,Existing Customer,40,M,3,High School,Married,$40K - $60K,Blue,33,4,3,3,6884.0,1001,5883.0,0.786,975,11,0.833,0.145
709547658,Attrited Customer,39,M,2,Uneducated,Single,$60K - $80K,Blue,36,5,3,3,13961.0,1299,12662.0,0.842,783,20,0.667,0.093
778770783,Existing Customer,42,M,4,High School,Married,$80K - $120K,Blue,30,6,1,0,29801.0,1916,27885.0,0.781,990,21,0.909,0.064
713134458,Existing Customer,54,M,3,High School,Married,$120K +,Blue,43,4,1,1,13219.0,0,13219.0,0.576,1097,24,0.5,0.0
712159083,Attrited Customer,58,F,4,Unknown,Married,Less than $40K,Blue,46,2,3,3,2536.0,0,2536.0,0.917,901,35,0.522,0.0
713639958,Existing Customer,46,F,4,Graduate,Divorced,Less than $40K,Blue,36,5,3,1,9478.0,820,8658.0,0.64,1327,41,0.864,0.087
771180033,Existing Customer,47,F,4,Unknown,Divorced,$40K - $60K,Blue,34,6,1,2,3502.0,1851,1651.0,2.023,1814,31,0.722,0.529
717916758,Existing Customer,67,F,0,Unknown,Married,Unknown,Blue,56,4,3,3,10509.0,2388,8121.0,0.777,1365,34,1.429,0.227
711089733,Existing Customer,50,F,2,College,Divorced,Less than $40K,Blue,36,3,3,0,1491.0,0,1491.0,0.876,1058,34,0.889,0.0
716988633,Existing Customer,55,M,0,High School,Divorced,$60K - $80K,Blue,46,6,1,2,9734.0,0,9734.0,0.785,1476,38,0.9,0.0
779031033,Existing Customer,46,F,2,Graduate,Married,$40K - $60K,Blue,22,6,1,3,2305.0,1627,678.0,0.747,1230,36,0.565,0.706
716302383,Existing Customer,47,F,4,Uneducated,Married,$40K - $60K,Blue,36,3,1,3,14241.0,2081,12160.0,0.909,1581,44,0.833,0.146
718281408,Existing Customer,36,F,2,Unknown,Married,$40K - $60K,Blue,25,3,1,2,4789.0,1257,3532.0,1.134,1534,29,0.933,0.262
721333233,Existing Customer,40,M,4,Doctorate,Divorced,$60K - $80K,Blue,34,4,2,3,23138.0,1727,21411.0,0.693,1612,39,1.438,0.075
794496033,Existing Customer,57,M,2,Unknown,Single,$80K - $120K,Blue,38,6,1,3,23008.0,2280,20728.0,0.674,1302,36,0.636,0.099
710519433,Existing Customer,48,M,1,Unknown,Divorced,$80K - $120K,Blue,36,3,1,0,3131.0,2517,614.0,0.602,1439,40,0.481,0.804
814995933,Existing Customer,58,F,3,Graduate,Married,Less than $40K,Blue,53,5,3,2,5798.0,1794,4004.0,0.564,1724,45,0.452,0.309
721469433,Existing Customer,48,M,3,Graduate,Single,$40K - $60K,Blue,36,5,2,3,6880.0,1390,5490.0,1.205,1784,35,0.944,0.202
788386908,Existing Customer,48,M,3,Graduate,Unknown,$80K - $120K,Platinum,41,3,2,2,34516.0,1531,32985.0,0.862,1156,29,1.071,0.044
717198633,Existing Customer,53,F,2,College,Married,$40K - $60K,Blue,34,6,2,1,2075.0,1469,606.0,1.322,2556,49,1.13,0.708
767695083,Existing Customer,50,M,2,Graduate,Married,$80K - $120K,Blue,44,3,3,0,4589.0,0,4589.0,0.845,1590,37,0.37,0.0
711791583,Attrited Customer,52,F,1,Graduate,Single,Less than $40K,Blue,40,1,2,2,2317.0,0,2317.0,1.005,884,19,0.727,0.0
712315683,Attrited Customer,53,F,2,Uneducated,Single,Less than $40K,Blue,45,1,1,1,1981.0,1518,463.0,1.019,973,25,0.923,0.766
710038008,Existing Customer,56,F,1,Graduate,Single,$40K - $60K,Blue,47,3,2,1,6038.0,0,6038.0,0.741,1447,30,0.875,0.0
789129033,Existing Customer,44,M,5,Unknown,Single,$80K - $120K,Blue,32,5,3,2,14910.0,877,14033.0,0.772,1150,26,0.625,0.059
718349058,Existing Customer,49,M,3,High School,Married,$80K - $120K,Blue,39,3,3,2,29659.0,1143,28516.0,0.512,1193,21,0.615,0.039
789842283,Attrited Customer,54,M,2,Graduate,Married,$60K - $80K,Blue,42,3,3,2,4320.0,0,4320.0,0.967,706,21,0.5,0.0
714513033,Existing Customer,39,F,1,Unknown,Single,$40K - $60K,Blue,36,6,1,3,11213.0,0,11213.0,0.563,1257,23,0.643,0.0
714717483,Existing Customer,39,F,3,Uneducated,Divorced,Unknown,Blue,29,5,1,2,26181.0,0,26181.0,0.913,1303,35,0.75,0.0
714900408,Existing Customer,41,F,4,High School,Single,Less than $40K,Blue,31,3,1,0,5773.0,0,5773.0,0.67,1306,39,0.5,0.0
719418933,Attrited Customer,53,M,2,Uneducated,Married,$80K - $120K,Blue,36,1,3,3,4503.0,0,4503.0,0.659,748,20,0.429,0.0
720115683,Existing Customer,47,M,3,Uneducated,Married,$80K - $120K,Blue,36,6,2,2,29770.0,1565,28205.0,0.674,1774,42,2.0,0.053
779504058,Existing Customer,46,F,2,Post-Graduate,Married,Less than $40K,Blue,28,5,1,1,5014.0,1910,3104.0,0.863,1209,25,1.5,0.381
795979833,Existing Customer,53,F,1,High School,Married,Less than $40K,Blue,47,6,1,2,3445.0,1074,2371.0,0.67,1074,31,0.632,0.312
717392358,Existing Customer,60,M,1,Graduate,Married,$80K - $120K,Blue,50,6,2,2,23412.0,1078,22334.0,0.79,1786,50,0.786,0.046
718640508,Existing Customer,59,F,0,Graduate,Single,Less than $40K,Blue,46,4,1,2,3044.0,1611,1433.0,0.74,1456,36,0.714,0.529
803366358,Existing Customer,38,M,1,Unknown,Single,$60K - $80K,Blue,29,5,2,1,14596.0,2192,12404.0,0.898,1300,25,1.083,0.15
709230708,Existing Customer,56,M,4,Uneducated,Single,Less than $40K,Blue,36,3,2,2,3864.0,1654,2210.0,0.491,1470,42,0.235,0.428
781794708,Attrited Customer,35,M,3,Post-Graduate,Unknown,$80K - $120K,Blue,29,2,1,3,17030.0,1911,15119.0,0.528,715,25,0.562,0.112
801383808,Existing Customer,50,M,3,Graduate,Single,$60K - $80K,Blue,44,4,2,3,23090.0,839,22251.0,1.326,1198,24,1.0,0.036
710677608,Existing Customer,53,M,2,Post-Graduate,Unknown,$80K - $120K,Blue,36,4,2,0,29205.0,1208,27997.0,0.957,1556,43,1.048,0.041
708217758,Existing Customer,63,M,2,Graduate,Married,$60K - $80K,Blue,49,5,2,3,14035.0,2061,11974.0,2.271,1606,30,1.5,0.147
714272658,Attrited Customer,43,F,2,Uneducated,Single,Less than $40K,Blue,24,2,3,2,2962.0,2517,445.0,1.046,929,31,0.409,0.85
717469158,Existing Customer,46,M,2,Unknown,Married,$80K - $120K,Blue,30,6,3,0,18578.0,1385,17193.0,0.565,1606,54,0.421,0.075
711864783,Existing Customer,61,M,1,Uneducated,Single,$60K - $80K,Blue,46,5,3,2,2201.0,1138,1063.0,0.675,1199,32,0.6,0.517
719407983,Existing Customer,37,F,0,Post-Graduate,Married,Less than $40K,Blue,25,4,3,2,2061.0,1483,578.0,1.362,2400,60,0.622,0.72
710665533,Existing Customer,42,F,5,Doctorate,Married,Unknown,Blue,23,4,2,2,24602.0,1660,22942.0,0.588,1337,44,0.76,0.067
716804283,Existing Customer,41,M,2,Uneducated,Divorced,$120K +,Blue,29,3,2,2,15911.0,896,15015.0,0.954,1270,33,0.833,0.056
767294658,Attrited Customer,56,M,2,College,Single,$120K +,Blue,50,2,2,3,16867.0,0,16867.0,0.885,654,14,0.4,0.0
709122483,Existing Customer,56,M,3,Graduate,Married,$60K - $80K,Blue,37,3,3,0,2783.0,1526,1257.0,0.942,1909,54,0.688,0.548
708241233,Attrited Customer,52,F,3,Post-Graduate,Single,Less than $40K,Blue,47,3,3,2,2972.0,0,2972.0,1.035,922,25,0.562,0.0
717860358,Existing Customer,40,F,3,High School,Single,$40K - $60K,Blue,36,5,3,2,5124.0,2235,2889.0,0.542,1158,42,0.355,0.436
789337233,Existing Customer,63,M,1,Graduate,Married,$40K - $60K,Blue,53,6,6,2,2880.0,2362,518.0,0.89,1323,26,0.444,0.82
720902133,Existing Customer,58,M,1,High School,Single,$40K - $60K,Blue,46,4,1,0,5579.0,0,5579.0,0.481,1025,35,0.667,0.0
721043058,Existing Customer,58,M,4,Unknown,Married,$60K - $80K,Blue,44,5,1,3,12010.0,2149,9861.0,0.801,1700,35,1.5,0.179
711870333,Existing Customer,46,M,2,Uneducated,Divorced,$80K - $120K,Blue,36,6,3,3,34516.0,1597,32919.0,0.858,1628,51,1.217,0.046
708398283,Existing Customer,37,F,1,Graduate,Married,$40K - $60K,Blue,29,5,2,2,4394.0,885,3509.0,1.04,1377,32,0.684,0.201
715878183,Existing Customer,46,M,4,Graduate,Single,$80K - $120K,Blue,35,4,3,3,18325.0,723,17602.0,0.815,1517,33,0.65,0.039
719451483,Existing Customer,46,F,4,Post-Graduate,Married,Less than $40K,Blue,37,5,3,2,3773.0,1972,1801.0,0.783,1528,25,1.083,0.523
709110633,Existing Customer,41,M,1,Graduate,Single,$80K - $120K,Blue,29,5,1,3,21684.0,1748,19936.0,0.715,1329,24,0.6,0.081
721059033,Existing Customer,48,F,3,High School,Divorced,$40K - $60K,Blue,40,4,1,2,1919.0,774,1145.0,0.965,1505,33,0.737,0.403
779912283,Existing Customer,49,F,3,Graduate,Single,$40K - $60K,Blue,33,5,3,2,9995.0,1713,8282.0,0.96,1172,38,0.462,0.171
717701733,Existing Customer,44,M,2,Graduate,Married,$80K - $120K,Blue,35,3,2,2,11910.0,2098,9812.0,1.16,1646,39,1.294,0.176
709913733,Existing Customer,39,F,3,College,Married,Less than $40K,Blue,36,4,2,0,2279.0,1529,750.0,1.26,1693,32,1.286,0.671
718768158,Existing Customer,57,M,1,College,Single,$40K - $60K,Blue,48,3,1,2,3539.0,0,3539.0,0.781,1336,23,0.211,0.0
721375308,Existing Customer,48,M,3,High School,Married,$80K - $120K,Blue,36,5,1,3,30579.0,1351,29228.0,0.759,1289,19,0.727,0.044
711374283,Existing Customer,47,M,3,High School,Single,$80K - $120K,Blue,42,4,1,0,24480.0,1923,22557.0,0.505,1416,32,0.778,0.079
822893133,Existing Customer,56,F,1,Uneducated,Divorced,Unknown,Blue,52,6,1,2,17561.0,0,17561.0,0.94,1608,33,1.2,0.0
778465533,Existing Customer,54,F,0,College,Married,Less than $40K,Blue,40,3,1,2,1638.0,0,1638.0,0.75,1885,51,0.545,0.0
712138983,Existing Customer,54,M,1,Graduate,Married,$60K - $80K,Blue,36,3,3,2,2947.0,2216,731.0,0.76,1744,53,0.606,0.752
716920908,Existing Customer,52,M,4,High School,Married,$80K - $120K,Blue,42,6,1,0,5738.0,1112,4626.0,1.519,1922,48,0.655,0.194
708095133,Existing Customer,43,M,4,Unknown,Unknown,$120K +,Blue,34,5,2,2,33304.0,1833,31471.0,0.428,1448,29,0.381,0.055
711195558,Existing Customer,59,M,1,College,Single,$40K - $60K,Blue,48,6,3,3,7251.0,1603,5648.0,0.591,1300,36,0.8,0.221
772735758,Existing Customer,44,M,1,Unknown,Married,Unknown,Blue,34,6,2,0,2885.0,1895,990.0,0.387,1366,31,0.632,0.657
712024908,Existing Customer,56,F,1,College,Married,Less than $40K,Blue,36,6,2,3,2641.0,1257,1384.0,0.891,1439,39,1.053,0.476
778239933,Existing Customer,45,F,4,Graduate,Married,Unknown,Blue,35,6,3,0,2801.0,2043,758.0,0.583,1241,46,0.643,0.729
714893733,Existing Customer,55,M,1,High School,Married,$80K - $120K,Blue,45,3,3,3,16794.0,809,15985.0,1.566,1917,33,0.941,0.048
754886958,Existing Customer,48,F,3,College,Divorced,$40K - $60K,Blue,41,4,1,3,9336.0,1672,7664.0,0.696,1391,39,0.625,0.179
710104908,Existing Customer,56,F,5,College,Single,Less than $40K,Blue,43,4,1,0,2763.0,2517,246.0,0.938,1246,31,0.824,0.911
710558883,Existing Customer,41,M,3,Uneducated,Married,$60K - $80K,Blue,36,5,3,2,17391.0,1044,16347.0,1.08,1248,27,0.688,0.06
713827383,Existing Customer,65,F,1,High School,Married,Less than $40K,Blue,36,3,2,0,3198.0,2493,705.0,0.665,1936,44,1.316,0.78
720267033,Existing Customer,34,M,4,Post-Graduate,Single,$80K - $120K,Blue,26,3,3,2,5100.0,1786,3314.0,1.06,2375,63,0.575,0.35
712049208,Existing Customer,56,M,3,Post-Graduate,Married,$60K - $80K,Blue,39,3,1,2,3955.0,2517,1438.0,0.484,1238,25,1.083,0.636
708688608,Existing Customer,62,F,1,High School,Married,Less than $40K,Blue,48,5,3,1,3140.0,1985,1155.0,1.346,1626,41,0.864,0.632
716223708,Attrited Customer,45,F,3,Uneducated,Single,Unknown,Blue,36,3,3,3,4028.0,710,3318.0,0.731,791,22,0.833,0.176
713217858,Existing Customer,38,F,2,Uneducated,Single,Less than $40K,Blue,32,5,3,3,2264.0,0,2264.0,0.479,1204,28,0.333,0.0
819352983,Existing Customer,49,M,3,Unknown,Unknown,$120K +,Blue,44,5,2,2,21620.0,2008,19612.0,0.691,1300,33,0.5,0.093
711019308,Existing Customer,58,M,2,High School,Single,$60K - $80K,Blue,45,3,2,0,6385.0,1535,4850.0,1.138,1612,47,0.88,0.24
768600558,Existing Customer,41,F,4,Graduate,Single,$40K - $60K,Blue,31,4,2,3,2375.0,1658,717.0,0.638,1071,28,1.0,0.698
710202783,Existing Customer,33,M,2,Graduate,Married,$60K - $80K,Blue,13,3,3,3,1963.0,1721,242.0,0.68,1378,37,0.762,0.877
712899333,Existing Customer,47,F,4,College,Single,Less than $40K,Blue,37,6,2,2,4256.0,1084,3172.0,0.63,1100,29,0.381,0.255
767036433,Existing Customer,56,F,1,Graduate,Married,Less than $40K,Blue,49,5,1,0,5097.0,1152,3945.0,0.94,2052,45,0.607,0.226
793473033,Existing Customer,51,M,1,Graduate,Single,$60K - $80K,Blue,45,3,2,3,3228.0,2517,711.0,0.949,1349,33,1.357,0.78
721232058,Existing Customer,49,M,1,Graduate,Unknown,$40K - $60K,Silver,41,6,1,3,20231.0,977,19254.0,0.893,1215,36,0.714,0.048
719443683,Attrited Customer,50,M,1,Unknown,Single,$120K +,Blue,39,3,2,3,27512.0,2137,25375.0,1.048,1149,25,0.562,0.078
715449333,Existing Customer,55,F,3,Unknown,Married,$40K - $60K,Blue,47,5,2,0,1929.0,1540,389.0,1.142,2354,50,0.786,0.798
717998058,Existing Customer,26,M,0,Graduate,Single,Less than $40K,Blue,13,6,3,2,2585.0,2019,566.0,0.525,2644,40,0.481,0.781
779610033,Attrited Customer,58,M,1,College,Married,$80K - $120K,Blue,47,3,3,3,12151.0,1799,10352.0,1.022,918,14,0.556,0.148
827332983,Existing Customer,46,M,3,High School,Single,$80K - $120K,Gold,42,3,2,2,34516.0,2113,32403.0,0.618,1362,31,1.214,0.061
721183983,Existing Customer,48,M,4,High School,Married,$120K +,Blue,31,6,3,1,34516.0,1013,33503.0,0.575,1222,37,0.85,0.029
718426533,Existing Customer,42,M,4,Uneducated,Divorced,$60K - $80K,Blue,32,4,1,2,5504.0,0,5504.0,0.62,1364,32,0.684,0.0
710698233,Existing Customer,37,M,4,Graduate,Married,$80K - $120K,Blue,28,4,1,2,10021.0,1203,8818.0,0.93,1463,40,1.0,0.12
780253533,Existing Customer,63,F,0,Unknown,Married,Less than $40K,Blue,49,5,3,0,3558.0,2318,1240.0,1.265,1631,31,0.824,0.651
793581933,Existing Customer,50,M,3,High School,Single,$40K - $60K,Silver,44,4,3,4,19853.0,1513,18340.0,0.802,1878,55,0.41,0.076
719229708,Existing Customer,41,F,1,High School,Single,$40K - $60K,Blue,31,6,3,2,4969.0,838,4131.0,0.591,1489,32,0.455,0.169
715158483,Existing Customer,48,F,3,Graduate,Divorced,Less than $40K,Blue,40,3,2,3,3117.0,1603,1514.0,1.167,1437,37,0.609,0.514
809296308,Existing Customer,46,M,2,College,Single,$80K - $120K,Blue,41,4,2,0,21526.0,2332,19194.0,0.755,1313,37,0.609,0.108
778176108,Existing Customer,61,M,0,High School,Single,$60K - $80K,Blue,51,4,2,2,5504.0,1412,4092.0,0.722,1290,38,0.462,0.257
796532958,Existing Customer,59,F,0,Unknown,Married,Less than $40K,Blue,53,4,3,2,5512.0,1124,4388.0,1.391,1975,49,1.579,0.204
709345008,Attrited Customer,53,F,2,Doctorate,Married,Unknown,Blue,39,1,2,3,1438.3,0,1438.3,0.644,807,22,0.692,0.0
717049533,Existing Customer,39,F,3,Doctorate,Unknown,$40K - $60K,Blue,28,5,3,0,7262.0,1466,5796.0,0.512,1438,28,0.556,0.202
719366358,Existing Customer,51,M,3,High School,Married,$120K +,Blue,40,6,3,2,7319.0,1692,5627.0,0.701,1233,29,0.611,0.231
721417233,Attrited Customer,45,M,2,Graduate,Married,$60K - $80K,Blue,25,3,5,3,1438.3,0,1438.3,0.676,709,27,0.421,0.0
711622683,Existing Customer,48,M,4,Unknown,Single,$60K - $80K,Blue,30,4,3,3,7712.0,1387,6325.0,0.861,1597,39,0.56,0.18
714578283,Existing Customer,47,M,1,Graduate,Married,$60K - $80K,Blue,37,6,3,0,2053.0,0,2053.0,0.865,1283,28,1.154,0.0
769574883,Existing Customer,41,M,2,High School,Married,$40K - $60K,Blue,32,3,1,3,12804.0,2517,10287.0,0.892,1101,37,0.276,0.197
717643608,Existing Customer,48,M,4,College,Married,$80K - $120K,Blue,36,3,3,2,26443.0,1601,24842.0,0.493,1593,36,0.333,0.061
709198158,Existing Customer,50,F,4,Graduate,Single,Less than $40K,Blue,36,6,2,0,3125.0,1928,1197.0,0.412,1631,46,0.533,0.617
712419708,Existing Customer,56,F,2,Post-Graduate,Married,Less than $40K,Blue,48,6,1,2,4930.0,2259,2671.0,1.134,2194,53,0.606,0.458
709103358,Existing Customer,39,F,2,College,Single,Less than $40K,Blue,36,6,3,3,9476.0,0,9476.0,0.605,1128,27,0.929,0.0
716966808,Existing Customer,47,M,1,Graduate,Married,$80K - $120K,Blue,37,6,3,3,11722.0,1667,10055.0,0.566,1497,35,0.25,0.142
772264383,Existing Customer,44,M,2,Graduate,Single,$120K +,Blue,33,4,1,3,13301.0,0,13301.0,1.058,1385,50,0.515,0.0
721057758,Existing Customer,61,F,1,Unknown,Married,Unknown,Blue,47,4,2,3,1438.3,0,1438.3,1.337,1449,27,1.455,0.0
769137108,Attrited Customer,43,F,2,Post-Graduate,Married,Less than $40K,Blue,37,3,3,1,1438.3,0,1438.3,1.004,974,28,0.273,0.0
717640083,Attrited Customer,59,M,1,High School,Married,$60K - $80K,Blue,36,3,2,3,6705.0,0,6705.0,0.749,731,18,0.5,0.0
716445783,Existing Customer,42,F,2,Uneducated,Married,Unknown,Blue,31,4,2,0,22718.0,0,22718.0,0.791,1191,37,1.176,0.0
708579633,Existing Customer,40,M,4,Unknown,Divorced,$40K - $60K,Gold,28,4,2,2,23981.0,1788,22193.0,0.631,1421,34,0.308,0.075
718715583,Existing Customer,65,M,2,Unknown,Married,Less than $40K,Blue,56,4,2,4,2318.0,1010,1308.0,0.81,1256,35,0.591,0.436
778686408,Existing Customer,48,M,1,College,Married,$60K - $80K,Blue,29,4,3,2,19324.0,1040,18284.0,0.904,1744,50,0.852,0.054
715015683,Existing Customer,44,M,2,Graduate,Single,$40K - $60K,Blue,34,5,3,1,5331.0,1993,3338.0,0.777,1766,39,0.625,0.374
805254708,Existing Customer,36,F,4,Unknown,Married,Unknown,Blue,31,5,2,0,15700.0,1276,14424.0,1.389,2229,48,0.778,0.081
710462433,Existing Customer,45,M,4,Graduate,Single,$60K - $80K,Blue,30,6,2,2,17625.0,894,16731.0,1.285,1773,39,1.053,0.051
721342383,Existing Customer,39,M,2,Graduate,Married,$80K - $120K,Blue,34,6,3,2,17438.0,0,17438.0,1.078,1860,37,0.85,0.0
720179883,Existing Customer,40,M,4,College,Unknown,$80K - $120K,Blue,25,3,3,1,1962.0,0,1962.0,0.684,1179,27,0.688,0.0
794977533,Attrited Customer,62,M,0,High School,Married,$60K - $80K,Blue,56,3,3,2,8077.0,0,8077.0,0.749,906,16,0.333,0.0
779445108,Existing Customer,26,M,0,Graduate,Single,$40K - $60K,Blue,13,6,1,2,3290.0,1616,1674.0,0.466,2781,54,0.35,0.491
718193958,Existing Customer,60,M,0,Uneducated,Single,Less than $40K,Blue,53,5,3,2,2402.0,1728,674.0,0.652,1650,53,0.606,0.719
710955633,Existing Customer,54,F,3,Doctorate,Single,Less than $40K,Blue,42,6,1,0,9256.0,1999,7257.0,0.812,1446,37,0.762,0.216
716149383,Existing Customer,62,M,0,Graduate,Married,$60K - $80K,Blue,36,6,3,3,3674.0,895,2779.0,0.658,1703,48,0.371,0.244
752604633,Attrited Customer,57,M,2,College,Married,$40K - $60K,Blue,50,2,5,3,6462.0,0,6462.0,0.856,761,17,0.214,0.0
713889933,Existing Customer,59,M,0,Graduate,Single,$40K - $60K,Blue,48,4,2,2,1638.0,0,1638.0,0.533,1536,44,0.63,0.0
709446783,Existing Customer,46,M,4,Graduate,Single,$60K - $80K,Blue,38,3,3,2,4335.0,2480,1855.0,0.543,1373,36,1.118,0.572
789115833,Existing Customer,44,M,4,High School,Single,$60K - $80K,Blue,32,5,3,2,3233.0,1034,2199.0,0.759,1256,29,0.706,0.32
711242058,Attrited Customer,48,M,4,Unknown,Single,$80K - $120K,Blue,36,1,3,1,11862.0,2517,9345.0,0.766,643,16,0.231,0.212
787623858,Existing Customer,43,M,2,Uneducated,Divorced,$120K +,Silver,24,4,2,0,34516.0,1938,32578.0,0.426,1215,45,0.406,0.056
709040508,Existing Customer,57,M,4,Uneducated,Married,$120K +,Blue,38,6,6,2,19802.0,1961,17841.0,1.125,2244,58,0.706,0.099
708864708,Existing Customer,46,M,3,College,Unknown,$80K - $120K,Blue,36,4,2,2,24869.0,1729,23140.0,0.408,1409,36,0.5,0.07
717758583,Existing Customer,40,M,3,High School,Unknown,$60K - $80K,Blue,36,4,2,1,3624.0,1975,1649.0,0.708,1469,23,1.091,0.545
715416633,Existing Customer,54,M,1,Unknown,Married,$80K - $120K,Blue,36,4,1,2,6175.0,960,5215.0,0.709,1847,59,0.405,0.155
717956283,Existing Customer,57,F,1,Graduate,Single,$40K - $60K,Blue,48,5,1,0,10953.0,1945,9008.0,0.886,1277,29,0.526,0.178
721379433,Existing Customer,44,M,4,Graduate,Married,$60K - $80K,Blue,28,6,2,3,11338.0,0,11338.0,0.695,1227,24,0.5,0.0
712027683,Existing Customer,47,F,2,Doctorate,Married,Less than $40K,Blue,35,3,2,2,5544.0,1184,4360.0,0.85,1336,38,0.652,0.214
716027208,Existing Customer,47,M,4,Doctorate,Married,$60K - $80K,Blue,36,4,1,1,19665.0,706,18959.0,1.317,1110,58,0.349,0.036
720475233,Existing Customer,50,F,2,High School,Married,Less than $40K,Blue,43,6,2,3,2927.0,1412,1515.0,0.763,1474,26,0.857,0.482
712275108,Existing Customer,53,F,3,College,Married,$40K - $60K,Blue,33,4,3,3,5146.0,1618,3528.0,1.073,1955,44,0.76,0.314
718121658,Attrited Customer,56,M,1,College,Married,$60K - $80K,Blue,44,5,3,3,1704.0,0,1704.0,0.701,660,17,0.308,0.0
711593808,Attrited Customer,55,M,1,High School,Married,$60K - $80K,Blue,46,2,2,3,1438.3,0,1438.3,1.037,888,18,1.25,0.0
716222808,Existing Customer,53,F,4,High School,Married,Less than $40K,Blue,36,6,1,3,2974.0,1170,1804.0,1.297,1785,45,1.143,0.393
718731183,Attrited Customer,61,M,1,Unknown,Married,$40K - $60K,Blue,49,1,2,2,5472.0,788,4684.0,0.526,705,14,0.273,0.144
788779008,Existing Customer,57,M,2,High School,Married,$60K - $80K,Blue,38,3,1,2,2736.0,1822,914.0,0.593,1211,25,0.923,0.666
710404533,Existing Customer,50,M,2,Graduate,Married,$80K - $120K,Blue,37,6,2,1,1438.3,862,576.3,0.65,1391,40,0.212,0.599
711173058,Existing Customer,56,F,2,Unknown,Married,Unknown,Blue,45,4,3,0,5406.0,1782,3624.0,0.976,1407,29,0.812,0.33
715383108,Existing Customer,52,M,2,Graduate,Single,$120K +,Blue,44,5,1,1,34516.0,2174,32342.0,0.426,1616,50,0.515,0.063
711697158,Existing Customer,60,M,0,Graduate,Married,Less than $40K,Blue,36,6,2,2,1976.0,1311,665.0,0.995,1498,43,0.536,0.663
709186983,Existing Customer,49,M,4,Uneducated,Married,$80K - $120K,Blue,40,3,1,1,8714.0,2252,6462.0,0.831,1536,38,0.652,0.258
808964433,Existing Customer,46,F,4,Doctorate,Divorced,Less than $40K,Blue,41,4,1,1,8693.0,1378,7315.0,0.799,1594,45,0.452,0.159
711948333,Existing Customer,42,M,1,Uneducated,Married,$80K - $120K,Blue,36,6,1,2,9247.0,710,8537.0,0.735,1190,30,0.5,0.077
710541858,Existing Customer,45,M,3,High School,Married,Less than $40K,Blue,33,6,5,0,7717.0,1430,6287.0,0.822,1248,37,0.85,0.185
713865333,Attrited Customer,45,F,4,Uneducated,Married,Less than $40K,Blue,38,3,4,3,4908.0,0,4908.0,0.993,827,21,0.75,0.0
797707008,Attrited Customer,44,F,3,Doctorate,Married,Less than $40K,Blue,38,6,1,3,7222.0,0,7222.0,0.685,920,18,0.5,0.0
713490483,Existing Customer,61,M,0,Uneducated,Single,$80K - $120K,Blue,48,6,2,2,21740.0,0,21740.0,0.676,1755,54,0.543,0.0
720370533,Attrited Customer,55,M,3,Uneducated,Married,$60K - $80K,Blue,44,3,2,2,2323.0,0,2323.0,0.737,804,15,0.5,0.0
779743908,Existing Customer,44,M,4,Unknown,Divorced,$60K - $80K,Blue,29,4,2,2,7788.0,0,7788.0,0.296,1196,30,0.429,0.0
718675158,Attrited Customer,55,F,1,Unknown,Married,Less than $40K,Blue,36,4,1,3,1438.3,361,1077.3,0.963,850,22,0.692,0.251
710784333,Existing Customer,57,M,2,Unknown,Married,$120K +,Blue,36,3,2,2,23700.0,1314,22386.0,1.487,1644,28,0.647,0.055
816596583,Existing Customer,45,M,2,Doctorate,Married,$80K - $120K,Blue,40,6,3,1,11710.0,693,11017.0,0.914,1749,50,0.429,0.059
717517758,Existing Customer,57,F,0,High School,Married,$40K - $60K,Blue,45,3,2,2,2278.0,845,1433.0,1.328,2307,45,0.8,0.371
712880283,Existing Customer,31,M,0,Uneducated,Married,$40K - $60K,Blue,22,3,3,0,4048.0,1113,2935.0,0.717,1757,45,0.607,0.275
753226158,Existing Customer,34,F,2,Graduate,Married,Less than $40K,Blue,24,6,2,2,3663.0,1853,1810.0,0.963,1826,35,1.059,0.506
720605808,Attrited Customer,53,F,1,Graduate,Single,Less than $40K,Blue,36,2,2,3,1438.3,0,1438.3,0.672,799,17,0.214,0.0
758317233,Existing Customer,35,F,1,College,Single,Unknown,Blue,28,4,5,2,3518.0,1575,1943.0,0.625,2121,60,0.579,0.448
711028308,Existing Customer,44,F,4,Graduate,Married,Less than $40K,Blue,36,4,1,0,1717.0,0,1717.0,0.619,1468,29,0.381,0.0
814852533,Existing Customer,50,M,1,Graduate,Married,$80K - $120K,Blue,45,3,2,2,16813.0,1185,15628.0,0.552,1482,46,0.643,0.07
711526533,Existing Customer,33,M,3,Post-Graduate,Married,$80K - $120K,Blue,25,4,2,3,16434.0,2104,14330.0,0.955,1726,37,0.85,0.128
804403908,Existing Customer,50,M,3,Graduate,Single,$60K - $80K,Blue,45,4,2,3,21872.0,1118,20754.0,0.658,1806,31,0.409,0.051
716999883,Existing Customer,51,M,4,High School,Married,$80K - $120K,Blue,41,5,2,0,15897.0,1437,14460.0,0.584,1405,43,0.387,0.09
716452083,Existing Customer,56,F,4,Unknown,Married,Less than $40K,Blue,46,5,3,2,4271.0,1150,3121.0,1.064,2052,50,0.724,0.269
787599258,Existing Customer,55,F,3,Graduate,Single,Less than $40K,Blue,29,6,1,2,7361.0,1309,6052.0,0.504,1175,34,0.7,0.178
714495258,Existing Customer,26,M,0,College,Single,Less than $40K,Blue,36,4,1,3,1438.3,479,959.3,0.553,1786,37,0.37,0.333
717713283,Existing Customer,42,F,3,Graduate,Married,Less than $40K,Blue,33,6,3,3,8628.0,1077,7551.0,0.872,1675,58,0.415,0.125
789317883,Existing Customer,54,M,2,College,Married,$80K - $120K,Blue,44,4,3,3,18750.0,1705,17045.0,0.807,1200,36,0.895,0.091
714500883,Existing Customer,44,F,3,Graduate,Married,Unknown,Blue,36,4,2,3,21242.0,819,20423.0,0.499,1283,37,0.542,0.039
789467508,Existing Customer,65,F,0,Graduate,Married,$40K - $60K,Blue,56,5,3,0,2961.0,1570,1391.0,0.908,1937,57,0.781,0.53
710317758,Existing Customer,38,F,3,High School,Married,Unknown,Blue,29,4,2,2,11327.0,1528,9799.0,1.142,2033,38,0.727,0.135
711231558,Existing Customer,58,M,3,High School,Married,$60K - $80K,Blue,40,6,1,3,8308.0,2517,5791.0,1.455,1915,37,1.056,0.303
716829483,Existing Customer,39,F,3,Post-Graduate,Married,$40K - $60K,Blue,28,4,2,2,3249.0,2217,1032.0,1.06,1988,36,0.895,0.682
779713608,Existing Customer,52,M,2,High School,Married,$120K +,Blue,36,5,1,2,2981.0,1358,1623.0,1.242,1648,30,1.5,0.456
711628458,Existing Customer,45,F,3,Graduate,Married,Less than $40K,Blue,31,4,1,0,8829.0,901,7928.0,0.825,1902,45,0.667,0.102
718943508,Existing Customer,42,M,3,Unknown,Single,$80K - $120K,Blue,33,3,3,2,3714.0,2170,1544.0,0.524,1454,35,0.522,0.584
770724558,Attrited Customer,42,M,2,College,Married,$60K - $80K,Blue,28,6,1,3,7340.0,0,7340.0,0.65,838,24,0.412,0.0
783561558,Existing Customer,57,M,4,Post-Graduate,Married,$120K +,Blue,51,4,2,3,16952.0,0,16952.0,0.709,1918,61,0.649,0.0
719309958,Attrited Customer,55,M,3,Doctorate,Single,$80K - $120K,Blue,35,4,1,3,20865.0,0,20865.0,0.881,837,25,0.667,0.0
788785083,Existing Customer,44,F,3,College,Unknown,Less than $40K,Blue,25,6,3,2,3083.0,1040,2043.0,0.729,4311,78,0.56,0.337
780481308,Existing Customer,37,F,3,Graduate,Married,Unknown,Blue,24,3,2,2,10584.0,1550,9034.0,0.692,1567,33,0.32,0.146
711757383,Existing Customer,50,F,3,Unknown,Married,Less than $40K,Blue,42,4,1,2,2240.0,0,2240.0,0.668,1905,39,0.345,0.0
787550808,Existing Customer,51,M,2,Graduate,Married,$40K - $60K,Blue,40,5,1,2,12240.0,1566,10674.0,0.539,1422,26,0.529,0.128
779863533,Existing Customer,37,M,1,Graduate,Married,$80K - $120K,Blue,21,6,2,0,5120.0,0,5120.0,0.867,1680,32,0.778,0.0
714529233,Existing Customer,36,F,2,Graduate,Married,Less than $40K,Blue,24,3,1,3,3124.0,1593,1531.0,0.869,1652,41,0.367,0.51
708177333,Existing Customer,51,F,2,High School,Married,Less than $40K,Silver,36,5,3,0,11261.0,2485,8776.0,0.736,1158,26,0.857,0.221
812019933,Existing Customer,65,M,1,Uneducated,Married,$40K - $60K,Blue,56,3,3,2,2468.0,2021,447.0,0.906,1797,46,0.586,0.819
708557358,Existing Customer,43,M,2,College,Married,$60K - $80K,Blue,28,4,2,3,22157.0,1355,20802.0,0.69,1911,55,0.571,0.061
713580633,Existing Customer,46,M,3,Graduate,Married,$40K - $60K,Blue,32,6,2,3,11477.0,0,11477.0,0.767,1260,27,0.688,0.0
711466533,Existing Customer,43,F,2,Graduate,Married,Less than $40K,Blue,33,5,2,2,3933.0,852,3081.0,0.433,1489,45,0.324,0.217
802276683,Existing Customer,56,M,3,Graduate,Married,$80K - $120K,Blue,50,3,3,3,8022.0,1372,6650.0,0.896,1794,31,1.385,0.171
780913308,Existing Customer,43,M,3,Unknown,Single,$60K - $80K,Blue,34,6,2,0,13771.0,2517,11254.0,0.501,1510,42,0.75,0.183
808897683,Attrited Customer,53,M,1,Graduate,Single,$80K - $120K,Blue,48,3,3,3,30271.0,1406,28865.0,1.336,3231,47,0.306,0.046
719428308,Existing Customer,50,M,2,High School,Unknown,$60K - $80K,Blue,41,6,2,2,3244.0,1762,1482.0,0.661,1274,32,1.0,0.543
713010483,Existing Customer,43,F,3,Graduate,Married,$40K - $60K,Blue,36,6,1,3,2936.0,2379,557.0,0.694,1572,57,0.676,0.81
717006333,Existing Customer,54,M,3,High School,Married,$80K - $120K,Blue,36,6,1,2,1438.3,1133,305.3,0.759,1935,41,0.708,0.788
787621158,Existing Customer,33,M,2,Unknown,Married,$60K - $80K,Blue,25,6,3,3,6242.0,491,5751.0,1.054,2187,59,0.405,0.079
716924058,Existing Customer,58,F,2,Uneducated,Married,$40K - $60K,Blue,49,3,1,3,6175.0,1166,5009.0,0.803,1417,25,0.25,0.189
720916683,Existing Customer,41,M,3,Graduate,Single,$80K - $120K,Blue,26,4,3,2,11806.0,1811,9995.0,0.754,1465,31,0.476,0.153
720923658,Existing Customer,48,M,3,Post-Graduate,Single,$60K - $80K,Blue,39,5,2,2,4734.0,954,3780.0,0.6,1570,45,0.452,0.202
712710708,Existing Customer,55,M,2,High School,Single,$40K - $60K,Blue,36,5,2,0,6244.0,2517,3727.0,0.607,1445,40,0.29,0.403
718939083,Attrited Customer,54,F,2,Graduate,Married,Less than $40K,Blue,45,3,1,3,1438.3,306,1132.3,1.035,694,15,0.364,0.213
779519058,Existing Customer,51,F,3,Post-Graduate,Divorced,Unknown,Platinum,34,3,1,2,34516.0,1578,32938.0,0.725,1929,40,0.481,0.046
719085933,Existing Customer,35,M,3,Graduate,Single,$80K - $120K,Blue,24,4,1,2,23561.0,864,22697.0,1.373,2447,64,1.0,0.037
715124958,Existing Customer,50,M,3,Uneducated,Single,$80K - $120K,Blue,36,5,2,3,24742.0,1676,23066.0,0.566,1306,31,0.55,0.068
712979133,Attrited Customer,55,M,4,High School,Married,$80K - $120K,Blue,41,2,2,2,27560.0,900,26660.0,1.031,646,10,0.25,0.033
712006308,Existing Customer,45,F,0,College,Divorced,Less than $40K,Blue,35,6,1,3,5923.0,1686,4237.0,0.702,1236,35,0.591,0.285
710801133,Existing Customer,34,M,2,Uneducated,Married,$60K - $80K,Blue,36,6,1,2,8581.0,2326,6255.0,1.226,2513,63,0.615,0.271
712490283,Existing Customer,55,F,4,Graduate,Married,$40K - $60K,Blue,41,4,3,3,3156.0,2517,639.0,1.516,2091,48,0.778,0.798
720071583,Attrited Customer,48,F,2,Unknown,Married,Less than $40K,Blue,36,5,1,3,7151.0,800,6351.0,0.986,854,22,0.375,0.112
717958833,Existing Customer,46,M,4,Graduate,Married,$60K - $80K,Blue,35,5,1,2,1535.0,700,835.0,2.282,1848,25,1.083,0.456
812420358,Attrited Customer,61,F,0,Graduate,Married,Less than $40K,Blue,56,3,3,3,2122.0,554,1568.0,0.857,949,17,0.133,0.261
712370208,Existing Customer,48,M,1,Uneducated,Unknown,$60K - $80K,Blue,35,3,2,2,17131.0,1213,15918.0,0.604,1371,37,0.423,0.071
715940358,Existing Customer,51,F,1,Graduate,Married,Less than $40K,Blue,42,6,2,2,5822.0,2387,3435.0,0.76,1804,49,0.75,0.41
715041333,Existing Customer,39,M,3,Doctorate,Married,$60K - $80K,Blue,29,3,1,3,3537.0,2517,1020.0,1.021,1605,43,0.344,0.712
712797258,Existing Customer,43,M,3,Graduate,Married,$120K +,Blue,33,3,1,3,34516.0,2129,32387.0,0.587,1463,38,0.583,0.062
769170558,Existing Customer,53,M,3,Graduate,Single,$60K - $80K,Blue,47,6,4,3,16320.0,0,16320.0,0.757,1279,41,0.708,0.0
715884858,Existing Customer,38,M,2,High School,Married,$80K - $120K,Blue,36,5,3,3,2407.0,843,1564.0,1.008,1470,28,0.4,0.35
796343058,Existing Customer,49,F,2,High School,Single,Less than $40K,Blue,43,4,1,2,3538.0,0,3538.0,0.481,1265,38,0.462,0.0
783910008,Existing Customer,37,F,0,Unknown,Married,Less than $40K,Blue,31,5,2,2,2684.0,1381,1303.0,0.794,2002,60,0.429,0.515
718888308,Existing Customer,53,M,3,Graduate,Single,$80K - $120K,Blue,36,4,3,2,34516.0,2517,31999.0,0.741,1475,33,0.833,0.073
785114808,Existing Customer,46,M,2,Post-Graduate,Single,$40K - $60K,Silver,40,4,2,2,15459.0,0,15459.0,0.789,1419,30,0.667,0.0
709852908,Existing Customer,44,F,3,Uneducated,Single,Less than $40K,Blue,36,5,3,3,4307.0,0,4307.0,0.745,1628,37,0.542,0.0
823528833,Existing Customer,50,F,1,Unknown,Single,Less than $40K,Blue,46,4,2,3,2081.0,1235,846.0,1.485,1337,29,1.071,0.593
719679858,Existing Customer,58,F,2,Uneducated,Married,$40K - $60K,Blue,47,3,2,2,2848.0,1468,1380.0,0.517,1135,27,0.421,0.515
827108583,Existing Customer,55,M,3,High School,Single,$120K +,Blue,51,3,1,3,34516.0,1266,33250.0,0.846,1161,26,0.368,0.037
787833333,Existing Customer,44,M,3,College,Unknown,$80K - $120K,Blue,35,6,1,2,6361.0,1292,5069.0,1.027,1571,38,0.52,0.203
719781183,Existing Customer,57,M,4,High School,Married,$80K - $120K,Blue,38,4,1,3,15428.0,1553,13875.0,0.747,1916,40,0.538,0.101
710429358,Existing Customer,57,M,1,High School,Married,$40K - $60K,Blue,48,5,1,3,2544.0,1927,617.0,0.939,1346,30,0.364,0.757
798792408,Attrited Customer,48,M,3,High School,Married,$80K - $120K,Blue,42,1,1,3,9959.0,0,9959.0,0.688,805,24,0.143,0.0
710280558,Existing Customer,51,M,1,Graduate,Single,$60K - $80K,Blue,39,3,3,2,8796.0,2517,6279.0,0.492,1195,18,0.8,0.286
809825358,Existing Customer,53,F,3,Uneducated,Married,Less than $40K,Blue,48,6,1,3,3428.0,1566,1862.0,0.557,1155,34,0.545,0.457
714451833,Existing Customer,45,F,1,Doctorate,Single,Less than $40K,Blue,36,6,2,2,1438.3,0,1438.3,0.597,1431,34,0.545,0.0
713943783,Existing Customer,41,M,4,Post-Graduate,Married,$60K - $80K,Blue,32,5,3,2,18001.0,906,17095.0,0.62,1194,25,0.471,0.05
710706558,Existing Customer,51,F,4,Graduate,Single,Less than $40K,Blue,42,3,1,3,2680.0,1753,927.0,0.32,1154,33,0.571,0.654
713620308,Existing Customer,46,F,2,High School,Married,Less than $40K,Blue,35,6,4,3,4675.0,1734,2941.0,0.413,1232,34,0.545,0.371
813453408,Existing Customer,40,F,5,College,Married,Less than $40K,Blue,35,3,1,3,2448.0,1693,755.0,0.502,1269,30,0.875,0.692
818248383,Existing Customer,33,M,2,Doctorate,Married,$60K - $80K,Blue,28,3,3,3,4049.0,0,4049.0,0.898,1742,35,1.5,0.0
780106908,Existing Customer,53,M,1,High School,Single,$80K - $120K,Blue,38,6,2,2,8154.0,996,7158.0,0.594,1379,26,1.0,0.122
708938508,Existing Customer,63,M,1,High School,Married,$40K - $60K,Blue,36,5,3,2,4559.0,1571,2988.0,1.441,1870,35,0.842,0.345
709671708,Existing Customer,61,M,0,Uneducated,Single,$80K - $120K,Blue,36,4,2,1,19354.0,984,18370.0,0.956,1207,32,0.684,0.051
711204483,Attrited Customer,56,M,4,High School,Married,$60K - $80K,Blue,46,3,3,3,2340.0,1930,410.0,0.987,781,15,0.364,0.825
801728658,Existing Customer,53,M,2,Graduate,Single,$60K - $80K,Blue,47,6,3,0,13848.0,1389,12459.0,1.178,1773,38,0.407,0.1
713945883,Attrited Customer,62,F,2,Graduate,Married,Less than $40K,Blue,52,4,2,2,2490.0,513,1977.0,0.678,864,20,0.333,0.206
779558733,Existing Customer,50,F,4,Unknown,Married,Unknown,Silver,36,6,1,2,32156.0,1791,30365.0,0.906,1559,39,1.167,0.056
788370258,Existing Customer,37,M,4,Graduate,Married,$60K - $80K,Blue,30,5,3,2,2578.0,2517,61.0,0.896,1830,64,0.524,0.976
714927333,Existing Customer,62,F,0,Graduate,Married,Unknown,Blue,52,6,3,2,9050.0,1538,7512.0,0.77,1542,43,0.654,0.17
710383158,Existing Customer,49,M,3,Uneducated,Single,$80K - $120K,Silver,41,4,1,2,34516.0,0,34516.0,0.499,1506,47,0.516,0.0
798007308,Existing Customer,57,F,3,High School,Married,Unknown,Blue,51,6,1,0,8362.0,0,8362.0,0.528,1175,41,0.464,0.0
711768858,Existing Customer,55,M,2,High School,Married,$80K - $120K,Blue,36,3,2,3,6514.0,2258,4256.0,0.785,1383,20,1.857,0.347
714888633,Existing Customer,50,M,1,Graduate,Married,$80K - $120K,Blue,42,3,3,4,4051.0,1183,2868.0,0.794,1837,57,0.629,0.292
712650333,Existing Customer,48,M,3,College,Married,$60K - $80K,Blue,37,3,3,2,11959.0,1665,10294.0,0.675,1191,40,0.481,0.139
719945433,Existing Customer,60,F,1,Uneducated,Divorced,$40K - $60K,Blue,48,3,2,2,2070.0,0,2070.0,0.708,1793,53,0.963,0.0
720310458,Existing Customer,46,M,1,Unknown,Single,$120K +,Blue,32,5,2,1,11840.0,1295,10545.0,0.84,1560,49,0.4,0.109
718344033,Existing Customer,47,M,2,College,Married,$120K +,Blue,35,4,3,2,3636.0,1010,2626.0,0.596,1564,59,0.686,0.278
715442958,Existing Customer,54,M,2,Uneducated,Married,$60K - $80K,Blue,36,3,3,3,11067.0,2517,8550.0,1.048,1843,38,1.235,0.227
780326883,Existing Customer,53,M,2,Doctorate,Married,$60K - $80K,Blue,40,3,3,3,11262.0,1435,9827.0,0.735,2165,61,0.649,0.127
711157833,Existing Customer,56,F,3,Graduate,Single,$40K - $60K,Blue,36,4,1,0,5108.0,1656,3452.0,0.711,1631,41,0.323,0.324
719704308,Existing Customer,56,F,4,High School,Married,$40K - $60K,Blue,36,5,1,1,2072.0,1543,529.0,0.486,1265,32,0.391,0.745
708772308,Existing Customer,41,M,3,Uneducated,Married,$80K - $120K,Blue,24,4,3,3,4119.0,1656,2463.0,0.561,1455,35,0.667,0.402
817663908,Existing Customer,60,F,1,Graduate,Married,$40K - $60K,Blue,42,5,3,3,5903.0,1335,4568.0,0.914,1137,27,0.929,0.226
780054258,Existing Customer,40,M,5,Graduate,Unknown,$40K - $60K,Blue,25,6,2,3,7860.0,541,7319.0,0.764,1367,35,0.75,0.069
709990983,Existing Customer,49,F,3,Post-Graduate,Married,$40K - $60K,Blue,36,6,2,2,5918.0,842,5076.0,0.56,1292,26,0.733,0.142
818045958,Existing Customer,46,M,4,Graduate,Single,$40K - $60K,Blue,41,5,3,2,6741.0,1745,4996.0,0.559,1682,46,0.438,0.259
716380683,Existing Customer,36,F,3,High School,Married,Less than $40K,Blue,36,6,1,2,3880.0,1542,2338.0,1.015,1598,39,0.5,0.397
787480158,Existing Customer,57,F,2,Unknown,Married,Less than $40K,Blue,45,4,2,0,2494.0,1639,855.0,0.858,1555,39,0.625,0.657
778461408,Existing Customer,38,M,1,High School,Married,$80K - $120K,Blue,23,4,3,2,22149.0,987,21162.0,1.633,2409,36,0.8,0.045
713861733,Existing Customer,50,M,3,Graduate,Divorced,$80K - $120K,Blue,36,4,3,1,34516.0,1542,32974.0,0.869,1770,65,0.585,0.045
789291633,Existing Customer,62,M,0,Graduate,Married,$60K - $80K,Blue,51,3,2,0,5450.0,967,4483.0,0.701,1526,45,0.8,0.177
789513858,Attrited Customer,43,M,3,Unknown,Married,$40K - $60K,Blue,35,2,2,3,1438.3,0,1438.3,0.694,891,28,0.4,0.0
778357458,Existing Customer,44,F,5,Unknown,Single,Less than $40K,Blue,24,4,3,3,2003.0,1224,779.0,0.646,1756,42,0.355,0.611
718325883,Existing Customer,39,M,2,Uneducated,Single,$40K - $60K,Blue,32,6,3,2,7723.0,1902,5821.0,1.181,1241,22,1.0,0.246
720344658,Existing Customer,38,M,2,College,Married,$80K - $120K,Blue,23,4,1,1,18226.0,1847,16379.0,0.845,1681,43,0.87,0.101
809292483,Existing Customer,44,F,4,College,Married,Less than $40K,Blue,39,4,2,2,8128.0,1846,6282.0,0.857,1224,32,0.778,0.227
779791008,Existing Customer,43,M,3,High School,Married,$80K - $120K,Blue,32,6,2,3,5851.0,1660,4191.0,0.786,1572,38,0.52,0.284
779557533,Existing Customer,54,M,1,Post-Graduate,Single,$80K - $120K,Blue,40,6,3,3,10260.0,942,9318.0,1.042,1566,50,0.562,0.092
795904233,Existing Customer,38,F,3,Unknown,Single,Unknown,Blue,32,5,1,0,26945.0,727,26218.0,0.687,1579,40,0.6,0.027
710573808,Existing Customer,55,M,2,Unknown,Single,$60K - $80K,Blue,36,6,3,3,2243.0,1418,825.0,0.39,1334,31,0.409,0.632
717418158,Existing Customer,42,M,5,Unknown,Unknown,$120K +,Blue,36,4,1,2,34516.0,1839,32677.0,0.69,1230,34,0.889,0.053
771963708,Attrited Customer,56,M,3,Unknown,Married,$60K - $80K,Blue,45,5,3,2,12248.0,0,12248.0,0.894,767,25,0.562,0.0
712433508,Attrited Customer,59,F,1,Unknown,Married,Unknown,Blue,50,3,2,3,1438.3,0,1438.3,0.57,724,16,0.231,0.0
779320983,Existing Customer,46,M,4,Uneducated,Single,$80K - $120K,Blue,28,4,3,2,19843.0,1178,18665.0,0.909,1638,49,0.633,0.059
718093233,Existing Customer,55,F,2,Post-Graduate,Married,Less than $40K,Blue,45,3,3,3,2163.0,0,2163.0,0.816,1349,47,0.88,0.0
719459358,Existing Customer,52,M,1,Doctorate,Married,$120K +,Blue,41,4,2,2,33864.0,989,32875.0,1.219,1751,48,0.92,0.029
717728808,Existing Customer,39,F,2,Graduate,Married,Less than $40K,Blue,26,3,1,2,4531.0,1214,3317.0,0.813,1414,40,0.333,0.268
788701608,Existing Customer,42,F,4,Graduate,Single,Less than $40K,Blue,26,5,2,3,2950.0,1705,1245.0,0.605,1260,32,0.6,0.578
778506633,Attrited Customer,43,F,4,College,Married,Less than $40K,Blue,23,6,2,3,7706.0,392,7314.0,0.764,965,27,0.421,0.051
719989008,Existing Customer,47,F,1,High School,Unknown,Unknown,Blue,36,5,1,0,25657.0,2216,23441.0,0.856,1121,25,0.667,0.086
791839233,Existing Customer,42,F,4,Unknown,Divorced,Unknown,Blue,36,5,3,2,17536.0,1525,16011.0,0.859,1411,28,0.474,0.087
716918508,Existing Customer,39,M,1,College,Single,$40K - $60K,Blue,24,4,3,3,3770.0,1197,2573.0,0.621,1602,49,0.441,0.318
717321783,Existing Customer,50,M,1,Uneducated,Single,$60K - $80K,Blue,45,5,2,2,10344.0,1274,9070.0,0.445,1617,47,0.424,0.123
799000008,Existing Customer,57,M,2,Post-Graduate,Divorced,$120K +,Blue,51,4,1,1,26437.0,1472,24965.0,0.742,1244,36,0.5,0.056
721517208,Existing Customer,41,M,4,Unknown,Married,Less than $40K,Blue,30,4,6,1,2450.0,1967,483.0,0.589,1263,29,0.611,0.803
719068683,Existing Customer,52,F,1,High School,Married,$40K - $60K,Blue,36,5,1,2,3136.0,1864,1272.0,0.693,1036,25,0.25,0.594
709120008,Existing Customer,43,M,2,High School,Single,$60K - $80K,Blue,36,4,3,2,6976.0,0,6976.0,0.519,1217,39,1.438,0.0
709117533,Existing Customer,42,M,3,High School,Single,$80K - $120K,Blue,36,4,3,1,21134.0,1508,19626.0,0.505,1556,35,0.842,0.071
816594183,Existing Customer,58,F,2,Uneducated,Married,$40K - $60K,Blue,53,6,2,3,2019.0,1380,639.0,1.158,2005,62,0.59,0.684
789485433,Existing Customer,42,M,4,College,Married,$80K - $120K,Blue,34,3,2,3,34516.0,668,33848.0,0.678,1698,67,0.763,0.019
712881483,Existing Customer,55,M,1,Post-Graduate,Married,$80K - $120K,Blue,45,5,3,3,9959.0,1890,8069.0,1.043,2041,45,0.875,0.19
712689333,Existing Customer,38,M,2,Unknown,Single,$80K - $120K,Blue,28,4,3,2,20241.0,1203,19038.0,0.66,1102,31,0.632,0.059
771492408,Existing Customer,40,F,2,Graduate,Married,Less than $40K,Blue,28,3,1,2,2421.0,1747,674.0,0.691,1346,30,1.308,0.722
711668283,Existing Customer,48,M,4,Uneducated,Married,$80K - $120K,Blue,37,5,6,3,30948.0,2404,28544.0,0.609,1511,35,0.207,0.078
772684833,Existing Customer,32,F,1,Unknown,Married,Less than $40K,Blue,22,3,3,2,2642.0,2035,607.0,1.119,1761,42,0.909,0.77
712960308,Existing Customer,33,F,2,High School,Single,Less than $40K,Blue,36,4,1,1,8070.0,2350,5720.0,1.03,2117,61,0.649,0.291
713530833,Attrited Customer,58,M,2,Graduate,Married,$40K - $60K,Blue,48,2,3,3,4085.0,2238,1847.0,0.568,596,15,0.5,0.548
756065433,Existing Customer,26,M,0,Unknown,Single,$40K - $60K,Blue,19,5,2,2,2187.0,1597,590.0,0.777,2560,46,0.314,0.73
710997183,Existing Customer,46,M,0,Unknown,Married,$60K - $80K,Gold,36,3,3,2,34516.0,1092,33424.0,0.737,1409,39,0.345,0.032
711146358,Existing Customer,39,F,1,Graduate,Married,Unknown,Blue,29,4,3,2,3358.0,1758,1600.0,0.723,1759,33,0.737,0.524
716144058,Existing Customer,36,F,1,College,Single,$40K - $60K,Blue,25,6,3,3,1888.0,0,1888.0,0.928,1886,66,0.65,0.0
778699908,Attrited Customer,43,M,2,Uneducated,Married,$60K - $80K,Blue,24,2,3,3,14447.0,0,14447.0,0.856,915,29,2.222,0.0
713571258,Existing Customer,45,M,2,Unknown,Single,$60K - $80K,Silver,26,6,3,2,32349.0,1630,30719.0,0.646,1343,41,0.519,0.05
711676908,Existing Customer,51,F,3,College,Married,Unknown,Blue,36,3,2,3,12605.0,1449,11156.0,0.703,1870,56,0.647,0.115
719315508,Existing Customer,62,F,0,Unknown,Married,$40K - $60K,Blue,36,4,2,2,2964.0,2400,564.0,1.296,1557,25,1.778,0.81
778623858,Existing Customer,58,M,0,Uneducated,Married,$80K - $120K,Blue,38,6,3,3,3785.0,1935,1850.0,1.558,1824,49,1.45,0.511
714665733,Existing Customer,42,M,4,Graduate,Single,$60K - $80K,Blue,36,5,1,0,2727.0,834,1893.0,0.568,1294,26,0.444,0.306
816089433,Existing Customer,49,M,4,Doctorate,Married,$60K - $80K,Blue,44,3,1,1,3343.0,1581,1762.0,1.146,1545,31,0.824,0.473
716991933,Attrited Customer,53,F,3,Uneducated,Single,Less than $40K,Blue,35,6,3,1,9786.0,0,9786.0,0.701,820,25,0.562,0.0
714534108,Existing Customer,45,F,2,High School,Married,$40K - $60K,Blue,36,4,1,3,6407.0,1884,4523.0,0.678,1675,47,0.469,0.294
787456608,Existing Customer,29,M,2,High School,Married,$80K - $120K,Blue,15,6,2,2,4158.0,1635,2523.0,0.778,1678,37,0.542,0.393
717090183,Existing Customer,60,M,1,Doctorate,Married,$120K +,Blue,50,6,1,2,21697.0,2144,19553.0,0.654,2117,48,0.655,0.099
772782708,Existing Customer,50,M,3,Post-Graduate,Single,$80K - $120K,Blue,40,5,2,2,31383.0,1688,29695.0,0.765,1721,56,0.75,0.054
710722908,Existing Customer,53,M,3,Doctorate,Single,$120K +,Blue,36,3,1,0,30883.0,1694,29189.0,0.86,1267,23,0.533,0.055
795155433,Existing Customer,45,M,3,Unknown,Married,$80K - $120K,Blue,38,6,3,1,12918.0,1345,11573.0,1.061,1562,33,1.2,0.104
715271733,Existing Customer,50,F,2,Uneducated,Single,Less than $40K,Blue,37,3,3,0,8520.0,814,7706.0,0.504,1193,35,0.346,0.096
771706308,Existing Customer,46,M,2,Doctorate,Single,$80K - $120K,Blue,34,4,3,2,14310.0,694,13616.0,0.558,1254,34,0.478,0.048
713989233,Existing Customer,61,M,0,Post-Graduate,Married,Unknown,Blue,53,6,2,3,14434.0,1927,12507.0,2.675,1731,32,3.571,0.134
780198258,Existing Customer,46,M,4,College,Single,$120K +,Blue,36,5,2,1,7793.0,1705,6088.0,0.597,1099,39,0.696,0.219
802002858,Attrited Customer,62,F,1,High School,Married,Unknown,Blue,56,2,1,2,8990.0,0,8990.0,0.935,747,19,0.583,0.0
716290233,Existing Customer,43,F,3,Graduate,Married,$40K - $60K,Blue,33,6,2,3,4343.0,0,4343.0,0.563,1352,35,0.944,0.0
828298908,Existing Customer,54,M,4,Graduate,Married,$120K +,Blue,50,4,2,0,2872.0,2035,837.0,0.613,1770,47,0.741,0.709
788946783,Existing Customer,50,M,2,Unknown,Single,$120K +,Blue,36,5,1,3,9697.0,0,9697.0,0.759,1812,50,0.923,0.0
720697908,Existing Customer,35,M,2,High School,Married,$40K - $60K,Blue,21,3,3,1,2967.0,1843,1124.0,0.681,1673,58,0.526,0.621
780598383,Existing Customer,35,M,3,Doctorate,Single,$40K - $60K,Blue,23,4,3,2,2148.0,1545,603.0,0.682,2167,65,0.512,0.719
715345833,Existing Customer,36,F,1,High School,Single,Less than $40K,Blue,36,6,3,1,6116.0,2517,3599.0,0.691,2369,56,0.75,0.412
710831133,Existing Customer,42,M,3,Unknown,Married,$80K - $120K,Blue,36,5,2,2,18085.0,1487,16598.0,0.792,1582,47,1.043,0.082
766706358,Existing Customer,39,F,2,Unknown,Married,Less than $40K,Blue,32,6,3,0,2524.0,1395,1129.0,1.048,1800,33,0.5,0.553
816533733,Existing Customer,50,M,1,Unknown,Married,$80K - $120K,Blue,45,5,2,2,33951.0,0,33951.0,0.822,1567,44,0.467,0.0
712373208,Attrited Customer,43,M,3,Doctorate,Single,$60K - $80K,Blue,35,3,3,2,3312.0,0,3312.0,0.698,647,19,0.462,0.0
721433283,Existing Customer,39,F,1,High School,Single,$40K - $60K,Blue,20,3,2,2,9956.0,1117,8839.0,0.515,1447,39,0.696,0.112
720680058,Existing Customer,47,M,2,Post-Graduate,Married,Less than $40K,Blue,36,6,1,3,3888.0,1663,2225.0,0.664,1145,37,0.423,0.428
716909283,Existing Customer,60,M,1,Post-Graduate,Single,$80K - $120K,Blue,48,3,1,3,30655.0,0,30655.0,0.475,3280,78,0.625,0.0
754654383,Existing Customer,30,M,2,High School,Married,Less than $40K,Blue,23,4,2,0,2997.0,1393,1604.0,1.12,1577,35,0.522,0.465
719226333,Existing Customer,44,M,4,Unknown,Single,$60K - $80K,Blue,24,5,3,2,11042.0,2211,8831.0,0.897,1140,25,0.786,0.2
779759058,Existing Customer,52,M,0,Graduate,Single,$120K +,Blue,41,6,3,2,3386.0,1794,1592.0,0.671,1736,40,1.105,0.53
718206783,Existing Customer,45,F,4,Unknown,Single,Less than $40K,Gold,36,6,1,3,15987.0,1648,14339.0,0.732,1436,36,1.25,0.103
715783758,Existing Customer,40,M,4,Graduate,Divorced,$120K +,Blue,30,5,3,3,25188.0,1295,23893.0,0.557,1513,38,0.583,0.051
771190083,Existing Customer,36,F,3,Post-Graduate,Single,Less than $40K,Blue,23,6,2,1,2410.0,1705,705.0,0.798,2505,69,0.568,0.707
713135883,Existing Customer,65,F,0,High School,Married,Unknown,Blue,53,4,3,0,4315.0,717,3598.0,0.808,1723,51,0.5,0.166
778799583,Existing Customer,35,F,0,Unknown,Married,Less than $40K,Blue,24,6,1,1,2592.0,2227,365.0,0.633,1695,48,0.548,0.859
808796208,Existing Customer,54,F,2,Unknown,Divorced,$40K - $60K,Blue,49,5,3,2,5476.0,2517,2959.0,0.967,1532,44,0.692,0.46
708313608,Existing Customer,53,M,3,Unknown,Married,$80K - $120K,Blue,43,5,3,0,2464.0,2116,348.0,0.744,2110,43,1.048,0.859
779330208,Existing Customer,62,F,1,College,Married,Less than $40K,Blue,44,3,2,3,2378.0,1610,768.0,0.448,1807,45,0.607,0.677
794498733,Existing Customer,40,M,2,Unknown,Single,$120K +,Blue,21,6,4,3,20056.0,1602,18454.0,0.466,1687,46,0.533,0.08
807964908,Existing Customer,41,M,4,High School,Married,$60K - $80K,Blue,36,4,2,2,8013.0,2025,5988.0,0.789,1481,45,0.452,0.253
823845783,Existing Customer,53,M,2,Unknown,Married,$120K +,Blue,49,6,2,3,3386.0,1984,1402.0,0.573,1318,37,0.194,0.586
711748983,Existing Customer,30,M,1,High School,Married,$60K - $80K,Blue,17,3,3,2,7906.0,1631,6275.0,0.889,1946,45,0.552,0.206
718064283,Existing Customer,46,M,3,Uneducated,Divorced,$60K - $80K,Blue,34,4,3,0,11501.0,713,10788.0,0.84,1481,41,0.519,0.062
710492733,Existing Customer,29,M,0,Post-Graduate,Single,$40K - $60K,Blue,19,4,1,2,13632.0,1482,12150.0,0.893,2168,42,2.5,0.109
779016408,Existing Customer,37,F,3,Uneducated,Married,Less than $40K,Blue,27,6,1,3,2229.0,1791,438.0,1.139,1583,32,0.6,0.803
717787533,Existing Customer,51,F,1,High School,Married,Less than $40K,Blue,40,4,1,1,5158.0,2190,2968.0,0.426,1229,34,0.478,0.425
714851058,Existing Customer,31,M,0,Graduate,Married,$40K - $60K,Blue,21,3,3,0,2158.0,1729,429.0,1.1,1718,42,0.448,0.801
823535133,Existing Customer,45,M,2,Uneducated,Unknown,$80K - $120K,Blue,41,6,2,2,23271.0,1262,22009.0,0.718,1402,34,0.889,0.054
708455883,Attrited Customer,57,M,1,Graduate,Single,$80K - $120K,Blue,36,2,3,2,10244.0,861,9383.0,0.78,1127,29,0.381,0.084
780095808,Existing Customer,43,M,3,Unknown,Divorced,$60K - $80K,Blue,30,3,2,1,2588.0,1669,919.0,0.788,1053,31,0.55,0.645
709207458,Existing Customer,44,M,3,Graduate,Married,$40K - $60K,Blue,27,4,2,3,10747.0,1603,9144.0,0.471,1340,25,0.923,0.149
763895958,Attrited Customer,53,M,2,High School,Married,$120K +,Blue,46,4,3,1,7474.0,0,7474.0,0.858,732,21,0.615,0.0
715942683,Existing Customer,32,F,3,Graduate,Single,Less than $40K,Blue,36,3,1,3,3555.0,0,3555.0,0.813,2346,71,0.651,0.0
721301733,Existing Customer,53,M,1,Graduate,Married,$80K - $120K,Blue,38,6,3,2,22140.0,733,21407.0,0.987,1580,45,0.667,0.033
711927108,Attrited Customer,54,M,3,High School,Married,$80K - $120K,Blue,36,2,3,4,9457.0,350,9107.0,1.024,1196,28,0.333,0.037
718083483,Existing Customer,42,M,3,Uneducated,Unknown,Less than $40K,Blue,35,4,5,0,6218.0,2134,4084.0,1.25,2086,50,0.786,0.343
717548358,Existing Customer,38,F,1,College,Married,Less than $40K,Blue,25,3,3,1,2580.0,2265,315.0,0.824,1665,57,0.629,0.878
816829608,Existing Customer,44,M,2,Unknown,Married,$80K - $120K,Blue,39,6,2,2,1438.3,0,1438.3,0.871,1495,39,0.393,0.0
713936583,Existing Customer,54,M,2,Graduate,Married,$60K - $80K,Blue,43,6,3,1,6224.0,1892,4332.0,0.983,2187,58,0.657,0.304
709682658,Existing Customer,37,F,4,High School,Single,$40K - $60K,Blue,36,5,3,1,3093.0,2517,576.0,0.855,1371,23,0.917,0.814
793889508,Existing Customer,48,F,2,Graduate,Married,$40K - $60K,Blue,42,4,3,3,4076.0,0,4076.0,0.808,1235,37,0.682,0.0
714648933,Existing Customer,55,F,3,Graduate,Married,Unknown,Blue,36,3,2,0,4861.0,1123,3738.0,0.938,1556,40,0.538,0.231
711556533,Existing Customer,43,F,1,Graduate,Unknown,Unknown,Blue,36,6,3,3,9851.0,0,9851.0,1.034,1212,24,0.6,0.0
717420333,Existing Customer,37,M,1,High School,Single,$60K - $80K,Blue,26,4,3,2,7349.0,2517,4832.0,0.877,2701,60,0.714,0.342
768921933,Existing Customer,34,M,2,High School,Married,$60K - $80K,Blue,28,3,3,3,2853.0,2420,433.0,0.858,1750,47,0.808,0.848
714311583,Existing Customer,46,F,4,Graduate,Single,Unknown,Blue,36,4,3,2,17023.0,1084,15939.0,0.928,1610,43,0.387,0.064
717707133,Existing Customer,32,M,1,Unknown,Single,$40K - $60K,Blue,24,6,2,3,10060.0,2322,7738.0,0.894,2184,63,1.032,0.231
716043258,Existing Customer,53,M,3,Unknown,Married,$40K - $60K,Blue,41,6,1,2,1595.0,870,725.0,0.694,1745,41,0.577,0.545
716343408,Existing Customer,46,M,3,Graduate,Divorced,$80K - $120K,Blue,38,3,2,1,8475.0,1385,7090.0,0.611,1381,40,0.481,0.163
718909158,Existing Customer,38,M,1,College,Married,Less than $40K,Blue,25,6,3,3,5559.0,658,4901.0,0.627,1793,37,0.947,0.118
719471433,Existing Customer,31,F,0,Graduate,Married,Less than $40K,Blue,22,3,3,2,2917.0,2127,790.0,1.074,1831,36,1.0,0.729
712763808,Existing Customer,38,M,2,Unknown,Single,$60K - $80K,Blue,36,3,3,3,6692.0,2037,4655.0,0.401,1468,36,0.241,0.304
711147483,Attrited Customer,46,F,3,Graduate,Single,Less than $40K,Blue,28,2,2,3,8551.0,1067,7484.0,0.931,1097,32,0.778,0.125
719788833,Existing Customer,47,M,3,High School,Married,$60K - $80K,Blue,36,6,2,3,10569.0,0,10569.0,0.838,1682,44,1.0,0.0
715168983,Existing Customer,47,F,3,Graduate,Married,Less than $40K,Blue,36,5,2,2,7051.0,0,7051.0,0.527,1451,37,0.194,0.0
714306258,Existing Customer,56,M,1,College,Married,$60K - $80K,Blue,46,3,2,1,10117.0,2242,7875.0,0.662,1509,44,0.467,0.222
713828208,Existing Customer,47,M,2,Uneducated,Unknown,$60K - $80K,Blue,36,6,2,1,8311.0,0,8311.0,0.584,1895,57,0.425,0.0
710574558,Existing Customer,47,M,4,Graduate,Single,$80K - $120K,Blue,41,5,3,2,26442.0,1642,24800.0,0.651,1403,40,0.429,0.062
710947683,Existing Customer,64,F,0,Graduate,Married,Less than $40K,Blue,51,6,3,1,4920.0,1142,3778.0,0.507,1420,31,0.348,0.232
711113958,Existing Customer,37,F,3,Unknown,Married,Less than $40K,Blue,25,6,2,1,1438.3,674,764.3,2.18,1717,31,0.722,0.469
718923858,Existing Customer,42,M,1,College,Married,$60K - $80K,Silver,29,5,2,2,26750.0,1204,25546.0,0.428,1131,29,0.318,0.045
752666508,Existing Customer,41,M,4,College,Married,$80K - $120K,Silver,34,4,3,3,34516.0,1347,33169.0,0.801,1005,22,1.0,0.039
712672083,Existing Customer,65,F,0,High School,Married,Less than $40K,Blue,36,3,3,2,1438.3,747,691.3,0.491,948,24,0.714,0.519
719863758,Existing Customer,49,F,3,Post-Graduate,Married,$40K - $60K,Blue,41,6,2,2,1869.0,758,1111.0,0.91,1549,34,0.478,0.406
720990183,Attrited Customer,54,M,5,High School,Married,$60K - $80K,Blue,36,5,2,3,14539.0,0,14539.0,0.907,965,26,0.529,0.0
720718908,Existing Customer,46,M,3,Uneducated,Single,$120K +,Blue,36,5,1,3,26977.0,1961,25016.0,0.641,1958,41,1.05,0.073
721250358,Existing Customer,50,M,2,Unknown,Married,$40K - $60K,Blue,36,3,1,3,5426.0,1478,3948.0,0.664,1266,22,0.571,0.272
779773533,Existing Customer,50,F,3,Unknown,Married,Less than $40K,Blue,34,6,1,3,7623.0,2517,5106.0,1.007,1367,29,1.071,0.33
708249708,Existing Customer,48,F,1,Doctorate,Married,Less than $40K,Blue,39,3,3,3,4844.0,1576,3268.0,0.809,1489,48,0.6,0.325
713967783,Existing Customer,62,F,0,Unknown,Married,Unknown,Blue,52,6,1,1,2683.0,1707,976.0,1.254,1582,33,0.941,0.636
779506158,Existing Customer,39,F,1,College,Married,Less than $40K,Blue,22,3,1,2,3214.0,2257,957.0,1.279,2516,42,0.75,0.702
759823158,Existing Customer,46,M,1,Unknown,Married,$60K - $80K,Blue,39,4,3,3,5374.0,2324,3050.0,0.423,1557,49,0.4,0.432
716608608,Attrited Customer,41,M,2,Uneducated,Married,$80K - $120K,Blue,33,5,3,3,8004.0,1452,6552.0,0.929,1084,32,0.524,0.181
789528183,Existing Customer,39,F,2,Graduate,Married,Unknown,Blue,31,4,2,3,1438.3,997,441.3,1.867,2583,47,0.958,0.693
708895158,Existing Customer,46,M,2,Unknown,Married,$80K - $120K,Blue,34,3,3,3,2925.0,2365,560.0,0.691,1371,30,0.579,0.809
824805858,Existing Customer,39,F,2,Uneducated,Single,Less than $40K,Blue,35,5,3,3,9235.0,1479,7756.0,0.843,1537,49,0.581,0.16
720840108,Existing Customer,44,M,0,Uneducated,Married,Less than $40K,Blue,24,5,3,0,8837.0,2103,6734.0,0.559,3753,60,0.875,0.238
787595658,Existing Customer,57,F,3,Unknown,Single,Less than $40K,Blue,29,6,1,1,8801.0,1421,7380.0,0.568,1104,31,0.292,0.161
720244983,Existing Customer,40,M,3,Unknown,Single,$40K - $60K,Blue,28,4,1,1,3563.0,1707,1856.0,0.506,1482,42,0.312,0.479
713220258,Existing Customer,65,F,0,High School,Married,Unknown,Blue,36,4,3,2,8138.0,2104,6034.0,0.837,1299,29,0.812,0.259
813469458,Existing Customer,26,F,1,Graduate,Single,$40K - $60K,Blue,20,6,3,3,1438.3,673,765.3,0.595,2167,48,0.412,0.468
788939358,Existing Customer,47,M,2,High School,Unknown,$60K - $80K,Blue,33,4,2,2,2458.0,1399,1059.0,0.739,1563,40,1.222,0.569
718870158,Existing Customer,47,M,4,High School,Married,$60K - $80K,Blue,34,5,2,3,4592.0,1635,2957.0,0.952,1772,52,0.486,0.356
788673708,Attrited Customer,57,F,2,High School,Married,$40K - $60K,Blue,45,2,1,3,1438.3,0,1438.3,1.036,1254,35,0.842,0.0
711809283,Existing Customer,31,M,1,Unknown,Married,Less than $40K,Blue,36,3,3,3,1868.0,1515,353.0,1.359,2229,35,0.667,0.811
816513108,Existing Customer,54,M,4,Graduate,Married,$60K - $80K,Blue,49,3,1,2,5269.0,1099,4170.0,1.178,2195,63,0.969,0.209
718594608,Existing Customer,43,F,2,Post-Graduate,Married,Unknown,Blue,36,3,3,3,20156.0,1759,18397.0,0.476,1362,28,0.556,0.087
823606983,Existing Customer,39,M,2,College,Married,$60K - $80K,Blue,35,4,3,2,7410.0,2517,4893.0,1.924,2398,37,1.176,0.34
717028158,Existing Customer,53,M,3,Graduate,Married,$120K +,Blue,44,3,2,3,12163.0,2082,10081.0,1.554,2649,56,0.697,0.171
788485908,Existing Customer,44,M,3,Unknown,Married,$60K - $80K,Blue,37,3,2,3,6224.0,0,6224.0,0.738,1463,34,0.889,0.0
714472608,Existing Customer,59,M,0,College,Married,Less than $40K,Blue,49,3,3,3,4250.0,1095,3155.0,0.947,1174,27,0.8,0.258
710793783,Existing Customer,53,F,3,Graduate,Married,Unknown,Blue,40,6,3,1,12059.0,1978,10081.0,0.877,1836,36,0.895,0.164
794340033,Existing Customer,34,F,3,Uneducated,Married,$40K - $60K,Blue,28,5,1,3,2799.0,1762,1037.0,0.986,1817,39,0.56,0.63
716462658,Existing Customer,47,M,4,Doctorate,Single,$80K - $120K,Blue,36,3,1,1,18037.0,0,18037.0,0.74,1387,36,0.333,0.0
718050033,Existing Customer,54,M,2,College,Married,$120K +,Blue,43,3,2,3,5657.0,1719,3938.0,0.606,2028,55,0.667,0.304
714023808,Existing Customer,42,F,2,Graduate,Married,Unknown,Blue,33,6,1,1,13770.0,2517,11253.0,0.788,1582,36,0.385,0.183
716341833,Existing Customer,53,F,3,College,Married,Less than $40K,Blue,44,6,2,3,4646.0,1730,2916.0,0.683,1774,37,0.85,0.372
719648358,Existing Customer,50,M,2,Graduate,Single,$80K - $120K,Blue,35,3,3,1,2514.0,1521,993.0,0.638,1636,36,0.385,0.605
816600933,Attrited Customer,56,M,0,College,Married,$80K - $120K,Blue,51,3,2,3,14501.0,0,14501.0,0.854,1031,25,0.389,0.0
714208533,Attrited Customer,43,M,3,High School,Married,$60K - $80K,Blue,36,1,3,3,8663.0,288,8375.0,0.639,916,33,0.32,0.033
713095533,Existing Customer,44,F,4,High School,Divorced,Less than $40K,Blue,36,5,3,3,2333.0,1485,848.0,0.692,1198,31,0.722,0.637
809967783,Existing Customer,34,F,4,Graduate,Divorced,$40K - $60K,Blue,26,5,5,3,3038.0,1539,1499.0,0.707,2189,54,0.688,0.507
715848408,Existing Customer,61,M,1,Graduate,Unknown,$80K - $120K,Blue,52,6,6,1,8851.0,0,8851.0,0.731,1257,36,0.44,0.0
714414483,Existing Customer,54,F,0,Unknown,Married,Less than $40K,Blue,44,6,3,1,2945.0,2206,739.0,0.983,1503,35,0.842,0.749
708655983,Existing Customer,49,F,3,High School,Divorced,Unknown,Blue,40,3,3,2,5267.0,0,5267.0,0.442,1353,24,0.263,0.0
720426708,Attrited Customer,56,M,3,High School,Single,$60K - $80K,Blue,45,2,1,3,8512.0,0,8512.0,1.038,811,27,1.25,0.0
713743158,Existing Customer,47,M,1,Graduate,Married,$60K - $80K,Blue,36,4,3,2,19063.0,1714,17349.0,0.786,1270,21,0.615,0.09
721279083,Existing Customer,53,M,4,Graduate,Single,$80K - $120K,Blue,33,5,3,3,5376.0,1177,4199.0,0.939,1840,53,0.606,0.219
779149683,Existing Customer,30,F,0,Graduate,Divorced,Unknown,Blue,13,5,1,2,7772.0,1890,5882.0,0.754,2585,75,0.829,0.243
714970458,Existing Customer,39,F,2,High School,Married,$40K - $60K,Blue,29,6,1,1,9173.0,2047,7126.0,1.419,1807,33,0.737,0.223
719070108,Existing Customer,44,M,2,Graduate,Married,$80K - $120K,Silver,35,4,1,3,34516.0,1726,32790.0,0.867,1729,52,0.677,0.05
715490733,Existing Customer,54,F,3,Uneducated,Single,Unknown,Blue,36,5,1,2,11975.0,1542,10433.0,0.77,1211,35,0.4,0.129
714989583,Existing Customer,46,M,2,Graduate,Married,$60K - $80K,Blue,36,3,2,3,15405.0,1691,13714.0,0.814,1763,44,0.189,0.11
820355433,Existing Customer,43,M,3,Unknown,Single,$40K - $60K,Blue,38,6,1,1,2615.0,0,2615.0,0.589,1395,34,0.259,0.0
715901508,Existing Customer,35,M,1,High School,Married,$80K - $120K,Blue,25,6,1,2,23991.0,2307,21684.0,0.912,1843,43,0.72,0.096
710370483,Existing Customer,39,F,4,College,Married,Less than $40K,Blue,31,4,3,3,1888.0,1292,596.0,0.772,1517,33,1.357,0.684
778573233,Existing Customer,61,F,1,Graduate,Married,Less than $40K,Blue,54,3,2,2,3102.0,2091,1011.0,0.704,1977,50,1.0,0.674
708833133,Existing Customer,40,F,3,Graduate,Divorced,Less than $40K,Blue,29,5,2,2,3170.0,2517,653.0,1.301,2027,49,0.815,0.794
719885883,Existing Customer,53,M,3,College,Single,$120K +,Blue,36,6,2,0,34516.0,1901,32615.0,0.914,1497,43,1.15,0.055
712523283,Existing Customer,55,M,2,Unknown,Married,$120K +,Blue,41,4,3,2,14938.0,0,14938.0,0.49,1134,31,0.632,0.0
711309033,Existing Customer,41,M,2,Unknown,Single,$60K - $80K,Blue,24,6,2,2,17298.0,2310,14988.0,0.844,3663,65,0.806,0.134
708134283,Existing Customer,35,M,2,Uneducated,Married,Less than $40K,Blue,36,4,3,3,3131.0,629,2502.0,0.749,1483,31,0.632,0.201
720147633,Existing Customer,61,M,1,Unknown,Single,$40K - $60K,Blue,47,3,2,2,11915.0,1631,10284.0,0.748,1956,63,0.537,0.137
708983658,Attrited Customer,51,M,2,Uneducated,Single,$120K +,Blue,39,3,3,1,16868.0,0,16868.0,0.938,940,25,0.471,0.0
766285608,Existing Customer,42,M,3,High School,Single,$40K - $60K,Blue,35,4,3,3,3266.0,1900,1366.0,1.568,2183,56,0.75,0.582
779715108,Existing Customer,46,M,2,Unknown,Divorced,$80K - $120K,Blue,30,3,3,3,2770.0,1286,1484.0,1.068,2920,74,0.721,0.464
798035358,Existing Customer,46,F,4,High School,Single,Less than $40K,Blue,40,3,2,2,3556.0,2172,1384.0,0.402,1221,41,0.708,0.611
719391783,Existing Customer,46,M,4,Uneducated,Married,$40K - $60K,Blue,35,3,2,2,9149.0,1566,7583.0,0.971,1790,60,0.765,0.171
809342208,Existing Customer,26,M,0,Graduate,Single,Unknown,Blue,19,4,1,2,1438.3,0,1438.3,0.472,2005,47,0.469,0.0
780713058,Existing Customer,46,M,3,High School,Married,$60K - $80K,Blue,35,4,3,3,14701.0,1635,13066.0,0.618,3490,69,0.533,0.111
779338683,Existing Customer,62,M,1,Graduate,Married,$60K - $80K,Blue,44,5,2,2,14825.0,962,13863.0,0.76,1904,49,0.531,0.065
783387783,Existing Customer,55,M,2,Uneducated,Divorced,$60K - $80K,Blue,49,4,5,3,10127.0,1873,8254.0,0.573,1647,53,0.472,0.185
787800108,Existing Customer,55,M,2,College,Married,$80K - $120K,Blue,45,5,1,2,2929.0,2431,498.0,1.632,1903,39,0.625,0.83
721397808,Existing Customer,32,M,0,High School,Married,$40K - $60K,Blue,24,5,2,0,3735.0,1176,2559.0,1.184,1564,41,0.708,0.315
778698408,Existing Customer,37,F,4,Uneducated,Married,Less than $40K,Blue,18,5,1,2,2930.0,2024,906.0,0.903,1686,34,0.7,0.691
709545333,Existing Customer,33,F,4,High School,Single,Unknown,Blue,29,6,2,3,12716.0,1496,11220.0,1.032,2412,64,0.6,0.118
716032233,Existing Customer,42,M,2,College,Married,$80K - $120K,Blue,32,5,2,2,22120.0,1805,20315.0,0.65,3981,65,0.667,0.082
717835908,Existing Customer,33,M,2,Post-Graduate,Married,$80K - $120K,Blue,22,3,3,3,1438.3,681,757.3,1.542,2730,48,0.778,0.473
719466558,Existing Customer,60,F,0,High School,Single,Unknown,Blue,36,3,2,2,4546.0,0,4546.0,0.66,1361,34,0.308,0.0
778663458,Attrited Customer,65,M,1,High School,Married,Less than $40K,Blue,47,3,2,1,1759.0,0,1759.0,1.058,821,18,0.5,0.0
716024808,Attrited Customer,57,M,1,Graduate,Married,$80K - $120K,Blue,36,3,3,3,4829.0,2418,2411.0,0.601,938,21,0.4,0.501
713008308,Existing Customer,59,F,0,Unknown,Married,Less than $40K,Blue,47,5,3,2,7692.0,1678,6014.0,1.423,1861,42,0.5,0.218
794831733,Existing Customer,45,F,5,Graduate,Married,Less than $40K,Blue,39,4,3,2,2156.0,1208,948.0,0.569,1345,28,0.647,0.56
713854608,Existing Customer,62,M,1,Uneducated,Married,$60K - $80K,Blue,36,6,3,3,9521.0,1669,7852.0,1.308,2444,63,0.4,0.175
715993608,Existing Customer,51,M,2,College,Single,$120K +,Blue,41,6,3,2,26714.0,2517,24197.0,0.758,1686,50,0.724,0.094
789368658,Existing Customer,57,M,2,Graduate,Married,$80K - $120K,Blue,47,6,2,3,2092.0,1387,705.0,0.731,1468,30,0.304,0.663
802817358,Existing Customer,38,F,3,High School,Married,Unknown,Blue,32,4,2,1,11594.0,2072,9522.0,0.983,2320,51,0.594,0.179
708098133,Existing Customer,32,F,0,Graduate,Married,Less than $40K,Blue,19,6,1,0,2834.0,1418,1416.0,1.458,1598,39,0.773,0.5
801499908,Existing Customer,43,F,4,Graduate,Married,Less than $40K,Blue,37,4,3,2,4724.0,2056,2668.0,0.423,1232,31,0.55,0.435
824770683,Existing Customer,51,F,0,Unknown,Divorced,Less than $40K,Blue,47,6,4,3,3049.0,1151,1898.0,0.533,4027,76,0.52,0.378
718310733,Existing Customer,50,M,2,Unknown,Divorced,$80K - $120K,Blue,36,4,3,1,20614.0,0,20614.0,0.926,1922,48,0.6,0.0
708162558,Existing Customer,64,F,0,Uneducated,Married,Unknown,Blue,54,6,1,2,3250.0,1992,1258.0,0.715,1355,36,0.565,0.613
721129383,Existing Customer,53,F,1,Doctorate,Married,Less than $40K,Blue,36,3,1,2,3128.0,2517,611.0,0.696,2361,42,0.826,0.805
721249158,Attrited Customer,42,M,2,Uneducated,Single,$60K - $80K,Blue,30,2,2,3,6414.0,0,6414.0,0.718,708,14,0.4,0.0
721049658,Existing Customer,53,M,3,Graduate,Single,$80K - $120K,Blue,34,6,3,0,2506.0,0,2506.0,0.598,1687,62,0.59,0.0
806392908,Existing Customer,52,F,4,High School,Single,Unknown,Blue,47,6,2,3,7469.0,2338,5131.0,0.441,1212,33,0.32,0.313
714886533,Existing Customer,60,F,2,High School,Married,Less than $40K,Blue,36,4,3,2,3460.0,2517,943.0,1.144,1752,34,1.125,0.727
772375533,Existing Customer,30,M,1,Graduate,Married,$80K - $120K,Blue,19,5,3,2,9959.0,2377,7582.0,1.1,1560,39,0.696,0.239
826775058,Existing Customer,43,F,3,Uneducated,Married,Less than $40K,Blue,39,4,1,2,4175.0,2517,1658.0,0.551,1520,36,0.44,0.603
711878733,Existing Customer,60,M,1,Uneducated,Married,$60K - $80K,Blue,48,3,1,3,10264.0,2073,8191.0,0.62,1685,45,0.364,0.202
714550383,Existing Customer,46,M,2,High School,Single,$40K - $60K,Blue,36,4,3,3,4129.0,0,4129.0,0.96,1678,40,1.0,0.0
712636308,Existing Customer,65,F,2,High School,Married,$40K - $60K,Blue,45,6,2,2,2658.0,1514,1144.0,1.193,1627,26,1.0,0.57
772139433,Existing Customer,44,F,2,College,Single,$40K - $60K,Blue,33,4,2,3,4589.0,1240,3349.0,0.856,1637,61,0.906,0.27
709058808,Existing Customer,56,F,2,College,Married,Less than $40K,Blue,36,6,1,2,2781.0,1035,1746.0,0.816,1707,42,1.211,0.372
813240408,Existing Customer,45,F,4,High School,Married,Unknown,Blue,39,4,3,2,24880.0,836,24044.0,0.701,1208,25,1.083,0.034
767753958,Existing Customer,37,M,3,Graduate,Unknown,$40K - $60K,Blue,31,6,1,2,8504.0,1956,6548.0,0.963,1881,51,0.417,0.23
710111733,Existing Customer,48,M,2,High School,Married,$80K - $120K,Blue,39,5,1,3,8091.0,1996,6095.0,0.646,1360,28,0.647,0.247
761544333,Existing Customer,37,F,4,College,Married,$40K - $60K,Blue,30,4,4,3,3417.0,2517,900.0,0.992,1641,32,0.882,0.737
788814783,Existing Customer,39,M,1,Uneducated,Single,$60K - $80K,Blue,22,4,3,3,9204.0,845,8359.0,0.673,1820,58,0.611,0.092
715034358,Existing Customer,41,M,2,Graduate,Married,$120K +,Blue,32,5,2,3,14302.0,2097,12205.0,0.407,1505,35,0.591,0.147
709624533,Existing Customer,55,F,2,High School,Married,Less than $40K,Blue,45,5,2,0,3187.0,2517,670.0,1.144,1627,38,0.652,0.79
709942383,Existing Customer,34,M,1,Graduate,Married,$80K - $120K,Blue,36,5,3,2,6313.0,782,5531.0,0.931,1703,34,0.889,0.124
803957508,Existing Customer,52,M,2,Unknown,Single,$80K - $120K,Blue,47,6,1,3,15904.0,1024,14880.0,0.369,1433,33,0.5,0.064
713378133,Existing Customer,54,F,0,Post-Graduate,Single,Less than $40K,Silver,39,6,2,3,11696.0,2288,9408.0,0.973,2445,60,0.765,0.196
709217358,Existing Customer,40,M,3,Post-Graduate,Married,$80K - $120K,Blue,36,5,3,2,20371.0,1832,18539.0,0.907,1665,45,0.8,0.09
720998358,Existing Customer,52,M,0,High School,Married,$120K +,Silver,41,3,3,1,34516.0,1043,33473.0,0.562,1489,38,0.357,0.03
721051908,Existing Customer,45,M,3,Graduate,Single,$60K - $80K,Blue,33,3,1,3,7552.0,0,7552.0,0.463,1393,32,0.455,0.0
715232058,Existing Customer,61,M,0,Post-Graduate,Married,$40K - $60K,Blue,53,5,1,2,5561.0,1434,4127.0,1.423,1820,42,0.826,0.258
806250783,Existing Customer,57,F,2,High School,Married,Less than $40K,Blue,52,6,3,2,1441.0,0,1441.0,1.364,2742,58,0.758,0.0
817245183,Existing Customer,51,M,2,Unknown,Unknown,$120K +,Blue,33,6,2,2,19715.0,1014,18701.0,1.437,1979,40,0.667,0.051
713670333,Existing Customer,60,M,1,Unknown,Single,Less than $40K,Blue,52,5,3,2,2486.0,1464,1022.0,0.731,1378,27,0.421,0.589
826477083,Existing Customer,48,F,2,College,Married,Less than $40K,Blue,44,5,1,3,4570.0,2439,2131.0,0.693,1520,34,0.7,0.534
788728608,Existing Customer,34,M,0,High School,Married,$40K - $60K,Blue,13,3,3,2,3870.0,1394,2476.0,0.827,1588,36,0.714,0.36
717190533,Existing Customer,49,M,4,High School,Married,$60K - $80K,Blue,36,6,3,2,12938.0,661,12277.0,0.725,1282,32,0.778,0.051
716580033,Existing Customer,53,M,3,High School,Married,$120K +,Blue,36,3,1,3,21178.0,1796,19382.0,1.182,1872,59,1.107,0.085
711644508,Existing Customer,34,M,2,Uneducated,Single,$80K - $120K,Blue,36,3,2,0,12182.0,1136,11046.0,0.753,2295,63,0.5,0.093
714334383,Existing Customer,54,M,2,Graduate,Married,$60K - $80K,Blue,42,6,2,0,3583.0,0,3583.0,1.088,1065,28,1.545,0.0
720611058,Existing Customer,40,M,3,Graduate,Single,$120K +,Blue,27,4,2,3,17018.0,0,17018.0,0.69,1550,47,0.621,0.0
712420833,Existing Customer,49,F,5,College,Single,Unknown,Blue,41,6,3,2,16031.0,2245,13786.0,0.635,1527,57,0.462,0.14
713845083,Attrited Customer,41,F,4,High School,Single,Less than $40K,Blue,36,6,2,3,4203.0,2517,1686.0,0.771,1489,43,0.536,0.599
713756508,Existing Customer,46,M,3,Graduate,Divorced,Less than $40K,Blue,36,5,1,3,4213.0,997,3216.0,0.668,1264,30,0.667,0.237
735565158,Existing Customer,46,M,4,Graduate,Married,$60K - $80K,Blue,33,6,2,2,21548.0,1180,20368.0,0.52,1582,38,0.652,0.055
714131058,Existing Customer,30,M,0,Graduate,Unknown,$60K - $80K,Blue,36,3,5,3,18513.0,2517,15996.0,0.524,1567,33,0.941,0.136
717180633,Existing Customer,59,M,1,Post-Graduate,Married,$40K - $60K,Blue,36,4,2,2,2483.0,1372,1111.0,1.642,1704,35,0.458,0.553
717295683,Existing Customer,50,M,0,Doctorate,Single,$80K - $120K,Blue,38,5,2,2,3460.0,1881,1579.0,0.622,1546,35,1.059,0.544
713128833,Existing Customer,49,M,2,Unknown,Unknown,$60K - $80K,Blue,36,5,3,2,6511.0,1790,4721.0,0.397,1478,38,0.267,0.275
813499458,Attrited Customer,45,M,5,High School,Unknown,$60K - $80K,Blue,40,3,3,1,1438.3,0,1438.3,1.23,2132,31,0.107,0.0
710070183,Existing Customer,53,F,1,High School,Single,Less than $40K,Blue,36,3,2,2,2615.0,1772,843.0,0.611,1419,38,0.357,0.678
789605658,Existing Customer,42,F,1,Doctorate,Married,$40K - $60K,Blue,35,4,3,2,2985.0,2355,630.0,0.602,1065,27,0.588,0.789
710045058,Existing Customer,46,M,5,High School,Married,$40K - $60K,Silver,28,5,1,3,18797.0,2158,16639.0,0.446,1364,40,0.538,0.115
710164683,Existing Customer,33,M,1,Graduate,Married,$60K - $80K,Blue,22,3,1,3,2859.0,2517,342.0,1.254,2247,36,0.636,0.88
710802258,Existing Customer,46,F,2,Graduate,Married,Less than $40K,Blue,38,4,3,0,2888.0,2245,643.0,0.772,1111,26,0.368,0.777
721036233,Existing Customer,61,M,0,High School,Married,$60K - $80K,Blue,36,4,3,3,9172.0,1567,7605.0,1.451,1836,42,0.75,0.171
710036508,Existing Customer,42,M,5,Uneducated,Married,$40K - $60K,Blue,34,5,3,2,14281.0,1519,12762.0,0.256,1164,35,0.522,0.106
717776808,Existing Customer,47,F,4,Graduate,Single,Less than $40K,Blue,39,3,2,3,7353.0,1450,5903.0,0.739,2005,54,0.459,0.197
714906033,Existing Customer,47,F,2,Graduate,Single,Less than $40K,Blue,36,6,2,2,5145.0,0,5145.0,0.693,1588,35,0.944,0.0
714273708,Existing Customer,53,F,4,Graduate,Married,$40K - $60K,Blue,36,3,2,3,4753.0,2472,2281.0,1.274,2242,49,0.815,0.52
721117533,Existing Customer,46,F,3,Graduate,Single,Less than $40K,Blue,26,3,3,3,2171.0,1418,753.0,0.505,1415,45,0.406,0.653
715374558,Existing Customer,26,M,0,College,Divorced,Less than $40K,Blue,36,5,2,3,4150.0,456,3694.0,1.126,2483,74,0.542,0.11
824807658,Existing Customer,45,M,3,Graduate,Married,$60K - $80K,Blue,41,6,3,3,9106.0,2477,6629.0,0.515,1239,33,0.737,0.272
714940608,Existing Customer,36,M,2,High School,Divorced,$40K - $60K,Blue,36,3,3,2,2686.0,1733,953.0,0.706,2057,53,0.71,0.645
824782008,Existing Customer,42,M,3,High School,Unknown,$60K - $80K,Blue,38,5,1,2,10239.0,510,9729.0,0.344,1228,26,0.529,0.05
717561108,Existing Customer,52,M,1,Graduate,Married,$80K - $120K,Blue,36,4,3,2,34516.0,549,33967.0,0.78,1629,32,0.778,0.016
717127083,Existing Customer,37,M,3,Graduate,Married,$120K +,Blue,25,3,3,0,15017.0,1733,13284.0,0.635,2076,58,0.487,0.115
772460508,Existing Customer,53,M,1,Uneducated,Married,$40K - $60K,Blue,43,3,1,2,4426.0,1530,2896.0,0.518,1231,34,0.214,0.346
720484908,Existing Customer,65,F,1,Post-Graduate,Married,$40K - $60K,Blue,52,5,3,3,2155.0,0,2155.0,1.423,1655,27,1.25,0.0
771237933,Existing Customer,47,M,1,Uneducated,Unknown,$80K - $120K,Blue,34,4,1,3,20620.0,1085,19535.0,1.276,1477,23,0.533,0.053
794664183,Existing Customer,38,M,0,Uneducated,Married,$60K - $80K,Blue,19,3,1,3,3238.0,2146,1092.0,0.673,1501,45,0.667,0.663
797488158,Existing Customer,52,M,2,High School,Married,$60K - $80K,Blue,46,5,3,0,14316.0,1081,13235.0,0.67,1313,36,0.636,0.076
708543258,Existing Customer,36,M,3,High School,Married,$80K - $120K,Blue,36,5,3,2,2607.0,1880,727.0,1.464,2045,39,0.95,0.721
778706508,Existing Customer,43,M,4,College,Married,$60K - $80K,Blue,24,3,5,4,6231.0,0,6231.0,1.054,1448,30,0.875,0.0
712240083,Attrited Customer,38,F,3,Unknown,Single,Less than $40K,Blue,30,6,2,2,3730.0,2517,1213.0,0.853,858,22,0.467,0.675
713650683,Existing Customer,65,F,0,Graduate,Married,Less than $40K,Blue,56,4,1,4,3094.0,2266,828.0,0.724,1591,37,0.321,0.732
772532208,Attrited Customer,51,F,2,Doctorate,Married,Less than $40K,Blue,41,2,2,3,6630.0,916,5714.0,0.927,842,24,0.5,0.138
778929783,Attrited Customer,40,M,3,Graduate,Divorced,$80K - $120K,Blue,22,2,2,3,1925.0,0,1925.0,0.672,781,28,0.75,0.0
714244383,Existing Customer,39,M,3,College,Unknown,$80K - $120K,Blue,36,4,2,3,33406.0,1692,31714.0,1.242,1529,30,0.875,0.051
718797558,Existing Customer,39,F,1,Graduate,Married,Unknown,Blue,30,3,2,3,2917.0,1357,1560.0,1.593,2422,46,0.438,0.465
712821333,Existing Customer,60,M,0,Uneducated,Married,$60K - $80K,Blue,47,3,3,3,9452.0,2517,6935.0,0.73,1825,50,0.613,0.266
721120008,Existing Customer,43,F,2,Uneducated,Single,$40K - $60K,Blue,29,6,3,2,2162.0,1377,785.0,0.6,1555,29,0.706,0.637
709633533,Existing Customer,31,M,2,Uneducated,Married,Less than $40K,Blue,18,3,2,4,1438.3,0,1438.3,1.561,2789,50,1.083,0.0
710789058,Existing Customer,55,M,1,Graduate,Single,$120K +,Blue,42,4,2,3,34516.0,1478,33038.0,0.967,1308,41,0.414,0.043
716174433,Existing Customer,65,F,1,College,Married,Less than $40K,Blue,54,3,3,3,2888.0,1134,1754.0,1.479,2489,54,0.742,0.393
789886533,Existing Customer,54,F,1,High School,Married,Less than $40K,Blue,44,3,3,3,3947.0,1746,2201.0,0.478,1110,21,0.4,0.442
715210308,Existing Customer,40,F,1,High School,Married,Unknown,Blue,31,3,3,4,15970.0,1212,14758.0,0.542,1260,32,0.524,0.076
721038408,Existing Customer,38,F,2,High School,Married,Less than $40K,Blue,27,4,1,2,1830.0,0,1830.0,0.736,1741,43,0.654,0.0
713325108,Existing Customer,36,M,2,Post-Graduate,Married,$60K - $80K,Blue,29,5,3,3,7712.0,2517,5195.0,0.676,1845,40,0.739,0.326
720352533,Existing Customer,43,M,3,High School,Unknown,$60K - $80K,Blue,36,5,3,3,20811.0,1425,19386.0,0.382,1483,38,0.52,0.068
708431433,Existing Customer,41,M,3,Graduate,Married,$120K +,Blue,31,3,3,2,11789.0,1420,10369.0,0.659,1463,32,0.684,0.12
716996583,Existing Customer,50,M,3,High School,Divorced,$120K +,Blue,37,3,1,2,3073.0,1792,1281.0,1.099,1734,35,1.188,0.583
718699683,Existing Customer,48,M,3,College,Married,$80K - $120K,Silver,36,6,2,2,34516.0,0,34516.0,0.691,1733,54,0.636,0.0
771359958,Existing Customer,39,M,4,Unknown,Single,$120K +,Silver,26,6,2,2,34516.0,2517,31999.0,0.887,1689,42,1.1,0.073
716604633,Existing Customer,55,F,2,Post-Graduate,Married,$40K - $60K,Blue,46,6,2,2,6725.0,2025,4700.0,0.604,1865,53,0.767,0.301
813952233,Existing Customer,44,M,3,Graduate,Unknown,Less than $40K,Blue,39,5,2,4,2978.0,2134,844.0,0.579,1413,46,0.394,0.717
713053383,Attrited Customer,42,M,3,Graduate,Married,$80K - $120K,Blue,36,1,1,3,34516.0,781,33735.0,0.803,853,12,0.091,0.023
709979583,Existing Customer,54,M,3,Graduate,Married,$120K +,Blue,46,3,1,3,34516.0,854,33662.0,0.928,1999,54,0.8,0.025
709380333,Existing Customer,57,M,1,Uneducated,Married,$120K +,Blue,36,6,2,3,24545.0,1735,22810.0,0.664,1671,45,0.5,0.071
778574283,Existing Customer,53,F,1,Uneducated,Married,$40K - $60K,Blue,46,5,2,3,1438.3,0,1438.3,0.743,2118,64,0.455,0.0
789875883,Existing Customer,41,F,4,Uneducated,Single,Less than $40K,Blue,31,5,1,2,2490.0,627,1863.0,0.345,1391,45,0.364,0.252
714661233,Existing Customer,39,M,1,Graduate,Single,$120K +,Blue,24,6,2,4,10074.0,2517,7557.0,0.77,1729,52,0.926,0.25
813915933,Existing Customer,45,M,2,Graduate,Divorced,$40K - $60K,Blue,40,3,3,2,2259.0,954,1305.0,0.695,1393,35,0.842,0.422
708358683,Existing Customer,46,M,2,Graduate,Married,$80K - $120K,Silver,35,6,3,2,34516.0,1236,33280.0,0.549,1665,40,0.667,0.036
824761458,Existing Customer,54,M,2,High School,Married,$80K - $120K,Blue,50,4,2,3,9519.0,1936,7583.0,0.929,2489,62,1.0,0.203
715362183,Existing Customer,40,F,4,Graduate,Married,Unknown,Blue,36,3,1,2,3706.0,1043,2663.0,0.384,1688,38,0.583,0.281
721194858,Existing Customer,48,M,4,Graduate,Unknown,$80K - $120K,Blue,40,6,2,2,4438.0,2472,1966.0,0.69,1725,60,0.622,0.557
803595858,Attrited Customer,56,F,3,High School,Married,$40K - $60K,Blue,51,5,2,1,1438.3,0,1438.3,0.597,594,14,0.556,0.0
716198358,Existing Customer,33,F,4,Post-Graduate,Married,$40K - $60K,Blue,36,4,2,3,2372.0,1887,485.0,0.8,1852,55,0.618,0.796
714173808,Existing Customer,44,F,4,Graduate,Single,Less than $40K,Blue,34,5,1,2,4214.0,1249,2965.0,0.542,1389,34,0.478,0.296
709465758,Existing Customer,62,F,1,Post-Graduate,Married,Less than $40K,Blue,53,3,1,3,1438.3,0,1438.3,0.699,902,31,0.409,0.0
714081558,Existing Customer,33,F,0,Graduate,Married,Unknown,Blue,36,4,2,4,2613.0,1599,1014.0,0.749,1387,31,0.722,0.612
717364458,Existing Customer,36,F,3,High School,Married,Less than $40K,Blue,26,6,1,4,4331.0,1445,2886.0,1.07,2053,33,1.75,0.334
778755858,Existing Customer,46,M,3,Graduate,Unknown,$80K - $120K,Blue,27,5,1,3,3665.0,1725,1940.0,0.495,1881,55,0.618,0.471
710754933,Attrited Customer,61,F,0,Graduate,Married,Less than $40K,Blue,49,6,2,3,1438.3,0,1438.3,0.94,840,20,0.818,0.0
720007383,Attrited Customer,41,F,2,Unknown,Single,Unknown,Blue,28,2,1,3,4411.0,2517,1894.0,0.988,803,15,0.875,0.571
810220833,Existing Customer,42,M,4,Graduate,Unknown,$40K - $60K,Silver,37,3,6,2,15871.0,2086,13785.0,0.745,1562,43,0.955,0.131
718362783,Attrited Customer,35,M,2,Graduate,Married,$80K - $120K,Blue,27,3,2,3,12643.0,0,12643.0,0.393,787,21,0.167,0.0
708267858,Existing Customer,65,F,0,High School,Married,$40K - $60K,Blue,36,5,2,3,6088.0,2145,3943.0,1.371,2098,52,0.733,0.352
708856983,Attrited Customer,36,M,3,Post-Graduate,Married,$120K +,Blue,27,2,1,2,13873.0,0,13873.0,0.233,694,18,0.286,0.0
715588908,Existing Customer,42,F,4,Graduate,Single,Less than $40K,Blue,32,3,2,3,6158.0,0,6158.0,1.411,3132,66,0.784,0.0
772674933,Existing Customer,51,M,1,Uneducated,Married,$80K - $120K,Blue,41,5,3,3,5638.0,808,4830.0,0.781,2036,50,0.613,0.143
720148983,Existing Customer,54,F,1,Uneducated,Married,Less than $40K,Blue,40,5,2,4,2178.0,1144,1034.0,1.585,1724,47,1.043,0.525
720650208,Existing Customer,40,F,3,College,Unknown,$40K - $60K,Blue,22,3,3,3,12588.0,2005,10583.0,0.996,1561,26,1.0,0.159
769732233,Existing Customer,40,M,5,Graduate,Married,$80K - $120K,Blue,34,6,2,4,11942.0,1651,10291.0,0.598,1085,29,0.208,0.138
713030958,Existing Customer,57,F,2,College,Married,Less than $40K,Blue,44,6,3,2,3914.0,0,3914.0,0.524,1964,54,0.8,0.0
711320508,Existing Customer,57,M,4,Graduate,Married,$80K - $120K,Blue,49,4,2,4,3038.0,1410,1628.0,0.644,1762,34,0.7,0.464
795795408,Existing Customer,53,M,2,Uneducated,Married,$40K - $60K,Blue,47,3,1,3,5579.0,1423,4156.0,0.503,1514,47,1.136,0.255
717904383,Existing Customer,40,M,2,Graduate,Married,$80K - $120K,Blue,31,5,1,2,18693.0,2052,16641.0,0.5,1516,44,0.63,0.11
714115533,Existing Customer,28,M,0,Graduate,Married,Less than $40K,Blue,18,5,1,3,2943.0,1789,1154.0,1.271,2591,55,0.897,0.608
712475733,Existing Customer,38,F,3,High School,Married,Less than $40K,Blue,28,4,2,3,2435.0,1888,547.0,0.922,1847,39,0.696,0.775
718996758,Existing Customer,37,F,2,Graduate,Married,Less than $40K,Blue,30,5,2,2,2077.0,1392,685.0,1.553,1629,36,1.25,0.67
713049933,Existing Customer,65,F,1,High School,Married,Unknown,Blue,36,5,2,2,5756.0,0,5756.0,1.046,2144,44,0.63,0.0
709961958,Attrited Customer,58,F,4,High School,Divorced,Unknown,Blue,45,4,1,1,21065.0,2517,18548.0,0.84,1060,32,0.333,0.119
718301508,Existing Customer,41,M,2,High School,Married,$60K - $80K,Blue,30,6,3,2,9428.0,1765,7663.0,0.587,1457,43,0.593,0.187
714831033,Existing Customer,54,M,5,Graduate,Married,$80K - $120K,Blue,47,4,1,3,6065.0,1728,4337.0,0.417,1114,27,0.688,0.285
710653158,Existing Customer,39,F,4,Graduate,Married,Unknown,Blue,21,6,1,4,5024.0,1613,3411.0,0.758,1925,40,0.667,0.321
721265883,Existing Customer,26,M,1,Graduate,Single,Less than $40K,Blue,13,3,3,2,2174.0,1514,660.0,0.607,2510,44,0.294,0.696
715049583,Existing Customer,60,M,1,Unknown,Married,$60K - $80K,Blue,54,5,3,3,3398.0,2341,1057.0,0.714,1169,31,0.409,0.689
715394883,Existing Customer,35,F,2,High School,Married,Unknown,Blue,36,3,2,4,4319.0,1151,3168.0,0.594,1852,47,0.424,0.266
773448558,Existing Customer,46,M,3,Graduate,Divorced,$80K - $120K,Blue,40,6,3,3,3673.0,2292,1381.0,0.637,1257,34,0.545,0.624
717249783,Existing Customer,47,M,4,Unknown,Unknown,$60K - $80K,Blue,39,5,2,2,1815.0,740,1075.0,1.124,1931,67,0.718,0.408
708344358,Existing Customer,53,F,3,High School,Married,Unknown,Blue,45,5,1,3,2495.0,1354,1141.0,0.623,1311,31,0.476,0.543
712003083,Existing Customer,55,M,1,Graduate,Married,$80K - $120K,Blue,36,3,2,4,34516.0,2102,32414.0,0.912,1612,33,0.737,0.061
754282908,Existing Customer,50,F,1,Post-Graduate,Married,Less than $40K,Blue,43,3,1,3,3368.0,844,2524.0,0.838,2022,59,0.686,0.251
717412608,Attrited Customer,38,F,2,High School,Married,$40K - $60K,Blue,28,3,2,2,7225.0,0,7225.0,0.419,738,16,0.231,0.0
719412258,Existing Customer,39,F,3,Graduate,Single,Less than $40K,Blue,30,5,3,4,5202.0,815,4387.0,1.108,1558,48,0.778,0.157
788675658,Existing Customer,39,F,2,Unknown,Single,Less than $40K,Blue,29,6,2,4,1923.0,845,1078.0,0.587,1670,37,0.682,0.439
717683583,Existing Customer,39,M,3,High School,Single,$60K - $80K,Blue,36,4,2,3,6929.0,1691,5238.0,0.534,1388,27,0.929,0.244
820584408,Existing Customer,49,F,3,Graduate,Single,Less than $40K,Blue,44,3,3,2,4364.0,1507,2857.0,1.05,1392,38,1.375,0.345
719392833,Existing Customer,45,F,3,Graduate,Married,Less than $40K,Blue,38,3,3,2,2400.0,1613,787.0,0.629,1311,34,0.417,0.672
718595583,Existing Customer,55,M,3,Graduate,Married,$80K - $120K,Blue,36,3,2,3,25878.0,1733,24145.0,0.438,1777,54,0.862,0.067
778508883,Existing Customer,44,M,5,Graduate,Married,$120K +,Blue,24,4,1,4,11876.0,1926,9950.0,0.51,1367,33,0.737,0.162
715511658,Existing Customer,49,F,5,Post-Graduate,Unknown,$40K - $60K,Blue,39,3,1,4,4568.0,0,4568.0,0.979,1431,27,0.688,0.0
711999783,Existing Customer,41,M,3,Uneducated,Married,$80K - $120K,Blue,31,4,2,2,4740.0,1348,3392.0,0.472,1406,23,0.533,0.284
753856008,Existing Customer,49,F,2,Unknown,Unknown,$40K - $60K,Blue,42,6,1,4,4949.0,1495,3454.0,0.791,3597,64,0.684,0.302
789920883,Existing Customer,45,F,3,Graduate,Single,Unknown,Blue,36,3,3,4,11189.0,2517,8672.0,2.041,2959,58,1.231,0.225
788677533,Existing Customer,44,M,4,Unknown,Married,$120K +,Blue,31,4,3,4,34516.0,1197,33319.0,0.669,1594,43,1.15,0.035
716284308,Existing Customer,65,M,2,Graduate,Married,Unknown,Blue,55,3,2,2,6099.0,2175,3924.0,0.582,1319,34,0.545,0.357
712120608,Attrited Customer,35,M,3,College,Married,$80K - $120K,Blue,27,3,2,3,3575.0,1884,1691.0,0.384,861,15,1.5,0.527
715482483,Existing Customer,26,M,0,High School,Single,Unknown,Blue,36,5,2,3,3184.0,1421,1763.0,0.712,2253,59,0.439,0.446
720848733,Existing Customer,38,M,1,High School,Married,$80K - $120K,Blue,24,4,3,2,13363.0,1230,12133.0,0.688,1815,33,0.435,0.092
708480333,Existing Customer,65,M,0,Unknown,Single,$40K - $60K,Blue,36,5,2,3,2163.0,932,1231.0,1.127,2229,57,0.839,0.431
826723308,Existing Customer,58,M,3,College,Married,$120K +,Blue,54,5,1,4,3452.0,2088,1364.0,0.768,1008,21,0.4,0.605
801369258,Existing Customer,47,F,5,Post-Graduate,Married,$40K - $60K,Blue,41,6,2,2,4466.0,777,3689.0,1.02,1757,59,0.595,0.174
709584483,Existing Customer,33,F,3,Graduate,Married,Less than $40K,Blue,25,4,1,4,3030.0,2517,513.0,0.785,1805,44,0.467,0.831
715708308,Existing Customer,54,F,3,Doctorate,Married,$40K - $60K,Blue,39,3,1,3,2112.0,1594,518.0,1.204,1338,29,2.222,0.755
779707308,Existing Customer,35,F,1,Graduate,Married,Less than $40K,Blue,18,5,1,2,7583.0,1619,5964.0,1.468,2229,53,1.208,0.214
711688158,Existing Customer,47,M,5,Graduate,Single,$120K +,Blue,27,5,3,4,11760.0,2306,9454.0,0.616,1498,49,0.96,0.196
711848658,Existing Customer,35,M,3,College,Married,$60K - $80K,Blue,17,3,3,2,2259.0,1776,483.0,1.292,1790,31,0.824,0.786
715855083,Existing Customer,48,M,4,High School,Married,$80K - $120K,Blue,36,6,2,4,19762.0,507,19255.0,0.85,2793,67,0.595,0.026
778971408,Existing Customer,36,M,4,Doctorate,Married,$60K - $80K,Blue,17,5,2,4,2803.0,1848,955.0,0.614,1968,64,0.524,0.659
711648708,Existing Customer,44,M,3,Graduate,Married,$80K - $120K,Blue,36,3,3,2,25666.0,756,24910.0,0.69,4088,84,0.867,0.029
713149683,Existing Customer,44,F,3,College,Single,Less than $40K,Blue,24,5,1,4,9297.0,1668,7629.0,0.521,1264,31,0.632,0.179
771903033,Existing Customer,36,F,1,Graduate,Married,Less than $40K,Blue,25,5,1,2,2999.0,1247,1752.0,0.962,2017,40,0.6,0.416
737925558,Existing Customer,64,M,0,Doctorate,Married,$40K - $60K,Blue,56,3,2,2,4234.0,1893,2341.0,0.585,1439,42,0.355,0.447
803347908,Existing Customer,34,F,1,Graduate,Single,Less than $40K,Gold,28,4,3,2,15987.0,0,15987.0,1.494,2327,65,0.806,0.0
817285758,Existing Customer,49,M,4,Graduate,Single,$80K - $120K,Blue,33,5,5,3,16435.0,0,16435.0,0.676,1721,56,0.514,0.0
711480108,Existing Customer,37,M,4,High School,Married,$60K - $80K,Blue,24,3,1,4,5335.0,2145,3190.0,0.879,1888,43,0.433,0.402
709662708,Existing Customer,65,M,1,High School,Married,$40K - $60K,Blue,53,3,3,3,3506.0,1604,1902.0,0.574,1953,61,0.649,0.458
709224858,Existing Customer,53,M,2,Post-Graduate,Married,$80K - $120K,Blue,36,5,1,2,3610.0,1629,1981.0,0.821,1652,40,0.481,0.451
821771508,Existing Customer,32,M,0,High School,Married,$40K - $60K,Blue,28,5,1,2,3172.0,2055,1117.0,0.663,1939,36,0.636,0.648
712216533,Existing Customer,44,M,5,Unknown,Single,$80K - $120K,Blue,34,6,2,3,8206.0,763,7443.0,0.87,1715,43,0.72,0.093
710522433,Existing Customer,65,M,0,Graduate,Married,Less than $40K,Blue,46,3,2,2,2416.0,1499,917.0,0.905,2372,53,0.514,0.62
779046408,Existing Customer,60,M,0,Graduate,Married,$40K - $60K,Blue,41,3,2,4,2458.0,1880,578.0,0.759,1238,30,0.579,0.765
708595158,Existing Customer,27,F,0,Graduate,Single,Less than $40K,Blue,36,6,1,2,1677.0,1598,79.0,0.994,2389,43,0.536,0.953
757266933,Existing Customer,52,M,2,Post-Graduate,Married,$60K - $80K,Blue,45,4,1,4,11819.0,929,10890.0,0.773,2431,46,0.484,0.079
816776283,Existing Customer,42,M,4,High School,Unknown,$80K - $120K,Gold,37,5,1,2,34516.0,1797,32719.0,1.314,1534,30,0.875,0.052
719904333,Existing Customer,29,M,0,Graduate,Married,$40K - $60K,Blue,36,3,3,4,1459.0,590,869.0,1.164,2229,52,1.08,0.404
718264233,Existing Customer,29,M,0,High School,Married,$40K - $60K,Blue,13,4,1,4,1458.0,671,787.0,1.583,2449,56,0.931,0.46
784798683,Existing Customer,38,M,2,High School,Married,$40K - $60K,Blue,32,3,2,2,1438.3,0,1438.3,0.846,1999,39,0.56,0.0
710899833,Attrited Customer,36,M,2,Graduate,Married,$40K - $60K,Blue,18,3,1,3,7758.0,1408,6350.0,0.365,569,23,0.643,0.181
780025908,Existing Customer,40,F,2,Post-Graduate,Married,Less than $40K,Silver,30,4,2,2,10836.0,1932,8904.0,0.563,1293,31,0.824,0.178
713610033,Existing Customer,47,M,3,Post-Graduate,Single,$60K - $80K,Blue,36,5,3,3,5062.0,1996,3066.0,0.591,1314,40,0.429,0.394
709364433,Existing Customer,36,F,3,High School,Married,Unknown,Blue,30,6,2,2,3399.0,2173,1226.0,0.795,1571,34,1.0,0.639
713086908,Existing Customer,26,M,0,High School,Single,$40K - $60K,Blue,36,5,2,2,2212.0,1670,542.0,0.777,2520,51,0.545,0.755
709793133,Existing Customer,43,F,2,Unknown,Single,$40K - $60K,Blue,36,6,1,4,3186.0,2470,716.0,0.58,1531,37,0.233,0.775
710032608,Existing Customer,52,F,1,Graduate,Single,Less than $40K,Blue,32,3,1,3,5927.0,2320,3607.0,0.544,1558,46,0.643,0.391
779351208,Existing Customer,49,M,2,Unknown,Single,$60K - $80K,Blue,34,4,1,4,5176.0,0,5176.0,0.838,1902,56,0.931,0.0
719776608,Existing Customer,50,M,2,Graduate,Married,$80K - $120K,Blue,37,3,1,3,3126.0,0,3126.0,0.824,1388,41,0.464,0.0
709220583,Existing Customer,34,M,3,Graduate,Divorced,$80K - $120K,Blue,21,6,4,2,4670.0,0,4670.0,0.883,2256,56,0.6,0.0
719555733,Existing Customer,53,F,2,Uneducated,Married,Unknown,Blue,36,4,3,3,2162.0,1592,570.0,0.547,1736,42,0.615,0.736
740852733,Existing Customer,49,M,3,High School,Married,$80K - $120K,Blue,42,4,1,2,10155.0,1805,8350.0,0.673,1685,49,0.815,0.178
709528308,Existing Customer,53,M,4,High School,Married,$80K - $120K,Blue,46,4,2,3,15242.0,1170,14072.0,0.496,1876,57,0.5,0.077
715127208,Existing Customer,48,M,3,Doctorate,Divorced,$120K +,Blue,36,4,3,2,34516.0,2517,31999.0,0.697,1699,48,0.846,0.073
817144458,Existing Customer,32,F,2,Graduate,Single,Less than $40K,Blue,17,5,1,2,1438.3,1228,210.3,1.132,2580,67,0.971,0.854
710628783,Existing Customer,38,M,4,High School,Single,$80K - $120K,Gold,36,6,1,3,34516.0,1140,33376.0,0.815,1445,45,0.957,0.033
772145658,Existing Customer,43,M,4,Uneducated,Single,$80K - $120K,Blue,32,4,1,3,16043.0,2036,14007.0,0.7,1394,28,0.75,0.127
739594758,Attrited Customer,51,F,2,Graduate,Single,Less than $40K,Blue,44,6,3,2,3181.0,2517,664.0,0.595,818,16,0.455,0.791
789198708,Existing Customer,58,M,3,Graduate,Married,$120K +,Blue,47,3,1,2,27088.0,0,27088.0,0.581,1135,24,0.846,0.0
720953658,Existing Customer,59,F,0,Graduate,Married,Less than $40K,Blue,36,5,3,4,5688.0,914,4774.0,1.099,1824,53,1.038,0.161
771330558,Existing Customer,51,M,4,High School,Married,$60K - $80K,Blue,38,5,2,3,10462.0,1824,8638.0,0.736,1267,31,0.55,0.174
714078558,Attrited Customer,62,F,1,High School,Married,$40K - $60K,Blue,53,2,1,1,5249.0,0,5249.0,0.758,1315,31,0.722,0.0
712207683,Existing Customer,38,M,0,Unknown,Divorced,Less than $40K,Blue,36,3,3,2,5155.0,684,4471.0,0.588,1555,37,0.48,0.133
788826408,Existing Customer,33,M,1,Uneducated,Married,$120K +,Blue,16,6,1,3,10705.0,1352,9353.0,1.171,2434,58,0.812,0.126
790128033,Existing Customer,54,M,3,High School,Single,$80K - $120K,Blue,47,3,1,2,16494.0,1348,15146.0,0.759,1302,36,0.385,0.082
718082208,Existing Customer,37,F,1,Graduate,Married,$40K - $60K,Blue,30,5,3,4,6469.0,2351,4118.0,1.018,1717,50,0.667,0.363
712037358,Existing Customer,30,M,0,Unknown,Married,$60K - $80K,Blue,23,3,3,2,5146.0,1773,3373.0,0.879,1509,45,0.667,0.345
711711483,Existing Customer,61,M,0,High School,Married,$80K - $120K,Blue,50,4,1,3,2800.0,2448,352.0,0.549,1433,40,0.481,0.874
718861458,Existing Customer,49,M,5,Unknown,Single,$60K - $80K,Blue,36,6,1,2,5159.0,1532,3627.0,0.787,1826,37,0.609,0.297
709426608,Existing Customer,56,M,1,Doctorate,Married,$60K - $80K,Blue,46,5,2,4,5248.0,1816,3432.0,0.696,2305,45,0.731,0.346
811457058,Existing Customer,51,F,3,Post-Graduate,Married,Less than $40K,Blue,46,5,3,2,5881.0,2005,3876.0,0.659,1931,56,0.806,0.341
773073558,Existing Customer,44,F,3,Graduate,Divorced,Less than $40K,Blue,36,6,3,3,1467.0,896,571.0,0.692,1731,54,0.5,0.611
715937133,Existing Customer,64,F,1,Uneducated,Married,$40K - $60K,Blue,52,6,2,2,4999.0,2299,2700.0,0.716,1601,48,0.5,0.46
713480583,Existing Customer,46,F,3,High School,Married,Unknown,Blue,36,5,2,2,4668.0,0,4668.0,0.89,1612,47,1.474,0.0
716383683,Existing Customer,39,F,2,Post-Graduate,Unknown,Less than $40K,Blue,36,4,3,4,1438.3,0,1438.3,0.7,1338,28,0.867,0.0
713693958,Existing Customer,38,F,1,Uneducated,Single,Less than $40K,Blue,27,6,3,4,8638.0,0,8638.0,0.489,1295,29,0.381,0.0
715443708,Existing Customer,53,M,1,Uneducated,Married,$120K +,Blue,45,5,1,3,9343.0,1286,8057.0,0.712,1385,31,0.722,0.138
770769483,Existing Customer,35,M,2,Post-Graduate,Married,$40K - $60K,Blue,21,3,1,3,2256.0,775,1481.0,0.879,1749,33,0.435,0.344
789326808,Existing Customer,26,M,0,College,Single,$60K - $80K,Blue,15,5,1,2,8267.0,1720,6547.0,0.633,1917,37,0.48,0.208
712105533,Existing Customer,32,M,2,High School,Single,$40K - $60K,Blue,20,6,3,4,2235.0,1638,597.0,0.912,2905,56,0.806,0.733
720674133,Existing Customer,36,M,1,Uneducated,Married,$40K - $60K,Blue,16,5,3,2,3735.0,2027,1708.0,0.79,1672,48,0.655,0.543
779216358,Attrited Customer,48,M,2,College,Married,$80K - $120K,Blue,38,2,2,3,2111.0,0,2111.0,0.531,773,17,0.133,0.0
717322833,Existing Customer,55,M,2,Unknown,Single,$80K - $120K,Blue,36,5,2,2,10604.0,1988,8616.0,0.644,1578,30,0.579,0.187
710279508,Existing Customer,52,M,2,Graduate,Married,$80K - $120K,Blue,42,5,3,2,21782.0,1006,20776.0,0.654,1537,35,0.591,0.046
712168833,Existing Customer,52,F,1,High School,Married,Less than $40K,Blue,36,6,3,3,2133.0,1469,664.0,0.831,1426,37,0.682,0.689
780581508,Existing Customer,58,F,1,Doctorate,Single,$40K - $60K,Silver,47,5,2,4,16677.0,1590,15087.0,0.885,1410,37,0.609,0.095
711957708,Existing Customer,38,F,2,Graduate,Married,Less than $40K,Blue,36,6,3,4,2717.0,1591,1126.0,1.596,2064,33,1.062,0.586
778782858,Existing Customer,60,M,1,Graduate,Single,Less than $40K,Blue,48,5,3,3,3980.0,930,3050.0,0.72,4449,82,0.608,0.234
712924383,Attrited Customer,55,M,3,Unknown,Single,$60K - $80K,Blue,36,3,2,2,8411.0,979,7432.0,1.029,990,22,0.375,0.116
709366458,Existing Customer,43,F,3,College,Married,Less than $40K,Blue,36,3,2,4,2227.0,1394,833.0,1.481,1972,41,0.864,0.626
796990908,Existing Customer,35,M,3,Post-Graduate,Single,$80K - $120K,Silver,29,5,3,2,34516.0,1872,32644.0,1.068,2227,61,1.103,0.054
715702758,Existing Customer,38,F,4,Graduate,Married,Less than $40K,Blue,36,4,3,3,1860.0,0,1860.0,0.992,1731,29,0.611,0.0
788974608,Existing Customer,48,M,3,Graduate,Unknown,$60K - $80K,Blue,35,5,1,3,2829.0,2342,487.0,0.991,1561,41,1.05,0.828
714790008,Existing Customer,38,F,1,Unknown,Single,Less than $40K,Blue,36,3,2,3,3764.0,0,3764.0,0.583,1572,57,0.357,0.0
787438983,Existing Customer,43,M,3,College,Single,$40K - $60K,Blue,23,6,2,2,4559.0,1664,2895.0,0.871,1652,37,0.609,0.365
713834358,Existing Customer,36,F,2,Post-Graduate,Married,Less than $40K,Blue,25,5,3,4,4701.0,1492,3209.0,0.805,1679,32,0.455,0.317
710084883,Existing Customer,34,M,2,College,Married,$80K - $120K,Blue,22,4,2,4,1631.0,0,1631.0,1.893,2962,57,1.111,0.0
710736558,Existing Customer,39,F,2,Unknown,Married,Unknown,Blue,36,4,3,4,8096.0,1474,6622.0,0.789,1794,41,0.783,0.182
788915283,Existing Customer,43,F,2,College,Single,Less than $40K,Blue,29,5,1,2,2304.0,1589,715.0,0.872,1273,36,0.895,0.69
714916758,Existing Customer,48,F,2,Uneducated,Married,$40K - $60K,Blue,36,3,3,2,5210.0,0,5210.0,0.531,1309,45,0.607,0.0
789611283,Existing Customer,44,M,4,Graduate,Married,$40K - $60K,Blue,38,5,2,3,5452.0,2091,3361.0,0.813,1347,30,0.5,0.384
773288958,Existing Customer,38,M,1,Graduate,Married,$60K - $80K,Blue,31,6,3,3,7475.0,1473,6002.0,0.775,1592,30,0.429,0.197
811721133,Existing Customer,62,M,1,High School,Married,$40K - $60K,Blue,56,5,3,3,2359.0,1242,1117.0,1.043,2021,50,0.613,0.526
813961233,Existing Customer,30,M,0,Unknown,Single,$80K - $120K,Blue,25,5,2,2,4237.0,1676,2561.0,0.786,2465,88,0.725,0.396
783020958,Existing Customer,39,M,3,Unknown,Married,$80K - $120K,Blue,33,6,6,4,18582.0,794,17788.0,0.717,1836,46,0.586,0.043
715764483,Existing Customer,53,F,3,High School,Unknown,Less than $40K,Blue,37,3,2,4,7202.0,974,6228.0,0.517,1397,33,0.5,0.135
798110358,Existing Customer,64,F,1,High School,Married,$40K - $60K,Blue,56,4,2,4,1438.3,0,1438.3,0.693,1417,35,0.591,0.0
715745508,Existing Customer,51,F,4,Graduate,Single,Unknown,Blue,34,3,1,2,11221.0,1279,9942.0,1.116,1564,45,1.647,0.114
714350658,Existing Customer,32,M,1,Graduate,Single,Unknown,Blue,26,6,3,4,18889.0,1880,17009.0,0.702,2979,55,0.774,0.1
826478958,Existing Customer,52,M,1,College,Married,$80K - $120K,Blue,48,4,3,3,2066.0,1601,465.0,0.742,1578,41,0.414,0.775
719127558,Existing Customer,43,M,2,High School,Divorced,$80K - $120K,Blue,31,6,2,4,34516.0,1075,33441.0,0.727,3015,65,0.477,0.031
712454958,Existing Customer,40,M,5,Graduate,Single,$60K - $80K,Blue,27,6,1,2,2742.0,1416,1326.0,0.761,1539,38,1.111,0.516
718561458,Existing Customer,54,M,1,High School,Married,$60K - $80K,Blue,36,4,1,4,20050.0,1225,18825.0,0.907,1306,26,0.238,0.061
822984108,Existing Customer,34,F,4,High School,Single,Less than $40K,Blue,30,4,1,3,3046.0,2279,767.0,0.611,2330,69,0.643,0.748
719469333,Existing Customer,33,F,1,High School,Single,Less than $40K,Blue,25,6,3,4,6193.0,695,5498.0,0.632,2456,69,0.725,0.112
720871383,Existing Customer,36,M,2,Graduate,Married,$80K - $120K,Blue,28,5,3,3,5634.0,1996,3638.0,1.589,2366,49,0.69,0.354
788827308,Existing Customer,65,M,1,Graduate,Married,Less than $40K,Blue,50,6,2,4,4507.0,1574,2933.0,0.744,1793,38,0.652,0.349
710180958,Existing Customer,43,M,3,High School,Single,$40K - $60K,Blue,33,5,2,3,3040.0,2517,523.0,0.493,1598,31,0.476,0.828
778346283,Existing Customer,53,M,0,Graduate,Married,$120K +,Blue,33,4,3,3,21006.0,1905,19101.0,0.701,1856,57,0.781,0.091
787547208,Existing Customer,48,F,3,College,Single,Less than $40K,Blue,38,3,3,4,7326.0,1710,5616.0,1.171,1852,62,1.0,0.233
714983283,Attrited Customer,39,F,3,High School,Single,Less than $40K,Blue,36,6,1,3,3651.0,0,3651.0,0.977,862,19,1.111,0.0
789344358,Existing Customer,57,F,1,Unknown,Married,Less than $40K,Blue,47,4,1,3,3416.0,2468,948.0,0.598,1536,42,0.556,0.722
710406633,Attrited Customer,51,F,3,Uneducated,Married,Unknown,Blue,36,3,3,2,3664.0,0,3664.0,0.839,1168,31,0.409,0.0
767653233,Existing Customer,48,M,3,Graduate,Married,$60K - $80K,Blue,42,6,1,3,6085.0,930,5155.0,1.307,3154,59,0.967,0.153
719461008,Existing Customer,51,M,2,High School,Married,$60K - $80K,Blue,38,5,3,2,22332.0,1748,20584.0,0.841,1318,28,0.647,0.078
789731433,Existing Customer,26,F,0,Unknown,Single,Less than $40K,Blue,13,4,2,4,2063.0,1390,673.0,0.877,2602,42,0.556,0.674
775198608,Existing Customer,38,F,2,Graduate,Married,Less than $40K,Blue,32,5,3,3,4429.0,0,4429.0,1.065,1970,40,0.818,0.0
717567333,Existing Customer,35,M,3,Graduate,Married,$60K - $80K,Blue,26,6,3,2,3991.0,1982,2009.0,0.748,1661,35,0.944,0.497
772794108,Existing Customer,46,F,3,Doctorate,Single,Less than $40K,Blue,36,5,1,4,2201.0,651,1550.0,0.825,3165,65,0.585,0.296
712072908,Existing Customer,48,M,4,College,Single,$80K - $120K,Blue,36,4,3,2,2852.0,736,2116.0,0.386,1382,40,0.29,0.258
709328733,Existing Customer,49,F,2,Uneducated,Married,Less than $40K,Blue,37,6,3,3,9723.0,2459,7264.0,0.444,1258,24,1.0,0.253
788107683,Existing Customer,35,M,4,High School,Married,$40K - $60K,Blue,27,6,2,3,5325.0,1318,4007.0,1.045,1814,43,0.593,0.248
713757633,Existing Customer,65,F,0,Unknown,Married,$40K - $60K,Blue,56,3,2,4,7427.0,1303,6124.0,0.61,1596,42,0.909,0.175
713279808,Existing Customer,53,M,2,Unknown,Married,$60K - $80K,Blue,36,6,3,3,5619.0,1310,4309.0,1.276,1816,30,1.143,0.233
712440483,Existing Customer,54,F,2,Uneducated,Married,Less than $40K,Blue,44,3,1,3,5413.0,1836,3577.0,0.766,1164,43,0.593,0.339
715078383,Existing Customer,64,F,0,Graduate,Married,Unknown,Blue,36,3,1,3,7646.0,1010,6636.0,0.421,1667,47,0.469,0.132
709214358,Existing Customer,39,F,3,Graduate,Divorced,Unknown,Blue,30,3,3,2,2420.0,1422,998.0,0.731,1362,24,0.714,0.588
778399008,Existing Customer,50,M,0,High School,Married,$80K - $120K,Blue,30,3,4,2,4252.0,0,4252.0,0.478,1598,45,0.324,0.0
811534983,Existing Customer,54,F,3,Graduate,Married,Less than $40K,Blue,49,5,2,4,2031.0,1069,962.0,0.87,1943,47,0.621,0.526
719728383,Existing Customer,38,F,4,Graduate,Married,Unknown,Blue,28,4,1,2,6861.0,1598,5263.0,2.103,2228,39,0.95,0.233
718726833,Existing Customer,39,M,1,High School,Married,$80K - $120K,Blue,28,4,2,4,3327.0,0,3327.0,1.089,1665,36,0.636,0.0
780605508,Existing Customer,53,M,1,Unknown,Married,$40K - $60K,Blue,41,5,1,3,2885.0,1433,1452.0,1.017,1170,23,0.769,0.497
719450508,Existing Customer,53,M,2,High School,Married,$120K +,Blue,41,4,3,3,7272.0,2037,5235.0,0.795,2333,56,0.697,0.28
711213108,Existing Customer,32,M,1,College,Divorced,$80K - $120K,Blue,36,5,3,4,34516.0,0,34516.0,0.845,2305,60,0.714,0.0
708488208,Existing Customer,57,F,3,Uneducated,Married,Less than $40K,Blue,47,5,3,3,2515.0,1922,593.0,1.181,2231,58,0.611,0.764
717206508,Existing Customer,65,F,0,High School,Married,Less than $40K,Blue,36,3,2,2,2798.0,1806,992.0,0.765,1543,35,0.591,0.645
821836008,Existing Customer,57,M,2,Uneducated,Single,$80K - $120K,Blue,53,5,2,4,34516.0,2099,32417.0,0.629,1233,26,0.857,0.061
807244983,Existing Customer,65,F,0,College,Married,Less than $40K,Blue,56,6,1,2,1438.3,680,758.3,0.512,2283,55,0.571,0.473
821872758,Existing Customer,65,M,0,High School,Single,Less than $40K,Silver,56,4,2,4,12609.0,2517,10092.0,0.833,2121,49,0.531,0.2
809959683,Existing Customer,55,M,2,College,Married,$80K - $120K,Blue,50,4,2,4,19159.0,2108,17051.0,0.69,1813,52,0.576,0.11
715079208,Existing Customer,54,M,1,College,Married,$80K - $120K,Blue,42,4,1,4,9642.0,2517,7125.0,0.614,1401,35,0.458,0.261
767049258,Existing Customer,44,M,4,High School,Single,$120K +,Blue,37,5,3,3,8396.0,1672,6724.0,0.602,1475,35,0.75,0.199
709579383,Existing Customer,58,M,1,Uneducated,Married,$80K - $120K,Blue,50,5,3,2,6978.0,1148,5830.0,1.645,1362,26,1.0,0.165
781923483,Existing Customer,53,F,1,College,Married,$40K - $60K,Blue,47,3,3,4,2459.0,1733,726.0,1.216,2309,62,0.632,0.705
718654533,Existing Customer,33,F,1,High School,Single,Less than $40K,Silver,24,5,2,2,12956.0,0,12956.0,1.053,2492,56,0.931,0.0
716169258,Existing Customer,47,F,5,Graduate,Married,Less than $40K,Blue,39,3,3,4,7128.0,1560,5568.0,0.573,1468,44,0.76,0.219
713908683,Existing Customer,51,M,1,Unknown,Single,$80K - $120K,Blue,41,6,2,2,18749.0,1314,17435.0,0.711,1381,33,0.435,0.07
708212658,Existing Customer,38,F,3,Graduate,Married,Less than $40K,Blue,18,6,3,2,2193.0,1260,933.0,0.886,1799,47,0.567,0.575
756013833,Existing Customer,57,M,3,Doctorate,Married,$80K - $120K,Blue,50,3,2,3,4522.0,1861,2661.0,0.957,1806,38,0.727,0.412
719358333,Existing Customer,36,M,4,Uneducated,Married,$40K - $60K,Blue,28,3,1,4,2157.0,574,1583.0,0.825,1663,33,0.32,0.266
713735508,Existing Customer,35,M,3,Uneducated,Married,$80K - $120K,Blue,25,3,1,2,11927.0,675,11252.0,0.574,1986,36,0.636,0.057
805259733,Existing Customer,55,F,2,Unknown,Married,Unknown,Blue,50,6,1,4,11341.0,0,11341.0,0.412,1731,46,0.586,0.0
738749733,Existing Customer,57,F,4,Doctorate,Married,Unknown,Blue,47,4,3,3,7345.0,1814,5531.0,0.472,1390,30,0.25,0.247
814833408,Existing Customer,56,M,2,Doctorate,Married,$60K - $80K,Blue,51,3,3,4,6036.0,1409,4627.0,0.56,1741,45,0.364,0.233
719182308,Existing Customer,38,F,2,High School,Single,Less than $40K,Blue,27,6,1,3,2096.0,1567,529.0,0.778,1559,49,1.042,0.748
818497758,Existing Customer,54,F,3,Graduate,Married,Less than $40K,Blue,49,4,1,3,1906.0,1271,635.0,0.574,1343,37,0.682,0.667
719518308,Existing Customer,48,M,2,Unknown,Unknown,$80K - $120K,Blue,35,5,2,4,5039.0,0,5039.0,0.757,1390,23,0.769,0.0
709991883,Attrited Customer,53,M,1,Graduate,Married,$80K - $120K,Blue,42,2,1,2,6214.0,1147,5067.0,0.861,938,35,0.75,0.185
770901258,Existing Customer,30,F,1,Graduate,Married,Less than $40K,Blue,17,3,1,3,1512.0,810,702.0,1.294,2558,44,0.571,0.536
711499158,Existing Customer,47,M,2,Uneducated,Married,$80K - $120K,Silver,38,4,3,4,34516.0,733,33783.0,1.229,3018,60,0.538,0.021
720445533,Existing Customer,60,F,1,College,Married,Less than $40K,Blue,53,4,3,3,3346.0,922,2424.0,0.913,1276,21,0.75,0.276
809951133,Attrited Customer,54,M,3,College,Single,$120K +,Blue,49,3,2,3,34516.0,0,34516.0,1.203,2115,24,0.263,0.0
714657108,Existing Customer,37,F,2,Uneducated,Married,Less than $40K,Blue,28,5,2,4,6660.0,1362,5298.0,1.36,2660,51,0.759,0.205
789048858,Existing Customer,32,F,1,Post-Graduate,Married,Less than $40K,Blue,20,5,2,3,2234.0,1865,369.0,0.732,2115,59,0.439,0.835
771816408,Existing Customer,44,F,4,Uneducated,Married,Less than $40K,Blue,33,5,4,2,9671.0,704,8967.0,0.699,2955,66,0.941,0.073
798158808,Existing Customer,53,F,1,College,Single,$40K - $60K,Blue,47,5,3,2,6605.0,1479,5126.0,0.739,2017,47,0.679,0.224
787685658,Existing Customer,43,M,2,High School,Divorced,$80K - $120K,Blue,33,4,3,2,3083.0,1898,1185.0,1.042,1448,30,2.0,0.616
720141408,Attrited Customer,49,F,2,Graduate,Single,Less than $40K,Blue,31,5,1,2,5456.0,951,4505.0,0.737,1096,27,0.588,0.174
788699808,Existing Customer,38,F,4,Unknown,Single,Unknown,Blue,14,4,1,2,4394.0,0,4394.0,0.889,1538,43,0.536,0.0
708216108,Existing Customer,56,F,1,College,Married,$40K - $60K,Blue,44,5,1,4,4088.0,1557,2531.0,1.248,2250,39,0.857,0.381
715074258,Existing Customer,26,F,0,Graduate,Single,$40K - $60K,Blue,36,5,3,3,3930.0,0,3930.0,0.758,2067,42,0.355,0.0
771653583,Existing Customer,58,M,1,High School,Married,$60K - $80K,Blue,46,3,2,4,4188.0,1147,3041.0,1.042,1276,25,1.083,0.274
717374358,Existing Customer,33,M,1,Unknown,Married,$60K - $80K,Blue,22,3,3,0,3637.0,1998,1639.0,1.412,2161,56,0.931,0.549
720836808,Existing Customer,35,M,3,High School,Single,$80K - $120K,Blue,28,4,2,2,11521.0,1147,10374.0,1.023,2260,68,1.125,0.1
818701383,Existing Customer,37,M,3,High School,Married,$60K - $80K,Blue,32,6,2,2,2253.0,1667,586.0,0.884,1641,45,0.667,0.74
717277833,Existing Customer,27,F,1,Graduate,Single,Unknown,Blue,13,6,2,4,2339.0,2080,259.0,1.067,2294,45,0.452,0.889
778137108,Existing Customer,43,M,4,High School,Single,$80K - $120K,Blue,37,6,1,2,30503.0,2517,27986.0,0.462,1860,47,0.306,0.083
720973833,Existing Customer,49,M,2,Graduate,Divorced,$60K - $80K,Blue,36,5,3,2,4596.0,0,4596.0,0.93,2872,62,0.722,0.0
768490458,Attrited Customer,49,M,2,Uneducated,Married,$80K - $120K,Blue,43,1,3,3,5701.0,2517,3184.0,0.716,961,32,0.524,0.442
751487358,Existing Customer,39,F,3,Graduate,Married,Less than $40K,Blue,32,5,6,3,3221.0,0,3221.0,0.678,1765,40,0.6,0.0
712742808,Existing Customer,41,F,3,Uneducated,Married,Less than $40K,Blue,29,5,3,3,3022.0,1142,1880.0,0.403,1184,21,0.615,0.378
712820208,Existing Customer,32,F,0,High School,Divorced,Less than $40K,Blue,36,5,2,4,2699.0,1609,1090.0,0.893,2141,56,0.806,0.596
794649858,Existing Customer,58,F,1,Uneducated,Married,Less than $40K,Blue,39,3,3,3,2210.0,1624,586.0,0.627,1287,37,0.48,0.735
755262933,Existing Customer,56,M,2,Post-Graduate,Married,$60K - $80K,Blue,49,5,3,4,1438.3,0,1438.3,0.77,1446,38,0.81,0.0
709541433,Existing Customer,37,M,2,Graduate,Married,Less than $40K,Blue,36,3,3,4,2041.0,1687,354.0,0.677,1555,45,0.552,0.827
820622433,Existing Customer,39,M,1,High School,Married,$120K +,Blue,34,4,2,2,3250.0,1698,1552.0,0.767,2006,58,0.568,0.522
712586583,Existing Customer,26,F,0,Graduate,Single,$40K - $60K,Blue,13,6,3,4,1643.0,1101,542.0,0.713,2152,50,0.471,0.67
709816158,Existing Customer,31,F,1,Unknown,Single,Unknown,Silver,36,4,3,2,34516.0,0,34516.0,0.791,2183,60,1.069,0.0
712196508,Attrited Customer,46,F,3,High School,Single,Unknown,Blue,34,4,3,3,29543.0,1164,28379.0,0.717,1015,27,0.35,0.039
767269908,Existing Customer,36,M,2,College,Married,$120K +,Blue,29,6,3,2,3158.0,0,3158.0,1.209,2973,63,0.969,0.0
710927733,Existing Customer,39,M,1,Unknown,Married,$80K - $120K,Blue,36,6,2,3,2899.0,1999,900.0,0.832,1687,35,0.591,0.69
711310908,Existing Customer,53,F,4,College,Married,Less than $40K,Blue,36,4,1,3,2972.0,2160,812.0,0.956,2552,62,0.676,0.727
788862333,Existing Customer,38,F,3,Uneducated,Married,Less than $40K,Blue,23,6,2,2,5645.0,0,5645.0,1.05,1527,32,0.455,0.0
713194608,Existing Customer,37,M,2,Graduate,Married,Less than $40K,Blue,36,6,3,2,2463.0,1751,712.0,0.854,2171,58,0.758,0.711
793550958,Existing Customer,47,F,2,Graduate,Married,Less than $40K,Blue,41,5,3,4,1438.3,0,1438.3,0.8,1501,40,0.739,0.0
712607583,Existing Customer,56,M,1,College,Divorced,$80K - $120K,Blue,36,3,3,3,34516.0,1477,33039.0,1.234,2395,50,0.724,0.043
713921058,Existing Customer,55,F,3,High School,Married,Less than $40K,Blue,48,6,2,2,2897.0,1601,1296.0,0.878,1337,25,0.471,0.553
709183683,Existing Customer,31,F,0,Uneducated,Single,Less than $40K,Blue,36,4,2,0,5391.0,0,5391.0,1.075,1971,56,0.6,0.0
713407458,Existing Customer,62,F,0,Graduate,Single,Unknown,Blue,36,5,2,4,2870.0,2284,586.0,0.661,3946,74,0.574,0.796
715241583,Existing Customer,34,M,3,High School,Married,$120K +,Blue,25,3,2,4,23959.0,2517,21442.0,0.926,1870,45,0.667,0.105
710475408,Existing Customer,33,M,3,High School,Married,$60K - $80K,Blue,25,5,2,2,14918.0,2028,12890.0,1.342,2171,35,1.059,0.136
708971583,Existing Customer,38,F,2,Uneducated,Single,Less than $40K,Blue,29,3,3,2,3590.0,1924,1666.0,0.573,1472,37,0.762,0.536
714547458,Existing Customer,65,M,0,Graduate,Married,$40K - $60K,Blue,56,3,3,2,2297.0,0,2297.0,0.511,1941,51,0.417,0.0
827631483,Existing Customer,57,M,1,High School,Married,$80K - $120K,Blue,53,3,2,4,25058.0,1710,23348.0,0.613,2053,55,0.528,0.068
711159108,Attrited Customer,58,F,0,High School,Married,Less than $40K,Blue,36,3,2,2,7418.0,396,7022.0,0.826,911,26,1.0,0.053
789262683,Existing Customer,60,M,1,Unknown,Divorced,$40K - $60K,Blue,49,4,3,2,3012.0,0,3012.0,0.538,1315,23,0.278,0.0
712940508,Existing Customer,39,M,3,Unknown,Single,$40K - $60K,Blue,24,3,1,4,4562.0,1721,2841.0,0.896,1896,50,1.5,0.377
789733008,Existing Customer,39,F,2,High School,Married,Unknown,Blue,27,6,2,2,10723.0,1529,9194.0,1.426,2938,63,0.703,0.143
714703158,Existing Customer,39,F,2,High School,Married,Less than $40K,Blue,36,6,2,3,1578.0,760,818.0,0.709,2017,43,0.955,0.482
710255208,Existing Customer,60,M,0,Uneducated,Married,Less than $40K,Blue,49,4,2,4,2094.0,1560,534.0,0.537,1969,41,0.367,0.745
779236083,Existing Customer,37,F,3,High School,Married,Less than $40K,Blue,19,5,1,3,4138.0,0,4138.0,1.168,2420,50,0.613,0.0
713438358,Existing Customer,41,F,4,Graduate,Married,Unknown,Blue,30,3,1,2,5417.0,1904,3513.0,0.496,1768,56,0.556,0.351
715973583,Existing Customer,56,M,3,Uneducated,Married,$120K +,Blue,36,6,3,3,34516.0,1047,33469.0,0.61,1378,30,0.429,0.03
794113758,Existing Customer,60,M,0,High School,Married,$60K - $80K,Blue,54,6,1,2,9592.0,1968,7624.0,0.61,1821,55,0.447,0.205
709452633,Existing Customer,56,F,4,High School,Single,Less than $40K,Blue,36,3,1,3,8881.0,2145,6736.0,0.705,2027,49,0.815,0.242
788210583,Existing Customer,62,M,0,College,Married,$40K - $60K,Blue,54,3,3,4,1438.3,0,1438.3,0.795,1843,49,0.581,0.0
717784983,Existing Customer,41,F,2,Uneducated,Married,Less than $40K,Blue,33,3,3,3,3893.0,1157,2736.0,1.169,1536,39,0.773,0.297
786557358,Existing Customer,44,F,1,Unknown,Married,Less than $40K,Blue,38,5,2,4,3242.0,799,2443.0,0.459,1424,37,0.028,0.246
768460908,Existing Customer,59,M,1,Graduate,Single,$40K - $60K,Blue,53,3,3,3,6035.0,1392,4643.0,0.361,1551,32,0.6,0.231
718899708,Existing Customer,55,F,1,College,Married,Unknown,Blue,36,6,3,2,17642.0,1846,15796.0,0.72,2148,54,0.862,0.105
714697533,Existing Customer,26,M,1,High School,Single,$60K - $80K,Blue,15,6,3,3,4327.0,0,4327.0,0.624,2344,48,0.297,0.0
713206683,Attrited Customer,40,M,4,Graduate,Single,$80K - $120K,Silver,22,3,1,3,34516.0,0,34516.0,0.64,1028,26,0.3,0.0
708679383,Existing Customer,44,F,2,Unknown,Unknown,Less than $40K,Blue,32,5,1,3,4852.0,1777,3075.0,0.667,1775,55,1.037,0.366
713067033,Existing Customer,37,M,2,Uneducated,Single,Unknown,Blue,28,5,3,3,7147.0,1424,5723.0,0.821,2539,50,1.273,0.199
789314133,Existing Customer,37,M,1,High School,Married,$60K - $80K,Blue,27,6,3,3,10320.0,1799,8521.0,0.75,1754,45,0.5,0.174
713956308,Existing Customer,65,F,0,Graduate,Married,Less than $40K,Blue,49,4,2,2,3297.0,2297,1000.0,0.744,1894,56,0.556,0.697
711595833,Existing Customer,46,M,3,College,Married,$60K - $80K,Blue,36,5,2,2,9981.0,807,9174.0,0.655,1456,30,0.667,0.081
779521533,Existing Customer,53,M,2,High School,Married,$120K +,Blue,36,5,3,3,3329.0,1092,2237.0,1.466,1978,33,0.833,0.328
715225458,Existing Customer,56,F,1,Uneducated,Married,Less than $40K,Blue,36,6,3,4,5991.0,1993,3998.0,0.673,1867,53,0.767,0.333
716487408,Existing Customer,48,M,3,Graduate,Married,$40K - $60K,Blue,30,3,1,3,3235.0,2517,718.0,1.091,1637,43,0.87,0.778
719338383,Existing Customer,34,M,2,High School,Married,$120K +,Blue,21,3,3,3,6259.0,1063,5196.0,0.668,1836,50,0.515,0.17
710523333,Existing Customer,65,M,0,Graduate,Married,Less than $40K,Blue,56,6,3,2,2541.0,1616,925.0,0.417,1416,27,0.588,0.636
787489083,Existing Customer,55,M,4,Post-Graduate,Married,$80K - $120K,Blue,43,6,2,4,21351.0,2517,18834.0,0.818,1887,32,0.882,0.118
720747633,Existing Customer,32,M,1,Unknown,Married,$40K - $60K,Blue,36,3,2,4,8998.0,1471,7527.0,0.844,1931,48,0.371,0.163
779480658,Existing Customer,58,F,4,Graduate,Married,Unknown,Blue,42,3,3,4,10247.0,1600,8647.0,0.63,1754,44,0.692,0.156
711498258,Existing Customer,54,M,3,High School,Married,$120K +,Blue,42,6,3,2,20311.0,1655,18656.0,0.431,1266,34,0.308,0.081
709316433,Existing Customer,52,M,2,High School,Single,$60K - $80K,Silver,33,6,1,4,33182.0,1997,31185.0,0.755,1630,43,0.87,0.06
778734108,Existing Customer,36,M,3,Uneducated,Married,$60K - $80K,Blue,16,4,5,4,1686.0,1252,434.0,0.575,1758,42,1.1,0.743
778388358,Attrited Customer,56,M,3,Graduate,Single,$60K - $80K,Blue,36,2,2,3,4742.0,855,3887.0,0.635,870,24,0.5,0.18
716773533,Existing Customer,33,M,3,Graduate,Married,$60K - $80K,Blue,36,5,1,3,1726.0,1215,511.0,1.175,1712,48,0.548,0.704
822130683,Existing Customer,61,M,0,Graduate,Married,$80K - $120K,Blue,56,4,2,4,8420.0,1389,7031.0,0.522,1114,34,0.545,0.165
717268458,Existing Customer,61,M,0,Graduate,Married,$60K - $80K,Blue,49,4,3,4,3352.0,1713,1639.0,0.657,1952,50,0.667,0.511
827888433,Existing Customer,43,M,4,Uneducated,Single,$40K - $60K,Blue,39,5,2,2,6648.0,2242,4406.0,0.79,2089,60,0.579,0.337
716522583,Existing Customer,48,F,3,College,Divorced,Less than $40K,Blue,36,4,3,3,2335.0,1845,490.0,0.537,1362,33,0.269,0.79
789415983,Existing Customer,36,M,3,Graduate,Married,$60K - $80K,Blue,27,4,3,2,12397.0,1001,11396.0,0.756,1888,42,0.448,0.081
719819958,Existing Customer,34,M,2,Uneducated,Married,$40K - $60K,Blue,26,5,1,4,1438.3,708,730.3,1.212,2243,43,0.483,0.492
769579608,Existing Customer,53,F,1,Graduate,Single,Less than $40K,Blue,46,3,6,4,2240.0,1601,639.0,0.833,3795,70,0.75,0.715
772353408,Existing Customer,43,F,5,Unknown,Single,$40K - $60K,Blue,33,4,3,4,5330.0,1161,4169.0,0.558,1441,43,0.387,0.218
716615583,Existing Customer,61,F,1,High School,Married,Less than $40K,Blue,51,3,3,3,1795.0,794,1001.0,0.953,1834,59,1.107,0.442
781131483,Existing Customer,55,M,2,High School,Married,$80K - $120K,Blue,47,3,1,4,5741.0,1894,3847.0,1.111,2170,51,0.962,0.33
719101908,Existing Customer,51,F,1,Graduate,Married,Unknown,Blue,39,4,3,3,2002.0,1248,754.0,0.502,1585,40,0.905,0.623
720521808,Existing Customer,38,M,1,Graduate,Single,$80K - $120K,Blue,19,6,3,2,25662.0,1515,24147.0,0.556,1484,36,0.636,0.059
718136283,Existing Customer,52,M,2,Uneducated,Single,$80K - $120K,Blue,36,3,1,4,22103.0,1515,20588.0,0.506,1541,29,0.318,0.069
778855383,Existing Customer,36,F,5,High School,Married,Less than $40K,Blue,17,3,1,3,1438.3,0,1438.3,1.028,1975,40,0.6,0.0
779722308,Attrited Customer,45,F,3,High School,Married,$40K - $60K,Blue,30,5,2,2,12355.0,0,12355.0,0.912,1044,28,0.273,0.0
818926833,Existing Customer,34,F,3,College,Married,$40K - $60K,Blue,29,4,1,2,2000.0,0,2000.0,0.782,1944,42,0.75,0.0
721217283,Existing Customer,27,M,0,Graduate,Single,$120K +,Blue,17,6,2,2,8713.0,1354,7359.0,0.558,2094,36,0.333,0.155
717167283,Existing Customer,49,F,5,Unknown,Divorced,Less than $40K,Blue,36,4,1,4,9165.0,0,9165.0,0.597,1846,56,0.647,0.0
713371233,Existing Customer,43,F,1,Graduate,Married,Less than $40K,Silver,31,5,1,2,11583.0,631,10952.0,0.714,3320,55,0.774,0.054
778426608,Existing Customer,52,M,4,Graduate,Married,$80K - $120K,Blue,32,4,3,3,1438.3,702,736.3,0.805,1805,53,0.606,0.488
713823033,Attrited Customer,31,F,2,Unknown,Married,Unknown,Blue,20,3,1,2,8149.0,0,8149.0,0.331,808,30,0.111,0.0
787515333,Attrited Customer,40,M,3,Uneducated,Married,$80K - $120K,Blue,29,3,2,3,3616.0,1151,2465.0,0.687,820,21,0.75,0.318
710944608,Existing Customer,39,M,3,Graduate,Unknown,$80K - $120K,Blue,31,6,2,4,8434.0,2222,6212.0,0.691,1414,27,0.929,0.263
718444233,Existing Customer,45,M,3,Graduate,Married,$60K - $80K,Blue,25,3,3,2,9791.0,1311,8480.0,0.704,1649,59,0.513,0.134
771099183,Existing Customer,37,F,2,Graduate,Single,Less than $40K,Blue,24,5,2,3,8444.0,1945,6499.0,0.703,2497,74,0.609,0.23
770241333,Existing Customer,49,F,4,Graduate,Divorced,Less than $40K,Blue,43,3,1,4,2228.0,1003,1225.0,1.119,2104,44,0.467,0.45
710819733,Attrited Customer,56,M,3,Graduate,Married,$120K +,Blue,36,5,1,1,12211.0,0,12211.0,0.642,903,29,0.526,0.0
772155108,Existing Customer,62,F,0,High School,Married,Less than $40K,Blue,51,6,3,4,1438.3,0,1438.3,0.702,1445,38,0.31,0.0
798796233,Existing Customer,37,F,3,High School,Married,$40K - $60K,Blue,31,5,3,3,1586.0,1038,548.0,0.973,1724,24,0.714,0.654
815472108,Existing Customer,42,M,3,High School,Single,$40K - $60K,Blue,37,3,3,3,2247.0,1045,1202.0,0.952,1300,31,0.55,0.465
769145733,Existing Customer,36,M,3,Graduate,Single,$60K - $80K,Blue,30,3,4,3,2789.0,1584,1205.0,0.996,2688,60,0.714,0.568
783364233,Existing Customer,59,M,0,Graduate,Married,$40K - $60K,Blue,53,3,2,3,4241.0,0,4241.0,0.607,1798,45,0.731,0.0
772236108,Existing Customer,40,F,1,Graduate,Married,Unknown,Blue,29,5,1,3,8398.0,1892,6506.0,0.861,1489,29,0.526,0.225
715640358,Existing Customer,43,M,3,High School,Single,$40K - $60K,Blue,36,6,3,3,4112.0,768,3344.0,0.413,1334,40,0.429,0.187
713529858,Existing Customer,29,M,2,Graduate,Divorced,$40K - $60K,Silver,22,6,2,3,15578.0,1383,14195.0,0.794,2492,71,0.614,0.089
715684308,Existing Customer,42,F,4,Graduate,Married,$40K - $60K,Blue,36,6,2,2,4008.0,1636,2372.0,0.637,1395,43,0.955,0.408
709451508,Existing Customer,63,F,1,High School,Married,Unknown,Blue,50,6,1,3,12766.0,0,12766.0,0.668,1191,28,0.647,0.0
709204158,Existing Customer,36,F,2,Post-Graduate,Single,Less than $40K,Blue,24,5,2,4,3438.0,1129,2309.0,0.605,2331,56,0.436,0.328
713182458,Existing Customer,53,M,4,High School,Married,$80K - $120K,Blue,43,3,1,2,16692.0,2446,14246.0,0.853,1288,29,0.45,0.147
710624658,Existing Customer,36,F,2,Uneducated,Married,Less than $40K,Blue,36,4,2,2,4066.0,1639,2427.0,1.749,3040,56,0.931,0.403
716355783,Existing Customer,36,M,3,Unknown,Married,$60K - $80K,Blue,30,5,2,3,13080.0,0,13080.0,0.685,1999,44,0.571,0.0
716793108,Existing Customer,26,M,0,College,Single,Less than $40K,Blue,36,4,1,2,1934.0,1070,864.0,0.448,2334,61,0.452,0.553
716162583,Existing Customer,45,F,0,Unknown,Single,Less than $40K,Blue,36,6,2,3,3230.0,2517,713.0,0.615,1931,57,0.425,0.779
714051033,Existing Customer,55,F,0,Graduate,Married,Less than $40K,Blue,36,6,2,4,3615.0,1699,1916.0,0.576,1967,40,0.538,0.47
715007583,Existing Customer,61,F,0,Unknown,Unknown,Unknown,Blue,36,4,2,2,1801.0,0,1801.0,1.234,3193,62,1.48,0.0
719139558,Existing Customer,26,M,0,Uneducated,Single,Less than $40K,Blue,36,4,3,4,2665.0,1567,1098.0,0.586,2514,64,0.455,0.588
794632308,Existing Customer,40,M,4,Graduate,Married,$60K - $80K,Silver,25,5,3,2,28822.0,2517,26305.0,0.492,1504,35,0.296,0.087
770662383,Existing Customer,38,M,2,Graduate,Single,$40K - $60K,Blue,24,6,3,2,14632.0,1158,13474.0,0.501,1399,36,0.5,0.079
714787383,Existing Customer,32,F,0,College,Married,Unknown,Blue,36,5,3,3,6715.0,1314,5401.0,0.987,1731,41,0.519,0.196
714700158,Existing Customer,53,M,2,Unknown,Married,$60K - $80K,Blue,46,3,2,3,6658.0,1761,4897.0,0.489,1309,40,0.6,0.264
710581758,Existing Customer,52,F,2,Graduate,Single,$40K - $60K,Blue,44,6,2,3,3360.0,1219,2141.0,0.412,1309,30,1.0,0.363
720497958,Existing Customer,29,M,1,Graduate,Married,$80K - $120K,Blue,14,5,3,2,14853.0,0,14853.0,1.025,1800,41,0.519,0.0
720920058,Existing Customer,38,M,2,Graduate,Married,$60K - $80K,Blue,25,3,3,4,4800.0,1212,3588.0,1.254,2935,62,0.879,0.252
710872233,Existing Customer,27,M,0,Unknown,Single,$40K - $60K,Blue,17,5,1,2,4610.0,0,4610.0,0.794,2280,49,0.4,0.0
709855608,Existing Customer,46,F,4,High School,Married,Less than $40K,Blue,36,3,3,4,1438.3,981,457.3,0.663,1114,33,0.65,0.682
815484783,Existing Customer,57,M,0,Uneducated,Single,$60K - $80K,Blue,42,6,4,3,8377.0,1211,7166.0,0.813,1797,44,1.2,0.145
771602883,Existing Customer,42,M,3,High School,Single,$80K - $120K,Blue,30,4,5,4,4147.0,1719,2428.0,0.875,1776,44,0.571,0.415
755953308,Existing Customer,62,F,0,Post-Graduate,Married,$40K - $60K,Blue,55,6,1,4,2644.0,2207,437.0,0.866,1194,30,0.765,0.835
758408883,Existing Customer,37,F,1,Graduate,Unknown,$40K - $60K,Blue,30,5,3,4,13355.0,1631,11724.0,1.113,1921,37,0.85,0.122
717940008,Existing Customer,57,F,2,Unknown,Divorced,$40K - $60K,Blue,36,5,2,2,3251.0,1887,1364.0,1.007,3228,67,0.763,0.58
720917808,Existing Customer,35,M,2,High School,Single,$40K - $60K,Blue,36,5,3,4,2100.0,950,1150.0,0.764,2623,74,1.114,0.452
812801958,Existing Customer,55,F,1,Unknown,Married,Less than $40K,Blue,50,5,3,4,3566.0,1401,2165.0,0.903,2425,54,0.8,0.393
714997683,Existing Customer,56,F,4,Graduate,Married,Unknown,Blue,49,5,1,3,14915.0,1111,13804.0,0.846,1388,35,0.667,0.074
709379283,Existing Customer,39,M,2,Graduate,Married,$60K - $80K,Blue,27,3,1,4,13003.0,0,13003.0,0.877,1697,40,1.105,0.0
711840408,Existing Customer,64,M,0,College,Married,Less than $40K,Blue,55,5,3,4,2492.0,1424,1068.0,0.485,1375,30,0.364,0.571
785328408,Existing Customer,37,F,4,Graduate,Married,Less than $40K,Blue,31,5,2,3,1758.0,1180,578.0,0.744,2013,41,0.367,0.671
719873808,Existing Customer,34,M,1,College,Married,$60K - $80K,Blue,23,3,2,2,5510.0,1604,3906.0,0.551,1995,53,0.262,0.291
715528983,Existing Customer,46,M,5,Uneducated,Divorced,$60K - $80K,Blue,36,3,1,2,17196.0,1646,15550.0,0.542,1466,41,1.278,0.096
720254883,Existing Customer,65,F,0,High School,Married,$40K - $60K,Blue,46,6,1,3,5877.0,1697,4180.0,1.058,2494,58,0.706,0.289
811980858,Existing Customer,36,M,0,Graduate,Married,$60K - $80K,Blue,31,5,1,2,7667.0,0,7667.0,0.632,1501,35,0.667,0.0
711330408,Existing Customer,35,F,2,College,Married,$40K - $60K,Blue,24,4,1,3,2939.0,1865,1074.0,0.932,2077,47,0.679,0.635
718465458,Existing Customer,49,M,1,Unknown,Single,$80K - $120K,Blue,31,6,1,4,5898.0,1348,4550.0,0.64,1002,21,1.333,0.229
710616183,Existing Customer,46,F,3,Uneducated,Single,Unknown,Blue,33,5,3,4,19995.0,0,19995.0,0.65,1879,34,0.7,0.0
714580158,Existing Customer,26,M,0,Post-Graduate,Married,$40K - $60K,Blue,36,6,1,4,2773.0,2080,693.0,0.695,3567,73,0.622,0.75
710798883,Existing Customer,52,M,3,Graduate,Single,$60K - $80K,Blue,44,4,2,4,3323.0,2310,1013.0,0.749,1599,47,0.808,0.695
720511608,Existing Customer,38,F,0,Graduate,Married,Unknown,Blue,28,5,3,3,16049.0,799,15250.0,0.777,1989,33,0.571,0.05
708913233,Existing Customer,37,M,1,High School,Married,$40K - $60K,Blue,28,3,4,2,3601.0,1236,2365.0,0.726,1802,34,0.478,0.343
788038383,Existing Customer,33,F,3,Graduate,Married,Less than $40K,Blue,25,3,2,2,2307.0,1385,922.0,1.515,2440,48,0.846,0.6
719905908,Existing Customer,59,M,1,Uneducated,Married,$60K - $80K,Blue,36,4,3,3,3742.0,1175,2567.0,0.514,1505,31,0.824,0.314
807044958,Existing Customer,34,M,3,High School,Married,$40K - $60K,Blue,29,6,3,3,2937.0,869,2068.0,1.493,2171,45,0.875,0.296
719514783,Existing Customer,39,F,3,Post-Graduate,Unknown,Unknown,Blue,26,6,1,4,3209.0,2517,692.0,0.431,1292,37,0.762,0.784
787643658,Existing Customer,59,M,0,Graduate,Married,$60K - $80K,Blue,53,6,1,4,12554.0,2169,10385.0,0.529,1422,30,0.579,0.173
779138883,Existing Customer,50,M,1,Graduate,Married,$60K - $80K,Blue,34,6,3,4,4702.0,0,4702.0,0.578,1673,44,0.257,0.0
708173433,Existing Customer,26,F,1,Unknown,Single,$40K - $60K,Blue,14,4,2,4,5645.0,2324,3321.0,0.655,2482,57,0.727,0.412
778401033,Existing Customer,32,M,0,High School,Married,$60K - $80K,Blue,13,3,3,4,14308.0,1889,12419.0,1.053,1659,39,1.167,0.132
818375733,Attrited Customer,51,F,2,College,Married,$40K - $60K,Blue,46,3,1,3,4882.0,695,4187.0,0.508,1544,44,0.517,0.142
711048783,Existing Customer,41,M,4,Doctorate,Married,$80K - $120K,Blue,29,3,3,3,33405.0,0,33405.0,0.535,1345,34,0.619,0.0
721415658,Existing Customer,39,F,1,Graduate,Married,$40K - $60K,Blue,27,3,1,2,2700.0,2220,480.0,1.595,2901,59,1.36,0.822
717961458,Existing Customer,49,F,2,Uneducated,Single,Less than $40K,Blue,37,5,1,4,2934.0,2381,553.0,0.762,3396,64,0.778,0.812
718563483,Existing Customer,30,M,2,Unknown,Divorced,$120K +,Blue,14,3,2,3,1548.0,0,1548.0,0.828,2611,64,0.455,0.0
717128283,Existing Customer,40,F,3,High School,Unknown,Less than $40K,Blue,36,5,2,2,5525.0,2409,3116.0,0.929,2305,33,0.941,0.436
718068933,Existing Customer,36,F,3,Uneducated,Single,Less than $40K,Blue,36,5,2,4,5750.0,1521,4229.0,0.837,2155,61,0.605,0.265
718623783,Existing Customer,56,M,2,College,Married,$120K +,Blue,36,6,3,2,27157.0,1547,25610.0,0.487,1535,38,0.267,0.057
716565258,Existing Customer,37,M,3,Doctorate,Single,$80K - $120K,Blue,36,5,2,4,12830.0,0,12830.0,0.774,2526,54,0.588,0.0
712505658,Existing Customer,51,F,4,Unknown,Single,Less than $40K,Blue,41,3,1,3,5530.0,1999,3531.0,1.018,1766,45,0.667,0.361
792565908,Existing Customer,36,F,2,Uneducated,Single,Less than $40K,Blue,30,6,2,3,2684.0,1474,1210.0,1.042,2346,51,1.04,0.549
709267308,Existing Customer,62,M,1,Graduate,Married,$80K - $120K,Blue,49,3,1,2,2437.0,1400,1037.0,0.779,1651,32,1.0,0.574
710035008,Existing Customer,31,F,0,Uneducated,Single,Less than $40K,Blue,24,3,2,4,3827.0,1397,2430.0,0.88,2491,64,1.0,0.365
790082508,Existing Customer,42,M,4,High School,Single,$120K +,Blue,35,5,2,2,34516.0,1658,32858.0,1.095,2935,65,0.711,0.048
716866308,Existing Customer,38,M,2,High School,Married,$60K - $80K,Blue,33,6,3,4,5940.0,1101,4839.0,0.942,1872,34,1.125,0.185
709707033,Attrited Customer,45,M,3,Graduate,Single,$60K - $80K,Blue,32,2,3,2,13162.0,0,13162.0,0.512,1424,38,0.583,0.0
718346658,Existing Customer,50,F,2,Graduate,Married,Less than $40K,Blue,37,3,2,4,1963.0,1357,606.0,0.689,1861,51,0.7,0.691
824157858,Existing Customer,58,M,3,Graduate,Married,$80K - $120K,Blue,54,4,3,3,18713.0,1022,17691.0,0.682,1524,42,0.615,0.055
709735008,Existing Customer,35,M,2,High School,Married,$80K - $120K,Blue,22,3,1,4,3023.0,1435,1588.0,0.62,1920,34,0.619,0.475
814593858,Existing Customer,58,M,3,High School,Single,$120K +,Blue,53,4,1,2,6103.0,1798,4305.0,0.705,1468,34,0.619,0.295
718416858,Existing Customer,42,M,5,Graduate,Married,$60K - $80K,Blue,34,3,3,3,10607.0,2517,8090.0,1.197,1903,40,0.538,0.237
710307933,Existing Customer,32,F,0,College,Single,Less than $40K,Blue,24,3,3,4,2917.0,2517,400.0,0.833,2471,60,0.875,0.863
715870758,Existing Customer,35,M,4,Graduate,Married,$120K +,Blue,30,4,3,4,34516.0,1018,33498.0,1.129,2350,55,0.774,0.029
713819283,Existing Customer,51,M,1,Uneducated,Married,$80K - $120K,Blue,42,6,2,2,25197.0,2517,22680.0,0.721,3002,58,0.812,0.1
710424408,Existing Customer,63,M,2,Graduate,Married,Less than $40K,Blue,36,5,2,4,2743.0,1815,928.0,0.567,1210,25,1.273,0.662
709493283,Existing Customer,42,M,2,Unknown,Single,$120K +,Blue,32,5,2,4,4111.0,1233,2878.0,0.478,1289,36,0.5,0.3
712489158,Existing Customer,36,F,0,Uneducated,Single,Unknown,Blue,18,5,3,2,3667.0,948,2719.0,0.641,2781,59,0.844,0.259
719013108,Existing Customer,42,M,3,Graduate,Divorced,$40K - $60K,Blue,33,4,2,4,3178.0,1800,1378.0,0.89,4605,86,0.623,0.566
721178583,Attrited Customer,37,F,3,Graduate,Unknown,Unknown,Blue,22,2,3,2,5674.0,0,5674.0,0.906,1096,29,0.526,0.0
717769008,Existing Customer,38,M,2,Graduate,Married,$80K - $120K,Blue,36,5,3,4,11444.0,1278,10166.0,1.31,2493,44,0.913,0.112
709986633,Existing Customer,29,M,1,High School,Married,$40K - $60K,Blue,36,3,1,3,1438.3,0,1438.3,0.742,2144,41,0.577,0.0
721062408,Existing Customer,54,M,2,Uneducated,Divorced,$40K - $60K,Blue,34,4,3,4,6387.0,1597,4790.0,0.689,1294,26,0.529,0.25
771349458,Existing Customer,33,M,2,Graduate,Married,$40K - $60K,Blue,20,4,3,3,5657.0,1792,3865.0,0.904,1914,46,0.769,0.317
780557658,Existing Customer,63,F,0,Uneducated,Married,Unknown,Blue,54,5,3,2,11827.0,0,11827.0,0.921,1395,37,0.609,0.0
771441558,Existing Customer,49,M,2,Post-Graduate,Married,$60K - $80K,Blue,37,5,3,3,2608.0,1589,1019.0,0.982,2073,47,0.516,0.609
756409758,Existing Customer,44,F,2,Graduate,Married,Less than $40K,Blue,37,4,5,4,3203.0,2076,1127.0,0.543,1433,38,1.0,0.648
720009558,Existing Customer,33,F,2,College,Single,Unknown,Gold,36,3,1,3,34516.0,1540,32976.0,1.038,2574,72,0.756,0.045
778885158,Existing Customer,57,M,3,Uneducated,Married,$80K - $120K,Blue,38,5,3,3,2472.0,2457,15.0,0.693,1392,33,0.737,0.994
715543908,Existing Customer,52,F,3,Uneducated,Married,Less than $40K,Blue,43,4,3,3,2147.0,1173,974.0,0.653,1352,37,0.37,0.546
717591483,Existing Customer,52,F,3,Graduate,Single,Less than $40K,Blue,44,4,1,3,3416.0,2044,1372.0,0.994,1924,48,0.92,0.598
715042608,Existing Customer,39,F,2,Doctorate,Married,Unknown,Blue,36,5,2,4,8058.0,791,7267.0,1.787,2742,42,2.0,0.098
755959683,Existing Customer,50,F,5,Unknown,Unknown,Unknown,Blue,43,5,1,2,3410.0,2281,1129.0,0.518,1296,31,0.348,0.669
715367058,Existing Customer,43,M,3,College,Unknown,$60K - $80K,Blue,37,5,2,3,19044.0,0,19044.0,0.721,1780,44,0.76,0.0
714573258,Existing Customer,36,M,2,Post-Graduate,Single,$60K - $80K,Blue,30,4,2,4,1606.0,798,808.0,0.59,2229,45,1.045,0.497
712281183,Existing Customer,55,M,4,Graduate,Married,$120K +,Blue,36,4,2,2,24336.0,856,23480.0,0.459,1425,33,0.65,0.035
717670758,Existing Customer,30,F,1,Graduate,Single,Less than $40K,Blue,20,5,2,3,5030.0,1327,3703.0,0.803,2523,71,0.775,0.264
720666333,Existing Customer,36,M,3,Unknown,Married,$120K +,Blue,24,6,3,2,24577.0,0,24577.0,0.75,1897,39,0.393,0.0
771556308,Existing Customer,26,F,0,High School,Single,Less than $40K,Blue,13,6,3,4,3517.0,1195,2322.0,0.556,2255,48,0.5,0.34
708931908,Existing Customer,48,M,3,High School,Single,$40K - $60K,Blue,36,3,2,3,7400.0,636,6764.0,0.972,1568,51,0.5,0.086
718894233,Existing Customer,53,F,2,Graduate,Married,$40K - $60K,Blue,36,6,2,4,2956.0,1391,1565.0,0.698,2116,63,0.575,0.471
771544533,Attrited Customer,42,F,5,High School,Married,Unknown,Blue,30,3,1,4,3578.0,0,3578.0,0.759,1015,36,0.44,0.0
708927108,Attrited Customer,53,M,2,Graduate,Married,$120K +,Blue,36,1,3,2,12778.0,507,12271.0,0.967,1133,28,0.4,0.04
717831783,Existing Customer,58,F,2,Uneducated,Married,Less than $40K,Blue,45,3,3,4,1942.0,1536,406.0,0.615,1371,38,0.407,0.791
709288383,Existing Customer,32,M,2,Graduate,Divorced,$80K - $120K,Blue,26,5,1,3,29961.0,789,29172.0,0.833,2337,69,0.605,0.026
710813733,Existing Customer,48,M,4,Uneducated,Married,$60K - $80K,Silver,35,5,3,4,33791.0,0,33791.0,0.712,1546,41,0.577,0.0
721084833,Existing Customer,48,M,5,High School,Married,$40K - $60K,Silver,34,5,0,2,17657.0,2018,15639.0,0.55,1682,39,0.95,0.114
711258108,Existing Customer,54,M,1,College,Married,$120K +,Blue,44,4,3,2,2821.0,2415,406.0,0.441,1419,36,0.8,0.856
710149008,Existing Customer,59,M,0,High School,Married,Less than $40K,Blue,47,6,3,4,1479.0,787,692.0,0.865,2139,70,0.556,0.532
711902058,Existing Customer,35,M,2,Graduate,Married,$60K - $80K,Blue,36,3,3,2,1438.3,0,1438.3,1.623,2492,55,0.897,0.0
716757033,Existing Customer,37,M,4,Post-Graduate,Married,$40K - $60K,Blue,27,5,1,4,6859.0,1766,5093.0,1.186,3045,56,0.697,0.257
712688433,Existing Customer,36,M,3,High School,Divorced,$120K +,Blue,36,3,2,3,3404.0,1568,1836.0,1.055,2406,65,0.857,0.461
713203908,Existing Customer,26,M,0,Uneducated,Single,$40K - $60K,Blue,15,4,1,3,2158.0,1695,463.0,0.766,1833,27,0.588,0.785
711772008,Attrited Customer,35,F,3,Graduate,Single,Less than $40K,Blue,22,1,2,1,1890.0,666,1224.0,0.691,1483,36,0.5,0.352
708799983,Attrited Customer,40,M,1,Post-Graduate,Married,$60K - $80K,Blue,36,6,3,4,18386.0,890,17496.0,0.361,1698,43,0.483,0.048
778882758,Existing Customer,55,F,2,Unknown,Married,Unknown,Blue,36,5,5,4,3602.0,2013,1589.0,0.839,1935,47,1.474,0.559
709157133,Existing Customer,39,M,1,Unknown,Divorced,$80K - $120K,Blue,34,6,1,3,3766.0,1049,2717.0,0.666,1514,51,0.645,0.279
741344808,Existing Customer,39,F,2,Graduate,Married,Less than $40K,Blue,32,4,2,4,5634.0,2057,3577.0,1.399,2905,63,0.969,0.365
739692933,Existing Customer,46,F,2,Unknown,Single,$40K - $60K,Blue,29,4,2,4,3126.0,2517,609.0,1.235,1638,41,0.519,0.805
766429908,Existing Customer,49,M,2,High School,Unknown,$60K - $80K,Blue,42,6,1,2,3017.0,786,2231.0,1.081,1640,37,0.762,0.261
802087683,Existing Customer,32,M,0,Post-Graduate,Married,$60K - $80K,Blue,26,6,2,3,5478.0,1491,3987.0,1.304,2456,55,0.571,0.272
712491108,Existing Customer,35,M,1,Post-Graduate,Married,$80K - $120K,Blue,20,6,3,4,13046.0,1177,11869.0,1.214,2601,52,0.733,0.09
714767508,Existing Customer,39,M,2,Graduate,Married,$40K - $60K,Blue,31,5,3,2,8687.0,1146,7541.0,1.8,2279,33,1.357,0.132
720376008,Existing Customer,53,F,2,Graduate,Married,Less than $40K,Blue,40,6,2,4,6174.0,1421,4753.0,0.669,2043,52,0.793,0.23
779126658,Existing Customer,26,F,0,Graduate,Single,$40K - $60K,Blue,13,5,1,2,5655.0,0,5655.0,0.842,2312,61,0.649,0.0
793222008,Existing Customer,32,M,0,High School,Married,$60K - $80K,Blue,26,5,2,3,5397.0,1784,3613.0,0.904,2056,49,0.633,0.331
720812433,Existing Customer,54,M,2,College,Married,$120K +,Blue,46,6,1,2,28465.0,0,28465.0,0.696,1693,37,1.056,0.0
717623583,Existing Customer,36,F,3,High School,Married,Less than $40K,Blue,27,4,2,4,3444.0,2441,1003.0,1.563,2668,51,0.545,0.709
708878508,Existing Customer,45,F,3,High School,Married,Less than $40K,Blue,37,4,1,3,2104.0,1267,837.0,0.677,1732,35,1.059,0.602
710043408,Existing Customer,49,M,3,Graduate,Married,$80K - $120K,Blue,37,4,1,4,15610.0,2048,13562.0,0.657,1916,58,0.526,0.131
789079758,Existing Customer,44,M,4,Doctorate,Unknown,$120K +,Blue,32,3,2,3,34516.0,1356,33160.0,1.169,1531,48,0.655,0.039
721311333,Existing Customer,32,M,1,High School,Married,Unknown,Blue,22,3,1,4,16912.0,1590,15322.0,1.274,2413,41,0.708,0.094
710749458,Existing Customer,64,F,0,Doctorate,Married,Less than $40K,Blue,53,4,1,3,5462.0,1864,3598.0,0.67,1523,35,0.667,0.341
778275783,Existing Customer,37,F,2,Unknown,Unknown,Less than $40K,Blue,27,5,1,2,2868.0,1434,1434.0,0.777,2909,64,0.488,0.5
799498158,Existing Customer,31,M,1,Post-Graduate,Married,$60K - $80K,Blue,22,5,1,3,2685.0,1580,1105.0,0.727,1642,36,0.636,0.588
716334258,Existing Customer,49,F,3,Uneducated,Divorced,$40K - $60K,Blue,36,5,1,2,5238.0,1365,3873.0,1.027,1834,43,1.263,0.261
716075208,Existing Customer,32,F,3,High School,Married,Less than $40K,Blue,22,4,2,4,4561.0,2029,2532.0,0.768,1874,38,0.52,0.445
780276258,Existing Customer,53,M,2,High School,Married,$120K +,Blue,39,3,2,3,13091.0,985,12106.0,0.322,1452,37,0.276,0.075
789282333,Existing Customer,62,F,0,Graduate,Married,Unknown,Blue,51,3,3,3,10826.0,1274,9552.0,0.602,1355,34,0.619,0.118
811571733,Existing Customer,26,F,0,Unknown,Single,Unknown,Blue,13,4,2,2,2600.0,1876,724.0,0.606,2625,45,0.364,0.722
709429533,Existing Customer,49,F,5,Graduate,Divorced,Unknown,Blue,35,6,3,4,2561.0,0,2561.0,1.021,2047,41,0.864,0.0
715247508,Existing Customer,30,F,1,Graduate,Married,Less than $40K,Blue,36,3,2,2,7087.0,1060,6027.0,0.709,1712,37,0.609,0.15
718784358,Existing Customer,34,M,4,Uneducated,Single,$120K +,Blue,36,6,3,2,34516.0,2517,31999.0,0.975,1969,46,1.3,0.073
751450008,Existing Customer,41,M,1,Post-Graduate,Single,$40K - $60K,Blue,32,3,2,4,10266.0,1390,8876.0,0.593,1720,42,0.556,0.135
719227233,Existing Customer,27,F,1,Unknown,Single,Less than $40K,Blue,36,3,3,3,1553.0,723,830.0,0.666,1954,43,0.344,0.466
711050058,Existing Customer,33,F,2,Uneducated,Married,$40K - $60K,Blue,23,4,2,4,6732.0,0,6732.0,0.856,1644,45,0.731,0.0
779040408,Existing Customer,56,M,2,High School,Married,$120K +,Blue,37,3,1,2,12181.0,1702,10479.0,0.834,1478,33,0.5,0.14
714024858,Existing Customer,36,M,3,High School,Married,$80K - $120K,Blue,27,3,1,2,7056.0,0,7056.0,0.815,1739,35,0.842,0.0
789849108,Existing Customer,35,M,1,Graduate,Single,$60K - $80K,Blue,25,6,1,2,14365.0,0,14365.0,0.61,2290,62,0.632,0.0
710391258,Existing Customer,27,M,0,Graduate,Married,$40K - $60K,Blue,36,3,2,4,11473.0,829,10644.0,0.707,2147,41,0.519,0.072
718830183,Existing Customer,46,M,1,High School,Single,$60K - $80K,Blue,38,5,2,4,23996.0,2517,21479.0,0.488,1339,29,0.381,0.105
779696883,Existing Customer,48,M,2,Graduate,Divorced,$60K - $80K,Blue,33,4,2,4,2998.0,1789,1209.0,0.807,1825,31,0.348,0.597
719249733,Existing Customer,54,M,1,Unknown,Single,$80K - $120K,Blue,36,6,2,2,30011.0,1232,28779.0,0.944,1676,41,0.783,0.041
737971833,Existing Customer,38,M,1,Graduate,Married,$60K - $80K,Blue,31,6,3,3,2405.0,1553,852.0,1.156,2503,40,0.667,0.646
772468983,Existing Customer,36,M,1,Post-Graduate,Married,$80K - $120K,Blue,26,3,4,2,21927.0,1291,20636.0,0.864,1946,37,0.542,0.059
710990283,Existing Customer,56,M,1,High School,Married,$80K - $120K,Blue,36,4,1,2,3906.0,1851,2055.0,0.73,1839,33,0.833,0.474
808750458,Existing Customer,32,M,1,Doctorate,Single,$60K - $80K,Blue,27,5,3,3,10029.0,606,9423.0,0.727,2192,58,0.657,0.06
719692983,Existing Customer,36,M,2,Doctorate,Married,$60K - $80K,Blue,30,3,3,4,4934.0,1504,3430.0,1.52,2747,42,0.448,0.305
719125158,Existing Customer,35,F,2,High School,Single,Less than $40K,Silver,15,5,2,2,13882.0,1452,12430.0,0.771,2685,71,0.511,0.105
787509408,Existing Customer,26,M,0,College,Single,Unknown,Blue,13,6,3,2,2347.0,0,2347.0,0.863,2595,56,0.333,0.0
719206308,Existing Customer,32,M,1,High School,Married,$60K - $80K,Blue,24,4,2,2,4116.0,1223,2893.0,0.73,1657,38,0.52,0.297
717141858,Existing Customer,56,F,2,High School,Single,$40K - $60K,Blue,36,4,1,2,13904.0,625,13279.0,0.673,3151,67,0.595,0.045
713172408,Existing Customer,54,M,1,Unknown,Married,$80K - $120K,Blue,43,4,2,4,32558.0,2016,30542.0,0.506,1440,37,0.423,0.062
720314583,Existing Customer,54,M,2,Unknown,Married,$80K - $120K,Blue,44,4,1,2,12902.0,1860,11042.0,0.492,1273,33,0.375,0.144
708347583,Existing Customer,37,F,4,Uneducated,Married,Less than $40K,Blue,36,4,1,4,2509.0,1144,1365.0,0.692,1804,38,0.583,0.456
711006783,Existing Customer,38,F,1,Graduate,Single,Less than $40K,Blue,22,3,3,3,2484.0,2149,335.0,0.669,1200,28,0.647,0.865
718274283,Existing Customer,35,M,3,College,Single,$60K - $80K,Blue,36,5,1,3,2780.0,0,2780.0,0.565,2469,67,0.811,0.0
803977008,Existing Customer,39,M,2,Unknown,Married,$60K - $80K,Blue,34,6,2,4,5219.0,1826,3393.0,1.011,1715,35,1.188,0.35
715216908,Existing Customer,48,M,4,Doctorate,Single,$80K - $120K,Blue,36,6,3,4,18102.0,1381,16721.0,0.513,1486,32,0.143,0.076
779611008,Existing Customer,29,M,0,Graduate,Married,$40K - $60K,Blue,18,4,3,4,4532.0,0,4532.0,0.734,1885,55,0.528,0.0
811467708,Existing Customer,33,M,2,Graduate,Married,$80K - $120K,Blue,28,4,2,2,22399.0,1431,20968.0,1.019,2390,62,0.722,0.064
812597508,Existing Customer,39,F,1,High School,Married,$40K - $60K,Blue,34,6,5,3,4489.0,2498,1991.0,0.779,2153,58,0.568,0.556
718651083,Existing Customer,35,F,2,Graduate,Single,Unknown,Blue,25,4,1,4,10329.0,514,9815.0,0.708,2461,68,0.838,0.05
708577308,Existing Customer,43,F,1,Unknown,Divorced,Less than $40K,Blue,36,4,2,3,2637.0,1272,1365.0,0.728,1569,39,1.053,0.482
813990483,Existing Customer,27,F,0,High School,Married,Less than $40K,Blue,22,4,1,2,1864.0,1384,480.0,0.904,1662,32,0.391,0.742
816319008,Existing Customer,52,F,2,Graduate,Single,Unknown,Blue,47,6,3,3,13276.0,1917,11359.0,1.075,1901,33,0.833,0.144
789627258,Existing Customer,31,M,1,Graduate,Single,$40K - $60K,Blue,25,5,3,3,1935.0,1033,902.0,0.623,2498,60,1.0,0.534
713346558,Existing Customer,45,M,4,Graduate,Divorced,$60K - $80K,Blue,37,5,2,4,6784.0,891,5893.0,1.047,1900,28,0.556,0.131
708744933,Existing Customer,35,M,2,High School,Married,$60K - $80K,Blue,36,4,2,4,19127.0,1880,17247.0,0.788,1859,33,0.571,0.098
708828258,Existing Customer,55,M,2,College,Married,$120K +,Blue,37,5,2,3,32641.0,1551,31090.0,0.488,1327,30,0.304,0.048
713511108,Existing Customer,61,M,1,Uneducated,Married,$40K - $60K,Blue,47,5,3,4,1438.3,847,591.3,0.436,1397,43,0.483,0.589
710208633,Existing Customer,37,F,1,Graduate,Married,Less than $40K,Blue,31,5,2,2,2417.0,1929,488.0,0.886,1773,42,0.556,0.798
824165658,Existing Customer,38,M,2,Unknown,Married,$80K - $120K,Blue,34,4,1,3,19259.0,2266,16993.0,0.92,1388,27,0.929,0.118
826513233,Existing Customer,54,F,3,Unknown,Married,Less than $40K,Blue,50,6,2,2,3796.0,2396,1400.0,0.569,2069,54,0.742,0.631
788789658,Existing Customer,40,M,5,Unknown,Unknown,$80K - $120K,Blue,22,6,1,4,4042.0,1744,2298.0,0.582,1471,37,0.542,0.431
717837858,Existing Customer,47,M,5,College,Married,$120K +,Blue,34,3,1,2,17603.0,1063,16540.0,1.065,2902,64,0.641,0.06
709382958,Existing Customer,55,F,2,Graduate,Married,$40K - $60K,Blue,46,6,1,4,2894.0,2077,817.0,0.574,1017,25,0.562,0.718
716253858,Existing Customer,37,M,5,Post-Graduate,Married,$80K - $120K,Blue,26,2,1,2,16730.0,1956,14774.0,0.675,1740,43,0.536,0.117
713725683,Existing Customer,36,F,0,College,Single,Less than $40K,Blue,27,6,3,2,3282.0,1843,1439.0,0.625,2614,79,0.646,0.562
710364258,Existing Customer,53,F,2,Uneducated,Married,Unknown,Blue,41,4,2,2,15815.0,1217,14598.0,1.266,2135,48,0.846,0.077
816033783,Existing Customer,26,M,0,High School,Single,$60K - $80K,Blue,21,6,2,3,1672.0,957,715.0,0.576,2099,34,0.417,0.572
715065483,Existing Customer,45,F,3,Graduate,Divorced,Less than $40K,Blue,36,4,3,3,8121.0,1595,6526.0,0.743,1914,45,0.5,0.196
718751133,Existing Customer,36,F,2,Unknown,Married,Less than $40K,Blue,26,4,1,4,3182.0,2435,747.0,0.868,1670,30,0.765,0.765
713983308,Existing Customer,60,M,0,Post-Graduate,Married,$60K - $80K,Blue,49,5,1,4,3182.0,1928,1254.0,0.509,1233,35,0.4,0.606
718418958,Attrited Customer,30,M,1,Post-Graduate,Divorced,Less than $40K,Blue,36,6,2,4,5061.0,0,5061.0,0.911,1309,38,0.462,0.0
779367858,Existing Customer,39,M,4,High School,Married,$60K - $80K,Blue,28,5,3,3,6224.0,1898,4326.0,1.103,3014,58,0.706,0.305
711285633,Existing Customer,33,F,0,Unknown,Single,Unknown,Blue,36,6,1,3,2735.0,1769,966.0,1.465,3306,71,0.972,0.647
714974658,Existing Customer,48,F,4,College,Married,Less than $40K,Blue,36,6,1,4,2464.0,1867,597.0,0.6,1219,35,1.333,0.758
716374308,Existing Customer,39,M,3,Graduate,Married,$60K - $80K,Blue,33,4,3,2,3477.0,1875,1602.0,0.907,1897,50,1.083,0.539
713416233,Existing Customer,38,M,2,Graduate,Married,$80K - $120K,Blue,24,5,2,2,3242.0,2076,1166.0,0.612,1841,46,0.533,0.64
797643708,Existing Customer,47,M,1,High School,Married,$120K +,Blue,41,3,1,4,27858.0,1314,26544.0,0.676,1772,53,0.559,0.047
808292958,Existing Customer,26,M,0,Graduate,Single,Less than $40K,Blue,20,6,2,3,1438.3,495,943.3,1.062,2546,40,0.333,0.344
719831958,Existing Customer,49,M,3,College,Single,$120K +,Blue,36,5,2,4,34516.0,0,34516.0,0.646,1793,44,0.833,0.0
708860358,Existing Customer,38,M,3,High School,Married,$80K - $120K,Blue,22,4,2,3,6361.0,694,5667.0,0.844,1499,31,0.938,0.109
717385983,Existing Customer,30,M,0,Graduate,Married,Less than $40K,Blue,21,6,6,2,2490.0,0,2490.0,0.859,1645,30,0.667,0.0
719049033,Existing Customer,53,M,3,High School,Married,$120K +,Blue,44,5,6,4,14057.0,1655,12402.0,0.676,2073,60,0.333,0.118
717581658,Existing Customer,49,M,2,Unknown,Single,$60K - $80K,Blue,38,4,1,2,2461.0,1586,875.0,1.676,1729,35,0.75,0.644
714347508,Existing Customer,35,M,2,Uneducated,Single,$60K - $80K,Blue,21,4,3,3,7766.0,1278,6488.0,0.806,2423,74,0.609,0.165
803833608,Existing Customer,40,M,3,Uneducated,Single,$40K - $60K,Silver,33,4,1,3,21308.0,564,20744.0,0.448,1322,38,0.652,0.026
712576908,Existing Customer,30,M,0,High School,Married,$60K - $80K,Blue,36,5,2,4,4516.0,2252,2264.0,0.889,1819,24,0.846,0.499
778511733,Existing Customer,42,F,3,College,Single,$40K - $60K,Blue,30,6,3,2,5424.0,1812,3612.0,0.513,1634,44,0.76,0.334
721464783,Existing Customer,62,F,0,Graduate,Married,Less than $40K,Blue,36,3,2,2,1764.0,1540,224.0,0.937,2094,47,0.958,0.873
821179233,Attrited Customer,50,F,1,Post-Graduate,Single,$40K - $60K,Blue,46,1,3,3,1493.0,932,561.0,0.466,1554,43,0.344,0.624
713126733,Existing Customer,56,M,3,College,Married,$120K +,Blue,43,6,2,2,17539.0,2517,15022.0,0.743,1220,30,0.765,0.144
719688408,Existing Customer,45,M,3,Graduate,Married,$80K - $120K,Silver,36,6,2,3,34516.0,0,34516.0,0.534,3530,68,0.659,0.0
779811183,Existing Customer,35,F,3,Uneducated,Married,Less than $40K,Blue,25,4,1,2,2149.0,1118,1031.0,0.903,1581,30,1.0,0.52
771086208,Existing Customer,57,F,2,Graduate,Married,Less than $40K,Blue,44,3,4,4,6256.0,1530,4726.0,0.647,1629,43,0.344,0.245
715217733,Existing Customer,33,F,2,High School,Single,Unknown,Blue,25,5,1,4,11922.0,792,11130.0,0.667,2154,61,0.525,0.066
813752433,Attrited Customer,43,F,3,Graduate,Single,Less than $40K,Blue,38,5,2,4,4075.0,1986,2089.0,1.214,2449,27,0.038,0.487
711876333,Existing Customer,53,M,3,Graduate,Married,$80K - $120K,Blue,36,5,1,4,7290.0,2151,5139.0,0.583,1312,29,0.526,0.295
715256658,Existing Customer,50,M,2,College,Single,$60K - $80K,Blue,36,5,3,2,5965.0,688,5277.0,0.673,3382,58,1.071,0.115
711329658,Existing Customer,30,M,0,High School,Married,$120K +,Blue,13,3,1,4,9007.0,1965,7042.0,0.698,1925,42,0.448,0.218
710227908,Existing Customer,37,F,3,Graduate,Single,Less than $40K,Blue,36,3,2,3,6077.0,1397,4680.0,0.834,2837,74,0.609,0.23
716362008,Existing Customer,37,M,2,Doctorate,Married,$40K - $60K,Blue,29,3,3,2,1808.0,1009,799.0,0.796,1744,35,0.944,0.558
714939708,Existing Customer,45,M,3,Graduate,Single,$80K - $120K,Blue,36,6,1,3,12810.0,0,12810.0,1.363,3174,74,1.114,0.0
708083283,Attrited Customer,58,M,0,Unknown,Single,$40K - $60K,Blue,45,3,1,3,3421.0,2517,904.0,0.992,992,21,0.4,0.736
719431608,Existing Customer,63,F,0,College,Married,$40K - $60K,Blue,53,6,1,4,3118.0,1528,1590.0,0.604,1291,24,0.6,0.49
769411758,Existing Customer,43,M,1,Graduate,Single,$60K - $80K,Blue,37,4,3,4,20013.0,922,19091.0,0.655,1518,39,0.625,0.046
714248733,Existing Customer,26,F,0,Unknown,Single,Unknown,Blue,13,4,1,2,4395.0,1240,3155.0,0.662,2272,46,0.438,0.282
804481608,Existing Customer,37,F,1,Unknown,Single,Less than $40K,Blue,32,6,3,3,9661.0,0,9661.0,0.926,2825,60,0.818,0.0
714631833,Existing Customer,53,M,4,Graduate,Married,$60K - $80K,Blue,44,3,2,4,1973.0,1324,649.0,0.805,1587,38,0.52,0.671
769751958,Existing Customer,55,M,3,Unknown,Married,$120K +,Blue,49,3,2,4,9926.0,2018,7908.0,0.618,2235,57,0.357,0.203
717999183,Existing Customer,36,M,3,High School,Married,$60K - $80K,Blue,36,6,3,3,4108.0,1659,2449.0,1.202,2275,58,0.871,0.404
713075283,Existing Customer,51,M,3,High School,Single,$120K +,Blue,36,5,1,4,20741.0,2504,18237.0,0.8,1818,51,1.04,0.121
711561108,Existing Customer,36,M,4,Graduate,Single,$80K - $120K,Blue,24,6,1,2,16335.0,892,15443.0,0.673,2733,71,0.919,0.055
709854483,Existing Customer,35,F,1,High School,Married,Unknown,Blue,17,5,3,3,4588.0,2517,2071.0,1.525,2442,62,0.632,0.549
713630733,Existing Customer,34,F,2,Graduate,Single,Less than $40K,Blue,24,5,3,3,5712.0,1955,3757.0,0.969,2617,54,0.8,0.342
717599283,Existing Customer,57,M,0,Doctorate,Married,$60K - $80K,Blue,36,3,1,2,5335.0,1206,4129.0,0.69,1844,49,0.75,0.226
806407308,Attrited Customer,54,F,3,College,Single,Unknown,Blue,49,6,2,3,13184.0,0,13184.0,1.166,2047,33,0.179,0.0
712730583,Existing Customer,29,M,0,Uneducated,Married,$60K - $80K,Blue,20,5,2,3,8592.0,1201,7391.0,0.778,1842,50,0.852,0.14
712142733,Existing Customer,37,F,3,Post-Graduate,Married,Less than $40K,Blue,26,5,3,2,1910.0,1164,746.0,0.744,2028,39,1.053,0.609
720153258,Existing Customer,53,F,2,College,Single,Less than $40K,Blue,45,6,3,3,6210.0,1083,5127.0,0.621,3095,62,0.59,0.174
814086333,Existing Customer,36,M,3,College,Married,$40K - $60K,Blue,31,6,2,4,2220.0,1337,883.0,0.768,1685,44,0.375,0.602
715524708,Existing Customer,49,M,5,Unknown,Single,$40K - $60K,Silver,41,4,2,2,20756.0,1710,19046.0,0.816,1502,31,0.824,0.082
713307708,Existing Customer,64,F,0,Unknown,Married,$40K - $60K,Blue,55,6,3,2,2895.0,2517,378.0,0.322,1541,37,0.609,0.869
714069858,Existing Customer,53,M,3,Graduate,Married,$60K - $80K,Blue,36,4,3,2,3539.0,2517,1022.0,0.569,1677,45,0.5,0.711
712789383,Existing Customer,52,M,1,Graduate,Married,$120K +,Blue,44,6,1,4,9274.0,2097,7177.0,0.776,2048,59,0.639,0.226
787983633,Existing Customer,35,F,3,Uneducated,Married,Less than $40K,Blue,26,6,1,3,3187.0,2517,670.0,1.214,2072,33,0.833,0.79
758583708,Attrited Customer,37,F,3,Graduate,Single,Less than $40K,Blue,24,2,1,4,2802.0,2460,342.0,1.029,1406,28,0.077,0.878
717130383,Existing Customer,50,M,0,Uneducated,Married,$60K - $80K,Blue,36,4,3,3,2334.0,707,1627.0,0.561,1386,30,0.5,0.303
720770883,Existing Customer,65,F,0,Graduate,Single,Less than $40K,Blue,56,5,3,3,1438.3,0,1438.3,0.76,2249,61,0.564,0.0
716797758,Existing Customer,53,F,2,Unknown,Married,Less than $40K,Blue,44,3,2,4,3519.0,0,3519.0,0.548,1670,33,0.65,0.0
713835258,Existing Customer,53,M,1,Unknown,Married,$120K +,Blue,48,3,2,3,3088.0,2083,1005.0,0.633,1561,40,0.538,0.675
720677733,Existing Customer,40,M,3,Graduate,Married,$80K - $120K,Silver,36,6,3,0,34516.0,1002,33514.0,1.345,2579,68,0.7,0.029
718587858,Existing Customer,39,M,4,High School,Married,$60K - $80K,Blue,31,3,1,4,11906.0,2032,9874.0,0.465,1642,39,0.625,0.171
710263608,Existing Customer,53,F,3,High School,Married,Unknown,Blue,36,4,2,4,11098.0,821,10277.0,0.896,2156,46,0.586,0.074
715055433,Existing Customer,36,M,3,Uneducated,Married,$60K - $80K,Blue,22,6,3,4,2224.0,1772,452.0,0.81,2004,44,0.419,0.797
715498308,Existing Customer,35,F,2,Graduate,Married,$40K - $60K,Blue,36,4,3,4,3454.0,1603,1851.0,1.078,1575,41,0.519,0.464
708099183,Existing Customer,37,F,2,High School,Single,Less than $40K,Blue,36,4,2,2,5723.0,1873,3850.0,0.851,2732,63,0.853,0.327
716452908,Existing Customer,36,F,1,Unknown,Single,Less than $40K,Blue,36,4,2,3,9239.0,1421,7818.0,0.823,2246,44,0.833,0.154
789959283,Existing Customer,39,M,2,College,Single,$80K - $120K,Blue,24,4,3,2,4061.0,1775,2286.0,0.686,1602,40,0.667,0.437
713536158,Existing Customer,65,M,1,College,Married,Less than $40K,Blue,56,5,3,2,4189.0,0,4189.0,0.715,1597,31,0.722,0.0
716750358,Existing Customer,45,F,1,Unknown,Married,Less than $40K,Blue,32,4,1,3,6373.0,1562,4811.0,0.573,3483,82,0.64,0.245
815299833,Existing Customer,38,F,2,Graduate,Married,Less than $40K,Blue,33,5,2,3,2228.0,1717,511.0,1.625,2334,61,0.848,0.771
721003008,Attrited Customer,36,F,4,Graduate,Married,Less than $40K,Blue,24,3,2,2,3261.0,2517,744.0,0.378,856,18,0.059,0.772
779883933,Existing Customer,40,F,4,Graduate,Married,Less than $40K,Blue,24,3,3,2,8014.0,1402,6612.0,0.873,1596,34,0.789,0.175
716612958,Existing Customer,35,F,2,College,Married,$40K - $60K,Blue,29,6,1,3,10980.0,1726,9254.0,0.856,1830,36,0.636,0.157
715859058,Existing Customer,54,M,3,Post-Graduate,Married,$120K +,Blue,42,6,3,4,3092.0,2165,927.0,0.676,1369,37,0.542,0.7
772031733,Existing Customer,40,M,4,Graduate,Single,$80K - $120K,Blue,29,5,1,2,14315.0,690,13625.0,1.32,2603,56,0.806,0.048
720668358,Existing Customer,59,M,0,Uneducated,Single,$40K - $60K,Blue,46,3,3,3,1648.0,997,651.0,0.776,1776,36,0.565,0.605
778708533,Attrited Customer,26,F,0,High School,Single,$40K - $60K,Blue,13,2,2,4,1730.0,1616,114.0,0.331,869,27,0.286,0.934
719649408,Existing Customer,46,M,2,High School,Married,$60K - $80K,Blue,35,6,3,3,13768.0,763,13005.0,0.712,1390,44,0.76,0.055
715457658,Existing Customer,29,F,1,Graduate,Married,Unknown,Blue,19,3,3,4,1709.0,1465,244.0,0.558,1757,48,0.548,0.857
711934308,Existing Customer,38,M,3,Graduate,Single,$40K - $60K,Blue,19,5,2,3,1705.0,0,1705.0,0.604,3342,62,0.824,0.0
781326483,Existing Customer,31,M,0,Graduate,Divorced,$60K - $80K,Blue,25,6,1,2,8673.0,0,8673.0,0.876,2457,58,0.933,0.0
712557708,Existing Customer,35,M,1,High School,Married,$60K - $80K,Blue,21,5,2,2,6391.0,2317,4074.0,0.831,2274,61,1.033,0.363
789187908,Existing Customer,56,M,2,Uneducated,Married,$80K - $120K,Blue,45,4,2,2,11102.0,1946,9156.0,0.625,1448,36,1.0,0.175
773297508,Existing Customer,34,M,3,College,Married,$80K - $120K,Blue,28,3,1,3,24765.0,1999,22766.0,1.013,1544,36,0.714,0.081
716529258,Existing Customer,42,M,4,Doctorate,Married,$80K - $120K,Blue,27,5,3,4,31864.0,0,31864.0,1.009,1591,35,0.75,0.0
708242283,Existing Customer,29,M,1,College,Single,$60K - $80K,Blue,36,5,3,2,5346.0,0,5346.0,0.928,3253,80,0.818,0.0
789247458,Existing Customer,32,M,0,Graduate,Single,$40K - $60K,Blue,21,6,2,3,2801.0,1472,1329.0,1.027,2467,54,0.8,0.526
717100833,Existing Customer,37,F,2,High School,Married,Less than $40K,Blue,27,6,6,2,3148.0,0,3148.0,0.498,1401,31,0.722,0.0
716870583,Existing Customer,36,F,3,Unknown,Married,Less than $40K,Blue,36,6,5,3,2786.0,1628,1158.0,1.314,2853,55,0.667,0.584
719999508,Existing Customer,37,M,3,Unknown,Married,$60K - $80K,Blue,24,3,1,2,11894.0,816,11078.0,1.561,2438,45,0.607,0.069
721236408,Existing Customer,38,M,2,Graduate,Married,$80K - $120K,Blue,29,5,3,3,7535.0,2517,5018.0,0.813,1655,41,0.577,0.334
720122808,Attrited Customer,52,M,2,High School,Married,$60K - $80K,Silver,35,4,4,3,33180.0,511,32669.0,0.681,797,14,0.273,0.015
716882658,Existing Customer,62,F,2,Graduate,Married,Less than $40K,Blue,51,6,2,4,2986.0,1632,1354.0,0.883,2141,55,0.667,0.547
713734758,Existing Customer,35,F,2,Graduate,Married,Unknown,Blue,23,4,2,2,6729.0,2375,4354.0,0.579,2080,50,0.351,0.353
709085358,Existing Customer,36,M,1,Graduate,Single,$60K - $80K,Blue,36,3,3,4,2601.0,1817,784.0,0.663,2542,67,0.675,0.699
715785933,Existing Customer,54,M,3,College,Married,$80K - $120K,Blue,45,4,3,0,3380.0,1655,1725.0,0.636,1636,58,0.706,0.49
717159858,Existing Customer,27,M,1,High School,Single,$60K - $80K,Blue,18,5,2,2,2730.0,1351,1379.0,0.623,2319,61,0.743,0.495
713259858,Attrited Customer,26,M,0,High School,Single,$40K - $60K,Blue,15,3,1,3,3324.0,0,3324.0,0.537,982,22,0.692,0.0
787516908,Existing Customer,56,F,2,Graduate,Married,Less than $40K,Blue,45,4,3,3,2665.0,1844,821.0,0.554,1880,58,0.758,0.692
711145008,Existing Customer,60,F,1,Graduate,Married,$40K - $60K,Blue,47,4,3,2,5015.0,2053,2962.0,0.442,1325,29,0.381,0.409
715013733,Existing Customer,54,M,4,Graduate,Married,$60K - $80K,Blue,36,4,3,3,6905.0,2303,4602.0,0.712,1370,25,0.786,0.334
717098208,Existing Customer,48,M,3,Unknown,Married,$80K - $120K,Blue,41,5,2,2,5848.0,950,4898.0,0.726,1961,51,0.545,0.162
737982408,Existing Customer,33,M,1,College,Single,$80K - $120K,Blue,26,4,3,4,19136.0,1608,17528.0,0.728,2501,55,0.528,0.084
713216883,Existing Customer,64,F,0,Unknown,Married,Less than $40K,Blue,55,4,3,4,3500.0,1904,1596.0,1.182,2003,41,0.952,0.544
709361058,Existing Customer,35,M,2,Graduate,Married,$60K - $80K,Blue,24,5,1,3,7453.0,0,7453.0,0.712,1691,47,0.516,0.0
710312658,Existing Customer,54,F,2,Unknown,Married,Less than $40K,Blue,43,4,3,3,6266.0,1819,4447.0,0.744,1456,27,1.077,0.29
773383158,Existing Customer,29,F,1,College,Single,Less than $40K,Blue,23,4,3,4,4945.0,0,4945.0,1.033,2743,69,0.769,0.0
716053083,Attrited Customer,33,M,2,Graduate,Married,$120K +,Blue,21,2,2,4,27992.0,0,27992.0,0.433,837,18,1.0,0.0
717667833,Existing Customer,34,M,1,Graduate,Married,$40K - $60K,Blue,36,6,2,3,3735.0,1285,2450.0,1.034,1877,33,1.2,0.344
716998608,Existing Customer,48,M,3,Graduate,Unknown,$60K - $80K,Blue,36,3,3,2,6703.0,1252,5451.0,0.625,1843,44,0.63,0.187
772086408,Existing Customer,38,M,3,High School,Single,$80K - $120K,Blue,27,4,1,4,6162.0,943,5219.0,0.484,1527,35,0.207,0.153
708597558,Existing Customer,42,M,3,High School,Single,$60K - $80K,Blue,36,4,4,3,3337.0,795,2542.0,0.524,3951,68,0.619,0.238
718011783,Existing Customer,55,M,3,Graduate,Married,$40K - $60K,Blue,36,3,3,3,2205.0,1337,868.0,0.65,1591,38,0.727,0.606
714360033,Existing Customer,62,M,1,High School,Married,$40K - $60K,Blue,43,5,1,3,4450.0,1444,3006.0,0.465,1326,44,0.419,0.324
811005858,Existing Customer,33,F,0,Unknown,Married,Less than $40K,Blue,28,4,2,4,1438.3,0,1438.3,0.916,2914,70,0.591,0.0
794485158,Existing Customer,38,M,2,Unknown,Married,$80K - $120K,Blue,18,6,1,2,2172.0,1475,697.0,1.158,2447,46,1.3,0.679
708513183,Existing Customer,39,M,1,Uneducated,Married,$40K - $60K,Blue,29,4,2,2,4323.0,1267,3056.0,1.102,3078,58,0.611,0.293
719353158,Existing Customer,56,M,1,College,Married,$80K - $120K,Blue,45,5,1,3,4145.0,1468,2677.0,0.579,1238,36,0.5,0.354
711436083,Existing Customer,36,M,1,Graduate,Married,Less than $40K,Blue,18,6,3,3,2032.0,1003,1029.0,1.005,2454,46,0.586,0.494
780374133,Existing Customer,29,M,1,College,Single,$80K - $120K,Blue,19,5,3,3,7010.0,2103,4907.0,1.007,2413,48,1.087,0.3
739117233,Existing Customer,57,M,3,High School,Married,$120K +,Blue,50,3,3,2,3205.0,1530,1675.0,0.673,2126,58,0.657,0.477
708486033,Existing Customer,55,F,3,Post-Graduate,Married,Unknown,Blue,36,3,2,3,16547.0,1521,15026.0,0.555,1782,48,0.333,0.092
795237183,Existing Customer,51,F,2,Graduate,Married,$40K - $60K,Blue,45,3,2,4,5930.0,0,5930.0,1.19,2041,32,0.684,0.0
788788758,Existing Customer,57,F,3,College,Single,Unknown,Blue,39,4,1,2,7469.0,1752,5717.0,0.923,2050,46,0.917,0.235
709635858,Existing Customer,56,F,3,Graduate,Married,Less than $40K,Blue,45,6,2,3,2235.0,0,2235.0,0.556,1229,27,0.35,0.0
789701658,Existing Customer,26,M,0,College,Single,$40K - $60K,Blue,13,5,2,2,2047.0,1196,851.0,0.623,2180,33,0.941,0.584
713484483,Existing Customer,36,F,4,Uneducated,Single,Unknown,Silver,21,3,1,2,34516.0,907,33609.0,0.572,2298,55,0.719,0.026
711954558,Existing Customer,53,F,3,Graduate,Married,$40K - $60K,Blue,44,3,3,4,2636.0,2357,279.0,0.654,1333,34,0.545,0.894
712655583,Existing Customer,41,M,3,Graduate,Married,$40K - $60K,Blue,32,3,3,2,6425.0,915,5510.0,0.958,2036,44,0.692,0.142
779686683,Existing Customer,26,F,0,Post-Graduate,Single,Less than $40K,Blue,13,5,3,2,2902.0,1668,1234.0,0.621,2088,34,0.478,0.575
711226758,Existing Customer,51,F,1,College,Divorced,Less than $40K,Blue,42,3,2,3,4002.0,1669,2333.0,0.702,2024,53,1.12,0.417
713241033,Existing Customer,34,M,0,Graduate,Married,$60K - $80K,Blue,26,4,3,3,5175.0,977,4198.0,1.705,2405,49,0.885,0.189
788754108,Existing Customer,65,F,1,Unknown,Single,$40K - $60K,Blue,48,4,2,4,4599.0,637,3962.0,0.622,2608,78,0.592,0.139
717013383,Existing Customer,52,M,2,High School,Married,$80K - $120K,Blue,43,4,3,4,31258.0,1518,29740.0,0.917,2866,53,0.893,0.049
712634133,Existing Customer,54,F,2,Graduate,Married,Less than $40K,Blue,45,5,2,4,2683.0,1671,1012.0,0.784,1406,37,0.423,0.623
709537683,Attrited Customer,37,M,3,College,Married,$80K - $120K,Blue,30,3,4,3,11638.0,926,10712.0,0.262,563,15,0.364,0.08
778627983,Existing Customer,40,F,3,Graduate,Married,Unknown,Blue,20,3,1,3,1829.0,1140,689.0,0.325,1610,49,0.4,0.623
720241758,Existing Customer,55,M,0,Doctorate,Married,$80K - $120K,Blue,36,3,1,3,8276.0,1671,6605.0,0.359,1409,25,0.25,0.202
720814233,Existing Customer,45,M,4,High School,Unknown,$80K - $120K,Blue,34,4,3,3,23539.0,1261,22278.0,0.484,1485,38,0.462,0.054
785080308,Existing Customer,37,F,2,High School,Married,Less than $40K,Blue,31,5,3,3,2352.0,0,2352.0,1.467,2344,48,0.92,0.0
713358633,Existing Customer,30,M,1,Graduate,Single,$60K - $80K,Blue,36,6,1,2,11371.0,1015,10356.0,1.483,2768,68,0.889,0.089
720392433,Existing Customer,55,F,1,Unknown,Married,Less than $40K,Blue,36,6,6,2,2857.0,2517,340.0,0.871,1869,47,0.567,0.881
720282558,Existing Customer,36,M,2,Graduate,Single,$80K - $120K,Silver,27,5,2,4,34516.0,1568,32948.0,0.878,2873,73,0.659,0.045
821370858,Existing Customer,39,M,1,Graduate,Married,$40K - $60K,Blue,35,5,3,4,6690.0,1884,4806.0,0.791,1734,39,0.625,0.282
799249833,Existing Customer,34,M,2,Graduate,Single,Less than $40K,Blue,28,5,1,4,4439.0,844,3595.0,0.863,2858,71,0.69,0.19
713016633,Existing Customer,47,M,3,High School,Single,$60K - $80K,Blue,36,4,3,2,5344.0,1582,3762.0,0.537,1984,36,1.0,0.296
814471983,Existing Customer,42,M,3,High School,Divorced,$80K - $120K,Blue,37,6,3,3,27310.0,0,27310.0,0.919,1537,41,1.05,0.0
779612808,Existing Customer,61,M,1,Graduate,Married,$40K - $60K,Blue,50,6,2,4,2531.0,2360,171.0,0.955,1263,35,0.591,0.932
716692683,Existing Customer,31,M,1,College,Single,$40K - $60K,Blue,22,4,1,3,9096.0,0,9096.0,0.768,2318,54,0.688,0.0
790145733,Attrited Customer,40,M,3,College,Single,$80K - $120K,Silver,33,1,3,4,34516.0,0,34516.0,0.927,1112,26,0.368,0.0
716038533,Existing Customer,42,F,3,Graduate,Unknown,Less than $40K,Blue,32,3,1,2,7169.0,902,6267.0,0.834,1438,35,0.591,0.126
714421233,Existing Customer,54,F,0,Graduate,Married,Less than $40K,Blue,36,5,3,4,5399.0,1723,3676.0,0.765,1292,34,0.889,0.319
709783908,Existing Customer,52,F,3,Unknown,Married,Less than $40K,Blue,47,6,3,2,2280.0,1170,1110.0,0.603,1924,50,0.667,0.513
812788233,Existing Customer,31,F,0,Graduate,Married,Less than $40K,Blue,21,4,1,4,6315.0,1305,5010.0,0.542,2205,43,0.265,0.207
772452783,Existing Customer,43,M,3,Unknown,Married,$40K - $60K,Blue,33,6,1,2,4402.0,1640,2762.0,0.719,1774,46,1.0,0.373
714002658,Existing Customer,49,M,2,Unknown,Married,$120K +,Blue,34,5,4,2,27732.0,1623,26109.0,0.452,1413,31,0.722,0.059
713464983,Existing Customer,45,F,2,Graduate,Unknown,$40K - $60K,Blue,36,4,3,4,4947.0,1053,3894.0,1.195,3479,76,0.81,0.213
713910108,Existing Customer,38,M,1,Graduate,Married,$80K - $120K,Blue,28,3,2,3,3946.0,2375,1571.0,0.921,1646,43,0.536,0.602
808169358,Existing Customer,57,M,2,Uneducated,Single,$40K - $60K,Blue,52,5,3,4,12291.0,2289,10002.0,0.685,1683,50,0.471,0.186
714013083,Existing Customer,63,F,2,Graduate,Married,$40K - $60K,Blue,53,4,2,4,3067.0,1874,1193.0,0.791,1420,32,0.455,0.611
715381533,Existing Customer,42,F,4,Post-Graduate,Single,Less than $40K,Blue,36,6,2,3,1438.3,674,764.3,1.769,2451,55,1.292,0.469
717678408,Existing Customer,61,F,1,Doctorate,Married,$40K - $60K,Blue,47,4,2,4,8633.0,2517,6116.0,0.681,2066,51,0.457,0.292
719143308,Existing Customer,37,M,2,Unknown,Single,$40K - $60K,Blue,28,4,4,3,2394.0,0,2394.0,1.059,2805,85,0.667,0.0
711509658,Attrited Customer,61,M,2,Graduate,Married,$120K +,Blue,49,3,0,4,11374.0,2517,8857.0,1.015,1088,26,1.167,0.221
757481283,Existing Customer,35,M,3,College,Married,$60K - $80K,Blue,28,4,3,4,6921.0,2159,4762.0,0.895,1931,35,0.75,0.312
808681158,Existing Customer,57,M,0,Graduate,Married,$80K - $120K,Blue,52,4,6,4,2564.0,2379,185.0,0.358,1343,35,0.296,0.928
718867683,Existing Customer,64,M,1,Unknown,Married,Less than $40K,Blue,55,4,3,4,2720.0,1904,816.0,0.634,1613,43,0.344,0.7
714618333,Existing Customer,39,F,2,Doctorate,Married,Unknown,Blue,36,3,2,4,9843.0,2154,7689.0,0.733,1402,35,0.667,0.219
794562783,Existing Customer,28,F,0,Unknown,Single,Unknown,Blue,13,5,3,2,21691.0,661,21030.0,0.767,2534,51,0.962,0.03
708208758,Existing Customer,53,M,1,Graduate,Single,$80K - $120K,Blue,45,6,3,2,1826.0,883,943.0,0.953,2199,48,1.0,0.484
794504658,Existing Customer,39,M,1,Unknown,Married,$60K - $80K,Blue,24,6,3,0,5746.0,1829,3917.0,0.649,1562,44,0.913,0.318
714772758,Existing Customer,35,F,3,Graduate,Married,Less than $40K,Blue,27,6,2,4,2926.0,1346,1580.0,0.834,1851,48,0.455,0.46
713830233,Existing Customer,47,F,5,High School,Married,$40K - $60K,Blue,36,5,3,2,7061.0,1813,5248.0,0.744,1831,60,0.5,0.257
713577483,Existing Customer,47,M,4,Unknown,Married,$80K - $120K,Blue,35,3,3,4,5589.0,1430,4159.0,0.632,1570,31,0.722,0.256
814513008,Existing Customer,38,M,2,Graduate,Married,$80K - $120K,Blue,33,5,3,3,9620.0,2033,7587.0,0.667,1735,43,0.387,0.211
712765158,Existing Customer,26,F,1,High School,Single,Less than $40K,Blue,15,5,3,3,2539.0,2162,377.0,0.635,2386,47,0.382,0.852
714411108,Existing Customer,37,F,3,Graduate,Single,Unknown,Blue,28,4,2,3,3642.0,610,3032.0,0.676,2790,68,0.581,0.167
720231108,Existing Customer,57,M,2,Graduate,Single,Less than $40K,Blue,39,3,4,3,3451.0,0,3451.0,0.744,3031,57,0.676,0.0
709035708,Existing Customer,38,F,0,Unknown,Married,Less than $40K,Blue,36,4,2,3,1841.0,1246,595.0,0.759,1819,35,0.522,0.677
720662508,Existing Customer,39,M,1,Graduate,Married,$120K +,Blue,25,6,3,2,5764.0,1529,4235.0,1.356,1972,38,0.52,0.265
708623283,Existing Customer,35,M,2,Uneducated,Single,$60K - $80K,Blue,16,6,3,2,18278.0,0,18278.0,0.798,2084,61,1.103,0.0
813247083,Existing Customer,38,M,2,Graduate,Married,$80K - $120K,Blue,33,4,3,2,16059.0,618,15441.0,0.824,1357,26,1.0,0.038
780078333,Existing Customer,56,M,2,Unknown,Married,$60K - $80K,Blue,41,3,2,2,5887.0,659,5228.0,0.65,1193,26,0.3,0.112
811915383,Existing Customer,36,M,3,Uneducated,Married,$40K - $60K,Blue,31,6,2,2,3152.0,1986,1166.0,1.328,2530,50,0.724,0.63
719818983,Attrited Customer,39,M,1,College,Divorced,$80K - $120K,Blue,28,1,3,4,12464.0,0,12464.0,0.864,1195,35,0.522,0.0
716349183,Existing Customer,58,F,1,Uneducated,Married,Unknown,Blue,36,5,2,3,4784.0,0,4784.0,0.905,2160,54,0.929,0.0
710067183,Existing Customer,28,M,1,High School,Single,Less than $40K,Blue,36,5,2,3,1950.0,0,1950.0,0.803,2074,81,0.8,0.0
771234558,Existing Customer,65,F,0,Graduate,Single,Less than $40K,Blue,56,6,3,2,7478.0,0,7478.0,0.847,2213,62,0.771,0.0
820288233,Existing Customer,26,F,0,Uneducated,Single,Less than $40K,Blue,20,4,3,4,1438.3,0,1438.3,0.764,2731,39,0.5,0.0
717511533,Existing Customer,28,M,0,Graduate,Single,Less than $40K,Blue,36,4,2,4,1707.0,1191,516.0,0.669,2950,87,0.977,0.698
711642108,Existing Customer,30,F,1,Uneducated,Married,Unknown,Blue,13,5,2,2,4016.0,917,3099.0,1.246,2572,35,0.591,0.228
712495233,Existing Customer,31,F,0,Uneducated,Married,Less than $40K,Blue,19,5,3,2,2370.0,1699,671.0,0.889,2411,53,0.656,0.717
718484283,Existing Customer,57,M,3,Post-Graduate,Married,$60K - $80K,Blue,36,6,1,4,3478.0,2517,961.0,0.685,1409,49,0.75,0.724
717413658,Existing Customer,43,M,4,High School,Married,$40K - $60K,Blue,32,6,2,2,1539.0,989,550.0,0.86,1987,47,0.808,0.643
804668658,Attrited Customer,26,F,0,Uneducated,Single,Less than $40K,Blue,20,3,2,4,1438.3,0,1438.3,0.506,947,20,0.053,0.0
715934283,Existing Customer,39,F,2,High School,Single,$40K - $60K,Blue,26,6,3,2,3142.0,1639,1503.0,0.986,3046,56,1.154,0.522
717499083,Existing Customer,35,M,0,Unknown,Single,$60K - $80K,Blue,36,3,1,2,17236.0,0,17236.0,0.958,3013,78,0.696,0.0
715279683,Existing Customer,52,F,2,Uneducated,Married,$40K - $60K,Blue,36,5,1,4,1438.3,0,1438.3,0.529,1679,39,0.5,0.0
718971333,Existing Customer,33,M,1,Graduate,Single,$80K - $120K,Blue,20,5,3,2,13206.0,925,12281.0,0.766,2342,51,1.318,0.07
709219533,Existing Customer,53,M,3,High School,Married,$60K - $80K,Blue,41,3,1,0,2480.0,1351,1129.0,0.522,1359,36,0.565,0.545
709150608,Existing Customer,30,F,0,Unknown,Married,Less than $40K,Blue,19,5,1,4,2898.0,0,2898.0,1.154,2632,64,0.778,0.0
788259558,Existing Customer,59,M,0,Unknown,Married,Less than $40K,Blue,51,5,3,4,1570.0,1028,542.0,0.742,1430,28,1.333,0.655
802464033,Existing Customer,65,F,0,Graduate,Married,Less than $40K,Blue,56,6,3,3,4460.0,1262,3198.0,0.898,1877,41,0.783,0.283
712757808,Existing Customer,33,F,2,Uneducated,Married,Less than $40K,Blue,22,4,2,4,1544.0,0,1544.0,0.677,1731,40,0.739,0.0
714457083,Existing Customer,52,F,2,High School,Married,Unknown,Blue,44,6,3,2,3456.0,2219,1237.0,0.636,1332,24,0.5,0.642
713413758,Existing Customer,26,F,1,College,Single,Unknown,Blue,16,4,3,3,2751.0,1599,1152.0,0.694,2270,44,0.333,0.581
708741633,Existing Customer,52,M,4,High School,Married,$60K - $80K,Blue,44,6,3,4,4153.0,0,4153.0,0.434,1771,41,0.367,0.0
714043833,Existing Customer,37,F,3,Graduate,Single,Less than $40K,Blue,36,5,2,4,3685.0,1396,2289.0,0.974,3016,85,0.809,0.379
789577833,Existing Customer,56,M,2,Graduate,Married,$120K +,Blue,49,4,1,4,8902.0,1932,6970.0,0.781,969,29,1.071,0.217
787570758,Existing Customer,35,M,2,Uneducated,Married,$120K +,Blue,26,3,3,4,2944.0,1596,1348.0,0.737,2070,44,0.467,0.542
720371733,Existing Customer,58,F,0,Graduate,Married,Less than $40K,Blue,47,5,3,2,2232.0,786,1446.0,0.435,1395,39,0.345,0.352
819117183,Existing Customer,34,F,3,Unknown,Married,$40K - $60K,Blue,29,3,2,4,1569.0,909,660.0,1.288,2169,48,1.182,0.579
711776433,Existing Customer,37,M,3,Uneducated,Single,$80K - $120K,Blue,26,4,2,2,23622.0,1153,22469.0,0.666,2574,65,0.625,0.049
709583133,Existing Customer,53,M,3,Uneducated,Married,$40K - $60K,Blue,40,6,3,3,3326.0,1442,1884.0,0.711,1627,54,1.077,0.434
719521983,Existing Customer,38,M,2,Uneducated,Married,$40K - $60K,Blue,31,4,3,3,6116.0,1698,4418.0,0.937,1592,32,1.0,0.278
718415133,Existing Customer,38,M,1,Uneducated,Married,$80K - $120K,Blue,25,6,1,3,11352.0,0,11352.0,1.324,1601,34,1.125,0.0
710594358,Existing Customer,28,F,0,Unknown,Single,Less than $40K,Silver,36,4,3,4,14910.0,873,14037.0,0.737,2560,72,0.674,0.059
709730508,Existing Customer,39,F,0,High School,Single,Unknown,Blue,27,6,3,3,17531.0,0,17531.0,0.8,4563,61,0.743,0.0
720462633,Existing Customer,43,F,3,Uneducated,Single,Less than $40K,Blue,29,3,2,3,4138.0,643,3495.0,0.681,1827,49,0.581,0.155
715005558,Existing Customer,36,M,2,College,Single,$80K - $120K,Blue,36,6,2,2,8374.0,2147,6227.0,1.113,2472,65,1.167,0.256
779993208,Existing Customer,38,F,2,Uneducated,Married,Less than $40K,Blue,28,3,3,3,7049.0,0,7049.0,0.988,1475,27,1.7,0.0
787543008,Existing Customer,37,M,1,Graduate,Single,$40K - $60K,Blue,27,5,3,4,3851.0,1695,2156.0,0.717,2349,61,0.968,0.44
743265108,Existing Customer,37,M,4,College,Single,$60K - $80K,Blue,30,5,1,4,15936.0,827,15109.0,1.085,2477,49,1.042,0.052
713770383,Existing Customer,29,F,0,Uneducated,Divorced,Less than $40K,Blue,19,5,4,4,2926.0,0,2926.0,0.84,2775,74,1.114,0.0
712392108,Existing Customer,51,M,3,High School,Married,$60K - $80K,Blue,36,3,2,4,10305.0,691,9614.0,0.485,1451,25,0.667,0.067
720145683,Existing Customer,54,M,1,College,Married,$60K - $80K,Blue,42,3,2,2,2987.0,2517,470.0,0.479,1617,35,0.75,0.843
714832383,Existing Customer,35,M,0,High School,Single,$80K - $120K,Gold,29,6,2,3,34516.0,1965,32551.0,1.044,2949,70,1.0,0.057
772706283,Existing Customer,38,F,2,College,Married,$40K - $60K,Blue,28,3,3,4,6275.0,1579,4696.0,0.996,1585,43,0.72,0.252
795920358,Existing Customer,33,F,2,High School,Married,Less than $40K,Blue,27,3,2,3,7185.0,0,7185.0,1.504,2679,45,0.8,0.0
716277558,Existing Customer,45,F,1,Uneducated,Single,Less than $40K,Blue,36,4,3,4,3281.0,1961,1320.0,0.744,1779,47,0.808,0.598
764776833,Existing Customer,61,M,0,Graduate,Married,$40K - $60K,Blue,54,3,3,2,3077.0,1646,1431.0,0.456,1523,30,0.579,0.535
710795883,Existing Customer,33,F,3,Uneducated,Married,Less than $40K,Blue,16,6,1,4,2042.0,1864,178.0,1.318,2758,50,0.852,0.913
710428308,Existing Customer,55,M,4,High School,Single,$60K - $80K,Blue,51,4,1,4,2001.0,1553,448.0,0.482,1910,51,0.7,0.776
721096983,Existing Customer,34,F,2,Graduate,Single,Less than $40K,Blue,36,4,3,4,3625.0,2517,1108.0,1.158,2616,46,1.3,0.694
715760733,Existing Customer,58,M,4,High School,Married,$40K - $60K,Blue,47,6,3,4,7803.0,1885,5918.0,0.531,1199,25,0.316,0.242
718227033,Existing Customer,38,F,4,Graduate,Married,Less than $40K,Blue,30,3,1,2,5951.0,1702,4249.0,1.264,2565,53,0.71,0.286
720610008,Attrited Customer,59,M,1,College,Married,$120K +,Blue,50,1,5,4,15796.0,812,14984.0,0.719,1339,23,0.15,0.051
719517258,Existing Customer,57,M,4,Unknown,Single,$80K - $120K,Blue,36,5,3,4,7558.0,1364,6194.0,0.719,3676,67,0.558,0.18
714111333,Existing Customer,55,M,1,High School,Married,$60K - $80K,Blue,46,6,1,3,5381.0,0,5381.0,0.746,1910,38,1.0,0.0
717551358,Existing Customer,63,M,0,Graduate,Married,$60K - $80K,Blue,55,4,1,4,3556.0,2517,1039.0,0.983,2279,56,0.6,0.708
813573333,Existing Customer,60,M,1,High School,Married,Less than $40K,Blue,55,5,1,4,2661.0,1466,1195.0,0.631,1354,25,0.316,0.551
711709683,Existing Customer,53,F,2,Uneducated,Married,Less than $40K,Blue,36,6,1,4,3506.0,1405,2101.0,0.766,1999,48,0.655,0.401
712902483,Existing Customer,35,M,3,High School,Married,$60K - $80K,Blue,24,3,2,2,2066.0,1699,367.0,0.624,1895,43,0.536,0.822
710893533,Existing Customer,53,M,1,Unknown,Married,$120K +,Blue,42,4,1,4,8329.0,877,7452.0,0.432,1570,56,0.333,0.105
719883858,Existing Customer,58,M,2,Graduate,Married,Less than $40K,Blue,48,4,1,0,2774.0,0,2774.0,0.721,1258,33,0.435,0.0
719628033,Existing Customer,33,F,1,Post-Graduate,Married,Unknown,Blue,36,5,3,3,4134.0,1130,3004.0,1.222,2475,52,0.926,0.273
712043433,Existing Customer,53,M,1,Graduate,Married,$80K - $120K,Blue,36,5,2,2,11329.0,1180,10149.0,0.648,1213,33,0.571,0.104
769095558,Existing Customer,59,M,1,Doctorate,Single,$60K - $80K,Blue,53,3,2,2,9055.0,1560,7495.0,0.696,1755,45,0.8,0.172
816094233,Existing Customer,37,M,1,High School,Married,$120K +,Blue,32,6,2,2,17393.0,1409,15984.0,0.608,1692,38,0.652,0.081
758417508,Existing Customer,50,F,4,High School,Divorced,Less than $40K,Blue,43,6,3,4,5908.0,0,5908.0,0.822,3313,72,0.756,0.0
721234308,Existing Customer,35,F,2,Uneducated,Married,Less than $40K,Blue,21,6,2,3,5825.0,1815,4010.0,1.132,2820,62,0.879,0.312
717138558,Existing Customer,28,M,0,Post-Graduate,Married,$40K - $60K,Blue,16,5,1,3,3665.0,0,3665.0,0.737,1813,31,0.409,0.0
798120858,Existing Customer,37,M,3,Uneducated,Married,$80K - $120K,Blue,31,4,2,2,3797.0,1425,2372.0,1.505,2555,44,0.833,0.375
709997958,Existing Customer,39,M,3,Graduate,Married,$40K - $60K,Blue,28,4,3,4,3478.0,0,3478.0,0.65,2133,54,0.543,0.0
712617408,Existing Customer,31,M,1,Post-Graduate,Single,$40K - $60K,Blue,20,5,3,3,13734.0,0,13734.0,0.855,2566,74,0.762,0.0
720158208,Existing Customer,37,M,3,Graduate,Married,$60K - $80K,Blue,23,4,3,2,3034.0,2167,867.0,0.711,2058,49,0.485,0.714
716548083,Existing Customer,39,M,4,Graduate,Married,Less than $40K,Blue,32,4,1,4,2973.0,2360,613.0,1.257,2593,57,0.781,0.794
717631008,Existing Customer,38,M,2,Graduate,Married,$80K - $120K,Blue,31,4,1,2,24296.0,0,24296.0,0.781,1886,48,0.5,0.0
813964383,Existing Customer,35,M,3,Graduate,Single,$40K - $60K,Blue,30,3,1,3,8969.0,1226,7743.0,0.84,2568,59,0.735,0.137
719952408,Existing Customer,30,M,0,Graduate,Married,Less than $40K,Blue,36,3,3,2,2550.0,1623,927.0,0.65,1870,51,0.275,0.636
771028533,Attrited Customer,48,F,3,Post-Graduate,Married,Less than $40K,Silver,35,5,1,3,10357.0,0,10357.0,0.506,911,25,0.19,0.0
771823308,Existing Customer,33,F,2,Uneducated,Unknown,Less than $40K,Blue,21,5,1,4,1475.0,986,489.0,0.896,1896,33,0.833,0.668
719854008,Existing Customer,47,M,3,Unknown,Single,$40K - $60K,Blue,36,3,6,2,5154.0,1407,3747.0,0.666,1694,32,0.778,0.273
713998233,Existing Customer,37,F,2,High School,Single,Less than $40K,Blue,36,6,2,4,3586.0,1414,2172.0,0.745,2780,57,0.727,0.394
714746358,Existing Customer,38,M,3,Unknown,Married,$60K - $80K,Blue,28,3,1,2,4646.0,1680,2966.0,1.238,2234,35,0.667,0.362
713574708,Existing Customer,39,M,3,College,Single,$40K - $60K,Blue,28,6,2,2,1640.0,1177,463.0,0.695,3124,66,0.784,0.718
714753258,Existing Customer,34,M,2,Unknown,Married,$60K - $80K,Blue,36,5,2,4,2379.0,1982,397.0,1.194,2966,50,1.381,0.833
712004208,Existing Customer,65,M,0,Graduate,Single,Less than $40K,Blue,56,3,3,2,3422.0,0,3422.0,0.929,1973,59,0.686,0.0
719621958,Existing Customer,43,M,3,Graduate,Unknown,$60K - $80K,Blue,28,3,2,3,4365.0,0,4365.0,0.32,1720,40,0.379,0.0
819610908,Attrited Customer,38,M,2,Uneducated,Single,$80K - $120K,Blue,33,1,4,4,32938.0,2089,30849.0,0.72,1137,26,0.238,0.063
823948308,Existing Customer,48,M,4,Post-Graduate,Unknown,$40K - $60K,Blue,44,6,2,4,6710.0,1942,4768.0,0.777,1727,37,0.85,0.289
712064358,Existing Customer,38,M,1,Graduate,Married,$60K - $80K,Blue,36,6,3,4,2507.0,1544,963.0,0.906,1999,34,0.789,0.616
816013383,Attrited Customer,65,F,0,Graduate,Divorced,Less than $40K,Blue,56,3,6,3,6184.0,0,6184.0,1.016,1712,27,0.286,0.0
758765808,Existing Customer,36,F,2,Unknown,Married,Less than $40K,Blue,29,6,3,4,2029.0,1190,839.0,0.628,1802,40,0.481,0.586
780881358,Existing Customer,35,M,3,Graduate,Single,$40K - $60K,Silver,17,6,3,2,16659.0,0,16659.0,1.012,2551,74,0.609,0.0
709422183,Existing Customer,58,F,1,Graduate,Married,Less than $40K,Blue,46,4,2,2,2203.0,1394,809.0,0.57,1788,45,0.364,0.633
779951058,Existing Customer,54,F,3,High School,Married,Unknown,Blue,38,4,2,4,5122.0,1642,3480.0,0.935,1908,39,0.696,0.321
809941233,Existing Customer,53,M,1,Graduate,Married,$80K - $120K,Blue,48,4,1,3,3074.0,2390,684.0,0.421,1377,38,0.583,0.777
710844408,Existing Customer,38,M,3,Post-Graduate,Married,$60K - $80K,Blue,36,4,3,2,2584.0,0,2584.0,0.593,1843,28,0.647,0.0
819002508,Existing Customer,31,M,1,Unknown,Single,$40K - $60K,Blue,26,4,1,2,2037.0,0,2037.0,0.88,2563,64,0.641,0.0
807141183,Existing Customer,34,M,1,Graduate,Married,$120K +,Blue,29,4,3,2,14938.0,1412,13526.0,0.677,1930,36,0.636,0.095
711119358,Existing Customer,38,M,3,Unknown,Married,$60K - $80K,Blue,31,6,1,2,2014.0,896,1118.0,1.055,2460,52,0.857,0.445
808273533,Attrited Customer,39,M,2,High School,Single,$60K - $80K,Blue,34,3,4,3,1818.0,0,1818.0,0.651,2054,55,0.774,0.0
716297658,Existing Customer,37,M,2,Graduate,Single,$80K - $120K,Blue,36,4,1,4,14926.0,0,14926.0,0.635,2405,55,0.667,0.0
716532258,Existing Customer,51,F,1,High School,Single,Less than $40K,Blue,43,4,3,2,2827.0,1308,1519.0,0.79,3291,55,0.618,0.463
720540708,Existing Customer,53,F,3,Uneducated,Married,Less than $40K,Blue,42,3,2,4,2773.0,1507,1266.0,1.06,1197,25,1.083,0.543
720904233,Existing Customer,53,M,0,Graduate,Married,$80K - $120K,Blue,41,3,3,2,16033.0,560,15473.0,0.963,1158,31,1.067,0.035
720863133,Existing Customer,65,M,1,Graduate,Married,Less than $40K,Blue,54,5,3,4,3213.0,2517,696.0,0.507,1855,39,0.773,0.783
714957108,Existing Customer,33,F,3,High School,Divorced,Less than $40K,Blue,26,5,1,3,3616.0,0,3616.0,0.912,3133,72,1.0,0.0
790102008,Existing Customer,37,M,3,Doctorate,Single,$60K - $80K,Blue,30,6,1,3,5924.0,1023,4901.0,0.765,3305,80,0.778,0.173
781933983,Existing Customer,47,M,4,Graduate,Married,$40K - $60K,Blue,41,5,3,4,14535.0,0,14535.0,0.711,2970,76,0.689,0.0
712643358,Existing Customer,59,F,0,High School,Married,Less than $40K,Blue,49,6,2,4,2833.0,1609,1224.0,0.78,1335,23,1.3,0.568
716686158,Existing Customer,59,F,0,Post-Graduate,Married,Less than $40K,Blue,49,5,2,3,1479.0,601,878.0,0.607,1621,32,0.6,0.406
806894133,Existing Customer,34,F,3,Post-Graduate,Single,Unknown,Blue,29,3,1,4,1617.0,1347,270.0,0.73,2546,55,0.719,0.833
721344858,Existing Customer,26,M,0,Uneducated,Single,Less than $40K,Blue,13,4,4,4,2237.0,451,1786.0,0.837,2192,36,0.44,0.202
813230208,Existing Customer,45,M,4,College,Single,$120K +,Blue,40,3,3,3,2900.0,1782,1118.0,1.351,4686,64,0.561,0.614
716835033,Existing Customer,54,F,2,Graduate,Married,Unknown,Blue,45,4,3,2,13126.0,2086,11040.0,0.659,1836,37,0.762,0.159
787500333,Existing Customer,52,M,2,Post-Graduate,Single,$80K - $120K,Blue,40,6,1,3,8695.0,1407,7288.0,0.634,2030,58,0.706,0.162
768582033,Existing Customer,47,M,3,High School,Married,$40K - $60K,Blue,41,6,3,4,6692.0,1897,4795.0,1.035,3902,76,0.689,0.283
713992158,Existing Customer,57,F,4,Unknown,Married,Less than $40K,Blue,36,3,1,2,2159.0,1004,1155.0,0.603,1353,30,0.111,0.465
719916408,Existing Customer,34,M,5,Graduate,Married,$60K - $80K,Blue,27,5,2,2,2501.0,1909,592.0,0.956,1850,34,1.125,0.763
789433758,Existing Customer,36,M,0,College,Married,$80K - $120K,Blue,27,3,3,2,6338.0,2379,3959.0,0.624,1715,39,0.5,0.375
785011383,Attrited Customer,36,F,0,Uneducated,Divorced,$40K - $60K,Blue,30,1,3,4,2190.0,0,2190.0,0.908,1412,38,0.583,0.0
719283633,Existing Customer,57,F,3,Uneducated,Married,$40K - $60K,Blue,49,4,2,3,7578.0,1628,5950.0,0.721,1325,29,1.231,0.215
710816358,Existing Customer,29,M,1,Post-Graduate,Married,Less than $40K,Blue,18,4,3,2,2963.0,1466,1497.0,1.378,2523,48,0.846,0.495
779653458,Existing Customer,37,M,3,Graduate,Married,$80K - $120K,Blue,20,3,3,3,8260.0,2077,6183.0,1.167,2323,47,0.621,0.251
716382708,Attrited Customer,46,F,2,Graduate,Single,Less than $40K,Blue,36,3,4,3,8309.0,858,7451.0,0.888,1165,35,0.4,0.103
710387583,Existing Customer,55,M,0,High School,Married,$80K - $120K,Blue,35,5,1,4,3864.0,1901,1963.0,0.289,1018,32,0.391,0.492
718772133,Existing Customer,56,M,3,Graduate,Married,$80K - $120K,Blue,47,6,3,3,10230.0,1082,9148.0,0.658,1484,34,0.545,0.106
711224733,Attrited Customer,32,M,0,High School,Married,$120K +,Blue,27,3,3,4,22382.0,0,22382.0,0.418,695,10,0.25,0.0
718360083,Existing Customer,39,M,4,Uneducated,Married,$120K +,Blue,36,6,3,2,25790.0,1798,23992.0,0.973,2443,70,0.556,0.07
716102583,Existing Customer,63,F,1,Graduate,Married,Less than $40K,Blue,53,6,1,3,2675.0,2517,158.0,0.957,1959,56,1.0,0.941
720673008,Existing Customer,49,F,3,Unknown,Divorced,Less than $40K,Blue,38,3,3,4,1652.0,812,840.0,0.548,1771,47,0.516,0.492
708459633,Existing Customer,38,M,2,High School,Married,$60K - $80K,Blue,26,4,1,3,5815.0,1698,4117.0,0.896,1604,42,0.448,0.292
712868733,Existing Customer,60,M,0,Uneducated,Married,Less than $40K,Blue,52,5,1,2,2595.0,2189,406.0,0.276,1562,27,0.174,0.844
713790708,Existing Customer,38,M,3,Uneducated,Married,$60K - $80K,Blue,36,5,2,3,3421.0,2308,1113.0,2.037,2269,39,1.053,0.675
717648783,Existing Customer,63,M,2,High School,Married,$80K - $120K,Blue,51,4,2,3,6922.0,1704,5218.0,0.278,1449,28,0.217,0.246
714709983,Existing Customer,43,F,2,College,Married,Less than $40K,Blue,36,6,2,4,6979.0,898,6081.0,0.565,1665,44,0.375,0.129
819409608,Existing Customer,39,F,2,Graduate,Married,Less than $40K,Blue,34,4,3,4,2594.0,0,2594.0,0.526,1457,43,0.387,0.0
717585858,Existing Customer,35,F,4,High School,Single,Unknown,Blue,24,5,2,4,16915.0,1679,15236.0,0.834,2795,55,0.833,0.099
791856033,Attrited Customer,45,M,2,College,Divorced,$80K - $120K,Blue,39,3,4,4,34516.0,0,34516.0,1.014,1041,27,0.35,0.0
714474483,Existing Customer,35,F,1,Graduate,Married,$40K - $60K,Blue,29,4,2,2,2523.0,1877,646.0,1.631,2005,50,1.174,0.744
716448783,Attrited Customer,48,F,3,Graduate,Married,$40K - $60K,Blue,39,2,4,3,6235.0,0,6235.0,0.848,1225,34,0.478,0.0
711065133,Existing Customer,26,M,1,High School,Single,$40K - $60K,Blue,13,6,2,4,1473.0,0,1473.0,0.813,2099,39,0.857,0.0
713769258,Existing Customer,36,M,3,College,Married,$120K +,Blue,26,3,2,3,17116.0,939,16177.0,1.575,2547,45,0.731,0.055
712288158,Existing Customer,37,M,2,College,Married,$80K - $120K,Blue,17,5,3,2,4631.0,1991,2640.0,1.669,2864,37,0.947,0.43
714130233,Existing Customer,39,M,2,Unknown,Married,$60K - $80K,Blue,19,3,3,2,3047.0,2150,897.0,0.882,1602,37,1.312,0.706
789127533,Existing Customer,49,M,4,High School,Divorced,$80K - $120K,Blue,37,5,2,2,32338.0,1664,30674.0,0.919,3013,83,0.766,0.051
717038733,Existing Customer,56,M,3,Uneducated,Married,$60K - $80K,Blue,36,5,3,3,2253.0,1375,878.0,0.388,1324,38,0.31,0.61
804840033,Existing Customer,45,M,2,College,Married,$60K - $80K,Blue,38,4,6,4,16611.0,0,16611.0,0.954,1960,48,0.6,0.0
709363383,Existing Customer,34,M,2,High School,Single,Unknown,Blue,36,3,4,2,22886.0,836,22050.0,0.889,2652,61,0.743,0.037
789760233,Existing Customer,29,M,0,Unknown,Divorced,$80K - $120K,Blue,14,6,3,3,3544.0,0,3544.0,0.718,2435,63,1.032,0.0
712058958,Existing Customer,28,M,0,High School,Single,Less than $40K,Blue,19,3,3,4,3480.0,0,3480.0,0.731,2744,75,0.829,0.0
708295533,Existing Customer,65,F,0,Post-Graduate,Married,Less than $40K,Blue,56,5,3,2,3549.0,1880,1669.0,0.624,1215,22,0.571,0.53
817686633,Existing Customer,26,F,1,College,Single,Less than $40K,Blue,15,5,2,4,1438.3,737,701.3,0.806,2856,39,0.5,0.512
713738883,Existing Customer,57,F,3,Uneducated,Married,Less than $40K,Blue,36,6,2,3,3136.0,1422,1714.0,0.591,1260,34,0.889,0.453
721310283,Existing Customer,47,M,3,Graduate,Single,$120K +,Blue,36,6,2,4,34516.0,933,33583.0,0.946,1804,32,0.6,0.027
803132733,Existing Customer,54,F,1,Graduate,Married,Less than $40K,Blue,48,4,3,2,6814.0,1570,5244.0,0.653,1339,30,0.364,0.23
779852133,Existing Customer,48,M,2,Unknown,Married,$120K +,Silver,32,3,2,4,34516.0,2098,32418.0,0.741,3093,66,0.784,0.061
716210283,Existing Customer,36,F,1,High School,Married,Unknown,Blue,36,6,3,4,8500.0,2517,5983.0,0.445,1618,37,1.312,0.296
711615933,Existing Customer,43,M,3,Graduate,Married,$80K - $120K,Blue,33,3,3,2,28170.0,1859,26311.0,0.568,1013,28,0.75,0.066
785311158,Existing Customer,54,F,2,Graduate,Single,Less than $40K,Blue,48,6,1,4,6610.0,928,5682.0,0.894,3328,69,0.683,0.14
717267108,Existing Customer,37,M,1,College,Single,$60K - $80K,Blue,26,6,3,2,15755.0,1410,14345.0,0.839,2061,61,0.649,0.089
711636558,Existing Customer,33,M,3,Graduate,Married,$80K - $120K,Blue,36,5,3,4,2711.0,2073,638.0,0.711,1567,42,0.75,0.765
717504258,Existing Customer,38,M,2,College,Married,$40K - $60K,Blue,25,4,1,4,3735.0,1199,2536.0,0.886,1573,35,0.75,0.321
718242333,Existing Customer,36,M,4,Graduate,Single,$80K - $120K,Blue,36,5,3,2,10216.0,1822,8394.0,0.778,2568,69,0.683,0.178
771844458,Existing Customer,40,F,3,Graduate,Married,Unknown,Blue,28,6,1,2,20420.0,1657,18763.0,1.038,1804,41,0.864,0.081
708892833,Attrited Customer,37,M,2,Graduate,Married,$120K +,Blue,30,2,4,4,13662.0,0,13662.0,0.153,725,22,0.0,0.0
779465358,Existing Customer,26,F,0,High School,Single,Unknown,Blue,13,4,3,3,3038.0,1460,1578.0,0.98,2243,38,0.462,0.481
720191883,Existing Customer,45,M,3,High School,Single,$60K - $80K,Blue,35,5,3,3,7050.0,659,6391.0,0.52,1236,36,1.0,0.093
710934033,Existing Customer,26,M,0,High School,Single,Less than $40K,Blue,13,6,1,4,1775.0,1162,613.0,0.93,2169,43,0.536,0.655
714473658,Existing Customer,42,M,3,Graduate,Single,$40K - $60K,Blue,30,6,2,2,8960.0,1054,7906.0,0.414,1488,26,0.368,0.118
716569983,Existing Customer,33,M,2,College,Married,$80K - $120K,Blue,36,3,1,2,2355.0,1773,582.0,0.774,1765,27,0.929,0.753
789833583,Existing Customer,57,F,4,High School,Married,$40K - $60K,Blue,47,5,2,4,6803.0,1332,5471.0,0.809,1476,30,0.579,0.196
818923158,Existing Customer,55,M,2,Graduate,Married,$60K - $80K,Blue,50,5,2,4,2145.0,1207,938.0,0.521,1275,31,0.476,0.563
716596308,Existing Customer,40,M,3,Uneducated,Single,$80K - $120K,Blue,36,5,2,3,3919.0,1640,2279.0,0.8,1872,51,0.5,0.418
716620458,Existing Customer,32,M,1,High School,Single,Less than $40K,Blue,23,3,2,3,4500.0,0,4500.0,0.626,2439,63,0.703,0.0
710251608,Existing Customer,62,F,1,High School,Married,Less than $40K,Blue,54,3,3,4,2941.0,1173,1768.0,0.436,1453,27,0.35,0.399
710633808,Existing Customer,26,M,0,Graduate,Single,$60K - $80K,Blue,13,3,3,3,7102.0,0,7102.0,0.537,2411,41,0.281,0.0
719318583,Attrited Customer,37,M,3,High School,Married,Less than $40K,Blue,26,3,3,4,6866.0,2389,4477.0,0.395,862,13,0.182,0.348
819202533,Existing Customer,57,M,1,Doctorate,Married,$80K - $120K,Blue,52,3,2,3,10378.0,1540,8838.0,0.547,1306,32,0.28,0.148
827360883,Existing Customer,47,F,3,High School,Married,Unknown,Blue,43,4,3,2,13473.0,1335,12138.0,0.814,1593,46,0.484,0.099
771196083,Existing Customer,47,M,4,Graduate,Married,$80K - $120K,Blue,34,6,3,3,18178.0,0,18178.0,0.922,1837,37,0.682,0.0
809962908,Existing Customer,48,F,2,Graduate,Single,Unknown,Blue,43,5,3,4,8171.0,852,7319.0,0.639,1909,52,0.733,0.104
788965683,Existing Customer,49,F,4,Uneducated,Married,Less than $40K,Blue,36,6,3,3,1438.3,0,1438.3,0.782,2170,41,0.464,0.0
817142433,Existing Customer,35,M,3,Graduate,Married,$80K - $120K,Blue,20,5,3,4,8082.0,2307,5775.0,0.637,1725,29,1.071,0.285
716993058,Existing Customer,57,M,3,Unknown,Divorced,$60K - $80K,Blue,48,5,2,3,24589.0,1640,22949.0,0.4,4291,78,0.625,0.067
771040758,Existing Customer,62,F,0,Graduate,Single,Unknown,Silver,49,5,1,2,30310.0,0,30310.0,0.777,3703,91,0.492,0.0
713309583,Existing Customer,55,F,2,College,Married,Less than $40K,Blue,36,6,3,4,2967.0,2129,838.0,1.075,2177,59,0.788,0.718
710273658,Existing Customer,36,M,2,Graduate,Married,$60K - $80K,Blue,17,5,2,3,3092.0,1825,1267.0,1.46,2883,61,0.488,0.59
771429408,Existing Customer,54,M,1,High School,Married,$80K - $120K,Blue,42,5,3,2,1618.0,668,950.0,0.552,1515,31,0.476,0.413
719452308,Existing Customer,30,F,0,Graduate,Married,Less than $40K,Blue,23,5,2,3,2498.0,1632,866.0,0.712,2048,35,1.188,0.653
818908833,Existing Customer,46,M,3,Graduate,Married,$40K - $60K,Blue,41,5,2,2,2564.0,0,2564.0,1.026,2038,45,0.364,0.0
780998133,Existing Customer,43,M,3,Graduate,Married,$80K - $120K,Blue,34,3,4,4,10540.0,1489,9051.0,1.029,1980,45,0.607,0.141
801726933,Existing Customer,34,M,2,Graduate,Married,$120K +,Blue,28,4,3,3,13384.0,1853,11531.0,0.807,1899,33,0.833,0.138
788474658,Existing Customer,55,M,3,Graduate,Married,$80K - $120K,Blue,48,5,2,4,16208.0,1278,14930.0,0.543,1842,56,0.436,0.079
708438033,Existing Customer,36,F,2,Unknown,Married,Less than $40K,Blue,27,3,3,4,3049.0,2198,851.0,1.546,2617,48,1.0,0.721
710562258,Existing Customer,44,M,1,Graduate,Married,$80K - $120K,Blue,33,5,4,3,19214.0,0,19214.0,0.998,3407,47,1.136,0.0
770764908,Existing Customer,39,M,2,Unknown,Married,$60K - $80K,Blue,25,5,2,3,3071.0,2517,554.0,0.583,1765,36,0.565,0.82
814776033,Existing Customer,34,M,2,Graduate,Single,$80K - $120K,Blue,29,3,1,3,13395.0,1678,11717.0,1.006,2650,69,0.865,0.125
715057383,Existing Customer,40,M,3,Graduate,Married,$60K - $80K,Blue,31,6,3,4,17126.0,1201,15925.0,0.802,3891,79,0.881,0.07
717970158,Existing Customer,42,M,2,College,Single,$60K - $80K,Blue,36,5,3,2,8083.0,0,8083.0,1.076,3942,84,0.75,0.0
715168008,Existing Customer,36,M,3,Graduate,Divorced,$40K - $60K,Blue,28,4,2,3,8995.0,1547,7448.0,0.923,2398,61,0.794,0.172
720802833,Existing Customer,26,F,1,High School,Single,Less than $40K,Blue,13,3,2,3,2404.0,1198,1206.0,0.501,2692,63,0.5,0.498
789370383,Existing Customer,42,M,1,High School,Married,$40K - $60K,Blue,32,4,2,2,2807.0,1845,962.0,1.027,1346,26,1.0,0.657
711782733,Existing Customer,55,M,0,Graduate,Married,$40K - $60K,Blue,36,3,3,2,3097.0,827,2270.0,0.511,1390,24,0.263,0.267
709000008,Existing Customer,45,M,3,Unknown,Single,$80K - $120K,Blue,37,6,2,2,10651.0,672,9979.0,0.767,2073,54,0.543,0.063
719381733,Existing Customer,61,M,2,High School,Single,$60K - $80K,Blue,47,5,2,3,2175.0,1404,771.0,0.633,3994,64,0.778,0.646
771169458,Existing Customer,41,M,4,College,Married,$120K +,Blue,28,5,3,0,28020.0,1470,26550.0,1.226,1723,36,1.25,0.052
709974108,Existing Customer,35,F,1,Graduate,Single,Less than $40K,Blue,23,4,3,3,2640.0,1051,1589.0,0.833,3116,80,0.6,0.398
757024233,Existing Customer,34,M,2,Graduate,Single,$120K +,Blue,27,3,1,4,31313.0,2152,29161.0,0.679,2555,62,0.676,0.069
768928833,Existing Customer,37,M,2,High School,Married,$80K - $120K,Blue,31,3,2,4,7304.0,0,7304.0,1.144,2717,63,0.703,0.0
720504633,Attrited Customer,46,M,2,Uneducated,Unknown,$60K - $80K,Blue,32,6,2,3,3254.0,0,3254.0,0.733,967,24,1.182,0.0
812441358,Existing Customer,26,M,1,College,Divorced,$40K - $60K,Blue,21,3,3,2,1438.3,0,1438.3,0.745,2660,89,0.712,0.0
713287608,Existing Customer,54,F,3,High School,Married,Less than $40K,Blue,41,5,4,4,3161.0,1220,1941.0,0.82,2412,62,0.824,0.386
711357858,Attrited Customer,47,F,3,Graduate,Single,Less than $40K,Blue,36,5,3,4,7246.0,0,7246.0,0.612,777,13,0.625,0.0
715478733,Existing Customer,56,F,5,Graduate,Married,Less than $40K,Blue,36,5,4,4,3088.0,2517,571.0,0.848,2292,54,0.862,0.815
780382008,Existing Customer,42,F,4,Unknown,Single,Less than $40K,Silver,32,6,3,2,13719.0,1384,12335.0,1.201,3774,63,0.658,0.101
715749858,Existing Customer,30,M,1,Unknown,Married,$40K - $60K,Blue,18,5,1,3,4726.0,1380,3346.0,0.622,1723,31,0.55,0.292
710951808,Existing Customer,32,M,1,Unknown,Married,Less than $40K,Blue,36,5,3,3,6100.0,1520,4580.0,0.853,1668,32,0.882,0.249
713469333,Existing Customer,40,M,2,High School,Single,$80K - $120K,Blue,28,6,2,4,19279.0,1427,17852.0,0.892,1777,56,0.647,0.074
719243808,Existing Customer,33,F,1,Graduate,Married,Less than $40K,Blue,20,3,2,4,3792.0,1625,2167.0,0.618,1888,39,0.625,0.429
772202058,Existing Customer,64,M,0,Graduate,Married,Less than $40K,Blue,53,3,3,4,2084.0,1647,437.0,0.664,1597,37,0.542,0.79
711346383,Existing Customer,33,M,1,High School,Single,$80K - $120K,Blue,28,4,3,3,34516.0,0,34516.0,0.636,2804,70,0.842,0.0
711405333,Existing Customer,52,M,3,Post-Graduate,Married,$80K - $120K,Blue,43,5,2,2,6849.0,2126,4723.0,0.611,1651,43,0.344,0.31
778407033,Existing Customer,59,F,0,Uneducated,Married,Less than $40K,Blue,39,6,3,4,2417.0,1932,485.0,1.044,2367,50,0.786,0.799
714862083,Existing Customer,41,F,4,Uneducated,Single,Unknown,Blue,33,6,4,3,5802.0,2490,3312.0,0.849,3386,53,1.038,0.429
711199008,Existing Customer,38,M,2,Unknown,Married,$40K - $60K,Blue,31,3,2,2,2919.0,2192,727.0,1.073,2399,57,0.966,0.751
709858533,Existing Customer,29,M,2,Graduate,Divorced,Less than $40K,Blue,20,4,1,2,2462.0,2021,441.0,0.966,2320,57,0.676,0.821
718627458,Existing Customer,43,F,3,Doctorate,Married,Unknown,Blue,38,3,4,2,1947.0,0,1947.0,0.838,2119,52,1.0,0.0
711816108,Attrited Customer,40,M,3,High School,Single,$80K - $120K,Blue,29,2,2,4,18563.0,0,18563.0,0.729,2395,45,0.552,0.0
717105258,Existing Customer,37,F,1,Graduate,Married,Less than $40K,Blue,36,3,3,3,3992.0,1289,2703.0,1.008,2181,32,0.6,0.323
715822008,Existing Customer,32,M,1,High School,Married,Less than $40K,Blue,14,4,2,2,3568.0,2175,1393.0,1.368,1913,35,0.667,0.61
714971583,Existing Customer,36,M,2,Graduate,Single,$60K - $80K,Blue,27,3,3,2,7776.0,831,6945.0,1.007,3063,87,0.891,0.107
713663508,Attrited Customer,58,M,0,High School,Unknown,$40K - $60K,Blue,42,3,2,3,1438.3,0,1438.3,0.835,1088,22,1.444,0.0
709025583,Existing Customer,53,M,3,High School,Married,$80K - $120K,Blue,36,3,3,3,9355.0,715,8640.0,0.422,1138,38,0.727,0.076
812809083,Existing Customer,37,F,3,Unknown,Single,Unknown,Blue,32,3,4,4,19636.0,1566,18070.0,0.649,2595,58,0.611,0.08
714073983,Existing Customer,47,M,2,Unknown,Single,$40K - $60K,Blue,36,6,3,3,7327.0,0,7327.0,0.857,1788,46,0.586,0.0
789297558,Existing Customer,36,M,1,Uneducated,Single,$120K +,Blue,25,6,3,2,7049.0,1932,5117.0,0.804,2602,51,0.545,0.274
710375283,Existing Customer,26,F,0,Uneducated,Single,$40K - $60K,Blue,18,4,3,2,2033.0,1471,562.0,0.672,2236,55,0.41,0.724
712189233,Existing Customer,38,F,1,Graduate,Married,$40K - $60K,Blue,20,5,1,3,5153.0,2517,2636.0,1.488,3095,63,0.969,0.488
713767383,Existing Customer,32,F,0,High School,Married,$40K - $60K,Blue,22,4,2,2,2062.0,1665,397.0,1.276,2397,41,0.64,0.807
797414733,Existing Customer,37,F,3,Graduate,Single,Less than $40K,Blue,31,3,3,4,2005.0,1517,488.0,0.729,2439,61,0.848,0.757
712452033,Existing Customer,26,M,1,Unknown,Single,Less than $40K,Blue,13,6,2,3,2479.0,828,1651.0,0.44,2225,44,0.294,0.334
714151533,Existing Customer,55,F,1,Graduate,Married,$40K - $60K,Blue,46,5,4,4,4589.0,1622,2967.0,0.425,1569,33,0.269,0.353
720440583,Existing Customer,35,M,2,Unknown,Married,$80K - $120K,Blue,36,6,2,2,2263.0,1188,1075.0,0.84,1927,47,0.382,0.525
787494783,Existing Customer,58,M,3,High School,Married,$60K - $80K,Blue,46,5,3,2,8184.0,1205,6979.0,0.965,2140,49,0.69,0.147
819966033,Existing Customer,32,M,0,Graduate,Single,Unknown,Blue,27,6,3,3,9238.0,0,9238.0,0.809,2522,68,0.478,0.0
710297133,Existing Customer,47,M,3,High School,Married,$80K - $120K,Blue,36,6,3,3,30210.0,1194,29016.0,0.948,3503,65,0.667,0.04
793355508,Existing Customer,32,M,0,Graduate,Single,Less than $40K,Blue,26,6,3,3,6942.0,0,6942.0,0.544,2657,71,0.69,0.0
708580908,Existing Customer,56,M,3,High School,Married,$60K - $80K,Blue,37,3,3,3,14551.0,2517,12034.0,0.92,1373,35,0.591,0.173
719826333,Existing Customer,34,F,2,Doctorate,Single,Less than $40K,Blue,13,5,1,2,1438.3,0,1438.3,0.946,2557,67,0.763,0.0
780689733,Existing Customer,65,M,0,Unknown,Single,Unknown,Blue,56,3,2,2,11332.0,633,10699.0,1.514,2758,56,1.24,0.056
744764433,Existing Customer,55,M,2,Uneducated,Married,$120K +,Blue,48,5,2,3,30967.0,817,30150.0,0.378,1473,35,0.522,0.026
714902283,Existing Customer,43,M,0,High School,Married,$80K - $120K,Blue,36,5,3,3,7866.0,0,7866.0,0.747,2843,53,0.828,0.0
789309558,Existing Customer,31,M,2,College,Married,Less than $40K,Blue,21,6,2,4,2718.0,1920,798.0,1.604,2570,49,1.042,0.706
713188383,Existing Customer,54,F,1,College,Married,Less than $40K,Blue,36,4,2,4,3084.0,2517,567.0,0.651,1446,22,0.833,0.816
719506983,Existing Customer,52,M,3,Graduate,Married,$80K - $120K,Blue,42,5,2,4,17302.0,1339,15963.0,0.631,1181,30,1.0,0.077
714804483,Existing Customer,48,M,3,College,Divorced,$40K - $60K,Blue,36,3,3,3,12159.0,1665,10494.0,0.608,1426,34,0.545,0.137
748503708,Existing Customer,54,F,1,High School,Single,Less than $40K,Blue,47,6,4,3,2797.0,1627,1170.0,0.413,1566,36,0.714,0.582
803587533,Existing Customer,33,M,1,Uneducated,Single,$60K - $80K,Blue,28,6,3,4,2618.0,1812,806.0,0.706,3319,86,0.911,0.692
789777408,Attrited Customer,26,F,0,Post-Graduate,Single,Less than $40K,Blue,15,3,2,3,1442.0,1428,14.0,0.496,1134,26,0.238,0.99
716811483,Existing Customer,30,F,2,Uneducated,Married,Less than $40K,Blue,24,4,2,1,2063.0,0,2063.0,0.553,1859,43,0.536,0.0
714118383,Existing Customer,49,F,5,Graduate,Married,Less than $40K,Blue,43,4,2,3,8154.0,0,8154.0,0.964,2223,72,0.946,0.0
720532908,Existing Customer,36,F,2,Unknown,Divorced,$40K - $60K,Blue,20,4,3,2,9735.0,1245,8490.0,1.079,2967,80,0.739,0.128
765055833,Existing Customer,56,M,4,Unknown,Married,$80K - $120K,Blue,49,3,4,2,4310.0,2229,2081.0,0.643,1645,33,0.941,0.517
715310208,Existing Customer,53,M,3,Uneducated,Married,$80K - $120K,Blue,36,3,3,1,11450.0,2129,9321.0,0.956,2197,45,0.957,0.186
718577958,Attrited Customer,39,M,2,Uneducated,Married,$120K +,Blue,26,2,3,4,8906.0,0,8906.0,0.315,809,15,0.25,0.0
789167658,Existing Customer,34,M,3,College,Married,$60K - $80K,Blue,23,5,3,2,4245.0,1815,2430.0,0.846,1534,34,0.545,0.428
789987183,Existing Customer,53,M,2,College,Married,$80K - $120K,Blue,45,4,4,4,21953.0,1311,20642.0,0.443,1413,37,0.37,0.06
717730533,Existing Customer,32,M,0,Graduate,Single,$40K - $60K,Blue,21,6,1,3,1614.0,925,689.0,0.598,2659,63,0.75,0.573
708668283,Existing Customer,39,M,2,Graduate,Married,$80K - $120K,Blue,22,5,4,2,5140.0,2517,2623.0,0.876,1842,36,0.714,0.49
772360683,Existing Customer,57,M,1,High School,Married,$120K +,Blue,46,3,3,4,31762.0,2517,29245.0,0.735,1515,36,0.714,0.079
712500933,Existing Customer,48,F,4,Graduate,Single,Unknown,Blue,40,4,4,4,11692.0,648,11044.0,1.265,2997,56,0.867,0.055
804867183,Existing Customer,37,M,3,Unknown,Married,$60K - $80K,Blue,30,6,2,4,16043.0,0,16043.0,1.509,2599,47,1.136,0.0
826068183,Existing Customer,36,M,1,Graduate,Married,$80K - $120K,Blue,32,4,4,3,15488.0,1463,14025.0,1.28,2916,50,0.724,0.094
820044333,Existing Customer,39,M,3,College,Divorced,$40K - $60K,Blue,34,3,3,2,2503.0,2185,318.0,0.5,4157,58,0.758,0.873
714211533,Existing Customer,31,M,0,Graduate,Divorced,Less than $40K,Blue,36,4,3,2,3312.0,2491,821.0,0.62,2670,50,0.667,0.752
710287533,Existing Customer,31,M,2,Graduate,Single,$40K - $60K,Blue,36,3,2,4,6269.0,1169,5100.0,0.743,2221,57,0.727,0.186
720603558,Existing Customer,36,M,4,Graduate,Single,$60K - $80K,Blue,36,3,2,1,20337.0,1605,18732.0,0.805,2460,74,1.312,0.079
819258408,Existing Customer,47,F,5,Graduate,Single,Less than $40K,Blue,42,4,2,4,2224.0,1106,1118.0,0.501,1698,41,0.367,0.497
717664008,Attrited Customer,37,M,3,College,Married,$60K - $80K,Blue,19,2,3,4,3100.0,2517,583.0,0.35,694,12,0.2,0.812
717437058,Existing Customer,38,M,2,Unknown,Divorced,$60K - $80K,Silver,26,4,2,0,26437.0,681,25756.0,1.021,2167,57,0.727,0.026
717327783,Existing Customer,39,M,2,Graduate,Married,$80K - $120K,Blue,27,4,2,2,9959.0,1476,8483.0,0.952,2760,44,1.0,0.148
712887633,Existing Customer,39,M,1,Unknown,Single,$80K - $120K,Blue,36,5,3,3,25008.0,876,24132.0,0.859,1753,43,1.048,0.035
716129208,Existing Customer,37,M,3,Graduate,Married,$40K - $60K,Blue,36,3,3,3,2031.0,0,2031.0,0.752,1678,36,0.8,0.0
718037433,Existing Customer,58,M,1,Graduate,Married,$80K - $120K,Blue,49,6,4,2,1654.0,1253,401.0,0.508,1887,60,0.538,0.758
709839858,Existing Customer,58,F,2,Graduate,Married,Less than $40K,Blue,39,3,4,3,4608.0,1077,3531.0,0.694,1535,31,0.632,0.234
719686458,Existing Customer,37,M,3,Graduate,Married,$40K - $60K,Blue,36,6,4,1,3908.0,1629,2279.0,0.775,1903,30,0.5,0.417
721434483,Existing Customer,54,M,3,Graduate,Married,$80K - $120K,Blue,46,4,3,2,2798.0,1256,1542.0,1.132,2631,55,0.774,0.449
716096358,Existing Customer,45,F,3,Uneducated,Single,Less than $40K,Blue,39,5,4,1,2551.0,2253,298.0,0.688,3753,63,0.909,0.883
718244958,Existing Customer,36,F,2,Graduate,Married,Unknown,Blue,26,5,2,2,8621.0,1251,7370.0,0.696,1989,37,0.48,0.145
711315783,Existing Customer,53,M,3,Graduate,Married,$40K - $60K,Blue,43,6,4,2,7451.0,683,6768.0,0.924,2165,49,0.96,0.092
821296083,Existing Customer,34,F,1,College,Married,Less than $40K,Blue,30,3,3,3,2617.0,1010,1607.0,0.659,2003,47,0.679,0.386
711562833,Attrited Customer,35,M,4,Graduate,Married,$80K - $120K,Blue,24,6,3,4,12634.0,0,12634.0,0.323,717,18,0.286,0.0
716447733,Existing Customer,32,M,3,Graduate,Married,$40K - $60K,Blue,18,5,3,3,6407.0,963,5444.0,1.052,1921,43,0.72,0.15
719591283,Existing Customer,38,M,2,Uneducated,Married,Less than $40K,Blue,27,6,2,4,1438.3,0,1438.3,0.945,2412,58,0.657,0.0
789911808,Existing Customer,37,M,3,Uneducated,Married,$80K - $120K,Blue,28,6,2,2,2672.0,1259,1413.0,1.375,2487,52,0.625,0.471
713195808,Existing Customer,37,F,3,High School,Married,Unknown,Blue,36,6,3,4,11948.0,1281,10667.0,1.159,2792,51,0.889,0.107
717866133,Existing Customer,47,F,2,Graduate,Single,Less than $40K,Blue,36,3,3,3,2677.0,1390,1287.0,0.732,2170,63,0.465,0.519
716670783,Existing Customer,52,F,3,Doctorate,Single,Unknown,Blue,36,3,2,1,24703.0,1085,23618.0,0.998,4776,63,0.575,0.044
789197508,Existing Customer,54,M,3,High School,Married,$60K - $80K,Blue,43,6,3,4,2240.0,1580,660.0,0.745,1518,36,0.8,0.705
713108433,Existing Customer,53,M,3,College,Married,$80K - $120K,Blue,40,4,4,4,6052.0,1720,4332.0,0.683,1476,37,0.423,0.284
711403383,Existing Customer,33,F,3,College,Single,Less than $40K,Blue,23,6,4,1,2562.0,1968,594.0,0.546,2256,70,0.591,0.768
768212583,Existing Customer,49,M,2,Graduate,Married,$60K - $80K,Blue,43,4,4,4,15377.0,1516,13861.0,0.627,1848,49,1.042,0.099
720181758,Attrited Customer,37,M,0,Doctorate,Married,$120K +,Blue,22,3,3,4,8654.0,0,8654.0,0.446,850,18,0.385,0.0
710632683,Existing Customer,31,M,1,Uneducated,Married,$40K - $60K,Blue,24,5,2,3,1438.3,0,1438.3,0.665,2308,49,0.4,0.0
711836733,Existing Customer,43,M,3,Graduate,Single,$120K +,Blue,31,3,3,3,1438.3,0,1438.3,0.663,1867,45,0.875,0.0
771183933,Existing Customer,39,M,1,Uneducated,Married,$80K - $120K,Blue,26,6,2,3,16040.0,1220,14820.0,0.862,1923,49,0.4,0.076
711327558,Existing Customer,38,M,2,High School,Married,$40K - $60K,Blue,36,3,3,1,2801.0,1980,821.0,0.882,1600,45,0.406,0.707
788971308,Existing Customer,62,F,1,Uneducated,Married,Less than $40K,Blue,49,5,4,2,2658.0,1158,1500.0,0.476,1809,41,0.464,0.436
718950483,Existing Customer,58,F,1,Unknown,Married,$40K - $60K,Blue,48,3,3,2,12423.0,1910,10513.0,0.405,1208,38,0.357,0.154
714278958,Existing Customer,39,F,2,High School,Married,Unknown,Blue,27,6,1,3,9347.0,1988,7359.0,1.173,2201,46,1.091,0.213
711817158,Existing Customer,30,M,2,College,Divorced,$40K - $60K,Blue,22,3,3,4,3143.0,1075,2068.0,0.643,2510,57,0.629,0.342
765824058,Existing Customer,46,M,4,Doctorate,Married,$80K - $120K,Blue,39,3,3,1,5106.0,1539,3567.0,0.907,3784,74,0.609,0.301
710109633,Existing Customer,39,M,2,College,Married,$60K - $80K,Blue,31,6,3,2,9871.0,1061,8810.0,0.545,1683,34,0.478,0.107
713643858,Existing Customer,53,F,1,College,Married,$40K - $60K,Blue,43,4,4,2,1525.0,1411,114.0,0.66,1911,47,0.958,0.925
716399583,Existing Customer,34,M,1,Uneducated,Married,$120K +,Blue,36,6,2,1,19630.0,1251,18379.0,1.399,2286,39,0.696,0.064
714516783,Existing Customer,54,F,0,Graduate,Divorced,Less than $40K,Silver,36,4,3,1,12547.0,1378,11169.0,1.12,3360,56,0.75,0.11
710490708,Existing Customer,54,M,3,High School,Single,$80K - $120K,Blue,36,4,1,3,17686.0,0,17686.0,0.733,2047,46,0.533,0.0
780662133,Existing Customer,39,M,2,Uneducated,Married,$60K - $80K,Blue,28,6,3,5,3257.0,2517,740.0,0.539,1534,35,0.591,0.773
715389708,Existing Customer,36,F,3,Graduate,Married,Less than $40K,Blue,28,4,3,2,4824.0,2517,2307.0,0.838,1516,32,0.391,0.522
789607983,Existing Customer,38,M,3,High School,Married,$40K - $60K,Blue,32,6,6,2,8603.0,1046,7557.0,0.826,1758,40,0.739,0.122
720171033,Existing Customer,45,M,4,Unknown,Married,$60K - $80K,Blue,36,6,1,1,11498.0,1577,9921.0,0.756,4014,70,0.489,0.137
815104608,Existing Customer,28,F,0,Graduate,Divorced,Less than $40K,Blue,23,5,1,3,3818.0,584,3234.0,0.7,2947,87,0.706,0.153
719660658,Existing Customer,37,F,1,High School,Single,Unknown,Blue,36,6,2,2,16594.0,1931,14663.0,0.702,2134,47,0.808,0.116
714159858,Existing Customer,57,M,0,Graduate,Married,$40K - $60K,Blue,48,4,2,2,5387.0,2047,3340.0,0.579,1546,36,0.5,0.38
714225333,Existing Customer,48,F,4,Graduate,Married,Less than $40K,Blue,36,5,1,1,2930.0,773,2157.0,0.661,1545,21,0.909,0.264
712204308,Existing Customer,33,M,0,Unknown,Single,$40K - $60K,Blue,36,6,1,1,10023.0,504,9519.0,0.942,2878,65,0.625,0.05
718468158,Existing Customer,38,M,1,Uneducated,Married,$60K - $80K,Blue,25,6,2,3,9303.0,1599,7704.0,1.408,2261,37,0.542,0.172
711575058,Existing Customer,36,M,3,Unknown,Married,$60K - $80K,Blue,36,4,2,2,2956.0,2411,545.0,0.971,1896,31,0.824,0.816
735417408,Existing Customer,37,M,2,High School,Married,$60K - $80K,Blue,30,4,1,2,2218.0,1266,952.0,0.709,1941,58,0.568,0.571
717171408,Existing Customer,36,M,1,Unknown,Married,$80K - $120K,Blue,26,6,2,1,9959.0,0,9959.0,0.57,2021,41,0.783,0.0
814312308,Existing Customer,54,F,3,Uneducated,Married,$40K - $60K,Blue,49,5,3,2,5335.0,1373,3962.0,0.558,1435,29,0.611,0.257
711786108,Existing Customer,52,M,1,Graduate,Married,$60K - $80K,Blue,43,3,3,2,7187.0,2014,5173.0,0.649,1159,26,0.733,0.28
712905708,Existing Customer,53,F,1,Graduate,Married,Less than $40K,Blue,39,5,2,4,2590.0,1564,1026.0,0.386,1188,40,0.6,0.604
720050208,Existing Customer,27,F,1,High School,Single,Less than $40K,Blue,19,4,1,3,4255.0,1748,2507.0,0.516,2236,57,0.541,0.411
793952133,Existing Customer,32,F,0,High School,Married,Less than $40K,Blue,26,6,2,3,2778.0,2312,466.0,0.727,1680,33,1.062,0.832
798140283,Existing Customer,57,M,4,Graduate,Married,$120K +,Blue,51,4,3,1,10711.0,1970,8741.0,0.71,1180,29,1.417,0.184
720427683,Attrited Customer,58,M,2,Uneducated,Single,$120K +,Blue,46,2,3,4,16163.0,0,16163.0,0.542,2171,48,0.778,0.0
789970233,Existing Customer,54,F,2,High School,Married,Less than $40K,Blue,45,6,1,1,2513.0,1126,1387.0,0.324,1454,30,0.25,0.448
713893308,Existing Customer,45,M,3,Graduate,Divorced,$60K - $80K,Blue,37,4,1,1,3291.0,1607,1684.0,1.26,1984,38,0.652,0.488
718843608,Existing Customer,36,F,2,Post-Graduate,Divorced,Less than $40K,Blue,25,5,2,4,8917.0,1091,7826.0,1.152,3327,80,0.86,0.122
752085108,Existing Customer,39,F,2,Graduate,Married,$40K - $60K,Blue,29,3,5,2,4955.0,1157,3798.0,0.896,1824,38,0.727,0.234
789435783,Existing Customer,39,F,1,Graduate,Married,$40K - $60K,Blue,30,6,1,2,2909.0,1274,1635.0,0.593,1532,26,0.3,0.438
711032058,Existing Customer,34,M,3,High School,Single,$80K - $120K,Silver,21,6,4,3,34516.0,2517,31999.0,0.791,2901,75,0.923,0.073
784719708,Existing Customer,54,F,2,Uneducated,Married,$40K - $60K,Blue,43,5,1,1,1438.3,0,1438.3,0.531,1707,41,0.783,0.0
804663258,Existing Customer,54,M,2,High School,Married,$80K - $120K,Blue,49,3,1,4,14015.0,2065,11950.0,0.704,1903,49,0.633,0.147
716900433,Existing Customer,36,M,2,Graduate,Married,$60K - $80K,Blue,28,6,2,2,2540.0,1402,1138.0,1.127,2384,61,0.794,0.552
720909408,Existing Customer,37,M,2,High School,Divorced,$120K +,Blue,24,4,2,2,3497.0,1665,1832.0,0.627,2337,61,0.564,0.476
712187808,Existing Customer,27,M,0,Uneducated,Married,$40K - $60K,Blue,15,4,3,4,3682.0,0,3682.0,0.685,1826,35,0.75,0.0
718428033,Existing Customer,55,F,4,Graduate,Single,Less than $40K,Blue,41,6,2,1,4430.0,1543,2887.0,0.752,3395,70,0.628,0.348
714892533,Existing Customer,26,M,0,Unknown,Single,Unknown,Blue,16,5,3,2,3877.0,0,3877.0,0.773,2473,33,0.833,0.0
714985458,Existing Customer,56,M,1,Graduate,Married,$60K - $80K,Blue,36,3,2,3,15124.0,1974,13150.0,0.826,1850,44,0.571,0.131
716647983,Existing Customer,58,F,2,Graduate,Married,Less than $40K,Blue,53,5,3,1,7712.0,962,6750.0,0.418,1574,34,0.062,0.125
712340733,Existing Customer,42,F,2,Graduate,Unknown,Unknown,Blue,34,5,2,2,19373.0,1142,18231.0,0.655,1792,48,0.455,0.059
719293533,Existing Customer,30,M,1,College,Single,Unknown,Blue,13,3,3,3,21590.0,2517,19073.0,0.813,2567,70,0.795,0.117
715257708,Existing Customer,38,M,1,High School,Married,$60K - $80K,Blue,32,4,2,1,3657.0,1687,1970.0,1.357,2758,55,0.833,0.461
708331758,Existing Customer,47,F,2,Uneducated,Divorced,Unknown,Silver,35,3,1,4,32444.0,1843,30601.0,1.127,3725,60,0.622,0.057
709501683,Existing Customer,33,F,1,Graduate,Single,$40K - $60K,Blue,24,5,1,2,5830.0,1665,4165.0,0.684,2263,60,0.714,0.286
711692508,Attrited Customer,54,F,2,Post-Graduate,Married,Less than $40K,Blue,47,3,4,3,1438.3,0,1438.3,1.053,1154,22,0.375,0.0
715612983,Existing Customer,65,F,1,Graduate,Single,Unknown,Blue,55,5,2,4,6463.0,1660,4803.0,0.995,2336,49,1.722,0.257
709674333,Existing Customer,33,M,2,High School,Single,$60K - $80K,Blue,23,4,2,1,2400.0,0,2400.0,1.064,2677,70,0.892,0.0
805522758,Existing Customer,44,F,1,Doctorate,Divorced,Less than $40K,Blue,39,5,2,4,2311.0,1830,481.0,1.289,1701,33,1.357,0.792
781013958,Existing Customer,57,F,3,Unknown,Married,$40K - $60K,Blue,48,4,2,2,3585.0,1244,2341.0,0.507,1344,37,0.85,0.347
717495258,Existing Customer,34,M,3,Uneducated,Married,$80K - $120K,Blue,25,6,3,2,9131.0,916,8215.0,0.863,1893,36,0.565,0.1
795052083,Existing Customer,63,F,0,Uneducated,Single,$40K - $60K,Blue,56,3,6,4,1438.3,0,1438.3,0.864,3630,71,0.578,0.0
773389908,Existing Customer,37,F,3,High School,Single,Less than $40K,Blue,31,5,1,3,1438.3,0,1438.3,0.79,2075,66,0.692,0.0
719320833,Existing Customer,39,M,2,Post-Graduate,Married,$60K - $80K,Blue,36,6,3,2,5471.0,2056,3415.0,0.465,1992,46,0.704,0.376
816843933,Existing Customer,39,M,2,High School,Married,$80K - $120K,Blue,34,6,3,3,8823.0,1541,7282.0,1.06,1961,32,1.0,0.175
789196158,Existing Customer,55,M,1,Graduate,Married,$60K - $80K,Blue,44,6,2,4,2173.0,1520,653.0,0.652,1485,26,0.529,0.699
717930483,Attrited Customer,37,M,2,Graduate,Single,$120K +,Blue,25,3,3,0,5616.0,0,5616.0,0.995,1564,31,0.476,0.0
773442258,Existing Customer,57,M,1,Doctorate,Married,$80K - $120K,Blue,51,5,2,2,8571.0,1616,6955.0,0.6,1397,28,0.647,0.189
719872833,Existing Customer,45,F,2,Graduate,Divorced,Less than $40K,Blue,36,6,6,3,2803.0,0,2803.0,0.565,3347,71,0.732,0.0
721491258,Existing Customer,53,M,4,Graduate,Married,$80K - $120K,Blue,36,3,2,2,3924.0,2517,1407.0,0.511,1417,30,0.667,0.641
770575233,Existing Customer,37,M,2,Graduate,Single,$60K - $80K,Blue,23,6,1,2,5663.0,1149,4514.0,0.767,2553,61,0.794,0.203
715800708,Existing Customer,60,F,0,Uneducated,Married,Less than $40K,Blue,49,3,1,2,3955.0,2000,1955.0,0.425,1560,43,0.483,0.506
719996958,Existing Customer,29,F,0,Uneducated,Single,Less than $40K,Blue,23,5,3,4,7997.0,0,7997.0,0.935,2208,56,0.806,0.0
719889408,Existing Customer,56,F,4,Uneducated,Married,Less than $40K,Blue,36,4,1,5,3652.0,1351,2301.0,0.836,1561,39,0.625,0.37
708811233,Existing Customer,37,M,2,Graduate,Married,$80K - $120K,Blue,27,4,2,1,12702.0,2008,10694.0,0.51,1992,40,0.667,0.158
794627208,Existing Customer,43,M,1,High School,Married,$60K - $80K,Blue,23,4,3,2,7189.0,1550,5639.0,0.538,1935,52,0.368,0.216
719020983,Existing Customer,58,M,1,Graduate,Married,$80K - $120K,Blue,42,4,3,1,12421.0,2517,9904.0,0.73,1913,49,0.69,0.203
719131533,Existing Customer,29,F,0,Post-Graduate,Divorced,Less than $40K,Blue,17,3,2,4,2585.0,2008,577.0,1.266,3519,73,0.622,0.777
710449983,Existing Customer,38,M,2,High School,Married,$120K +,Blue,29,4,1,2,2818.0,1656,1162.0,1.404,2916,45,0.957,0.588
715651833,Attrited Customer,65,M,1,Unknown,Single,Less than $40K,Blue,36,3,4,4,2351.0,0,2351.0,0.881,1593,35,0.591,0.0
720714933,Existing Customer,62,F,1,Graduate,Married,Less than $40K,Blue,49,4,2,2,3143.0,2517,626.0,0.625,1323,25,0.923,0.801
789170283,Existing Customer,53,M,1,Graduate,Unknown,$80K - $120K,Blue,42,5,5,4,6514.0,978,5536.0,0.843,3084,63,0.658,0.15
810201783,Existing Customer,26,F,0,Graduate,Single,$40K - $60K,Blue,17,5,3,3,3119.0,1328,1791.0,0.722,2740,62,0.512,0.426
715517733,Attrited Customer,46,F,3,High School,Single,Less than $40K,Silver,39,1,0,4,13092.0,1962,11130.0,0.686,936,25,0.25,0.15
709042908,Existing Customer,51,F,1,College,Married,$40K - $60K,Blue,44,4,2,1,1438.3,0,1438.3,0.803,2207,68,0.511,0.0
715023333,Existing Customer,39,M,2,Uneducated,Married,Less than $40K,Blue,34,4,2,4,3702.0,1118,2584.0,1.04,2585,64,0.778,0.302
720801033,Existing Customer,51,F,1,High School,Married,Unknown,Blue,36,3,2,3,9095.0,2517,6578.0,0.37,1347,27,0.421,0.277
714345783,Existing Customer,59,M,2,High School,Married,$40K - $60K,Blue,50,6,3,2,2701.0,1572,1129.0,0.475,1469,36,0.5,0.582
779209083,Existing Customer,56,M,3,Unknown,Married,$40K - $60K,Blue,45,6,2,4,1813.0,1387,426.0,0.406,1468,32,0.231,0.765
713972658,Existing Customer,56,F,2,Graduate,Married,Unknown,Blue,36,3,3,2,5335.0,996,4339.0,0.469,1454,43,0.433,0.187
710782458,Existing Customer,31,M,1,Graduate,Married,$40K - $60K,Blue,20,6,2,5,2469.0,1695,774.0,0.842,1615,36,0.333,0.687
711142308,Existing Customer,37,M,0,High School,Divorced,$40K - $60K,Blue,36,3,1,5,3091.0,0,3091.0,0.665,2572,65,0.548,0.0
824789283,Existing Customer,36,M,2,High School,Single,$40K - $60K,Blue,32,3,5,2,2683.0,1533,1150.0,0.821,2373,73,0.659,0.571
715187733,Existing Customer,26,F,1,Unknown,Single,Unknown,Blue,15,3,4,3,5464.0,0,5464.0,0.7,2473,46,0.484,0.0
721014858,Existing Customer,61,F,0,Graduate,Married,Less than $40K,Blue,53,4,1,2,2942.0,2022,920.0,0.537,1479,28,0.217,0.687
710363433,Existing Customer,26,M,0,High School,Single,Less than $40K,Blue,36,6,3,3,2735.0,1348,1387.0,0.805,2441,58,0.45,0.493
715479483,Existing Customer,35,M,2,College,Married,$80K - $120K,Blue,36,5,2,4,15279.0,1496,13783.0,0.997,2079,57,0.425,0.098
708243483,Existing Customer,53,M,3,College,Married,$120K +,Blue,43,4,2,5,14938.0,1155,13783.0,0.995,2248,51,0.645,0.077
714770808,Existing Customer,59,M,2,High School,Married,Less than $40K,Blue,42,3,3,5,4328.0,670,3658.0,0.396,1580,54,0.543,0.155
720626058,Existing Customer,37,M,1,Graduate,Single,$80K - $120K,Blue,24,4,4,4,34516.0,934,33582.0,0.681,1768,52,0.576,0.027
709185108,Existing Customer,38,M,3,High School,Married,$60K - $80K,Blue,26,5,4,2,5824.0,1542,4282.0,0.827,1801,44,0.571,0.265
719596908,Existing Customer,56,F,5,Doctorate,Married,Unknown,Blue,48,4,2,2,11281.0,2118,9163.0,0.534,1255,30,0.304,0.188
719273733,Existing Customer,37,M,2,Uneducated,Married,$60K - $80K,Blue,36,5,3,5,7959.0,998,6961.0,0.773,1855,29,0.318,0.125
717348258,Existing Customer,33,M,1,Graduate,Married,$120K +,Blue,21,4,1,3,4459.0,1899,2560.0,1.349,2502,48,1.0,0.426
770882508,Existing Customer,38,M,2,College,Married,$80K - $120K,Blue,24,4,1,5,17162.0,773,16389.0,1.238,2457,54,1.0,0.045
799026633,Existing Customer,56,M,1,Uneducated,Married,$120K +,Blue,50,4,3,5,16254.0,1518,14736.0,1.256,2502,55,0.571,0.093
718777008,Existing Customer,59,M,0,High School,Married,$80K - $120K,Blue,47,5,1,2,3278.0,1306,1972.0,0.399,1374,32,0.391,0.398
713352183,Existing Customer,30,M,1,Post-Graduate,Married,Less than $40K,Blue,17,5,1,2,7173.0,1227,5946.0,0.646,1793,33,0.737,0.171
716128083,Existing Customer,56,M,2,High School,Married,$40K - $60K,Blue,36,5,2,3,3295.0,2002,1293.0,0.599,1191,34,0.545,0.608
721288158,Existing Customer,33,M,2,Unknown,Single,$120K +,Blue,15,4,2,2,25033.0,2300,22733.0,0.716,2529,71,0.578,0.092
757881258,Existing Customer,31,M,0,Graduate,Divorced,$60K - $80K,Blue,24,6,2,2,4232.0,2092,2140.0,0.604,2565,69,0.865,0.494
715843533,Existing Customer,26,M,1,College,Single,$40K - $60K,Blue,36,3,4,3,2703.0,1256,1447.0,0.949,2111,29,0.706,0.465
717234183,Existing Customer,29,M,1,Graduate,Married,Less than $40K,Blue,18,4,1,4,2710.0,629,2081.0,0.771,1718,37,0.762,0.232
717260058,Existing Customer,53,F,2,Uneducated,Married,Less than $40K,Blue,42,6,1,5,2322.0,1284,1038.0,0.673,1573,27,0.929,0.553
709710783,Existing Customer,35,F,0,High School,Single,Less than $40K,Blue,36,4,3,4,5931.0,0,5931.0,0.668,2730,71,0.614,0.0
787284858,Existing Customer,35,M,2,Uneducated,Unknown,$120K +,Blue,29,5,1,2,3300.0,1731,1569.0,0.689,1745,27,0.929,0.525
815845758,Existing Customer,56,F,4,High School,Married,Less than $40K,Blue,51,4,2,3,1438.3,0,1438.3,0.472,1354,24,0.714,0.0
720639783,Existing Customer,35,F,1,Uneducated,Single,Unknown,Silver,27,4,3,2,34516.0,0,34516.0,0.682,2562,62,0.722,0.0
713331408,Existing Customer,35,M,3,Uneducated,Married,$40K - $60K,Blue,36,6,2,5,8682.0,1647,7035.0,0.971,1792,36,0.8,0.19
778693458,Attrited Customer,32,M,1,High School,Divorced,$60K - $80K,Blue,13,3,3,3,12616.0,0,12616.0,1.054,1376,29,0.611,0.0
788610258,Existing Customer,49,M,4,College,Unknown,Less than $40K,Blue,43,5,2,4,9652.0,2517,7135.0,0.889,3762,73,0.587,0.261
711173883,Existing Customer,36,M,4,Graduate,Divorced,$120K +,Blue,29,3,2,2,1651.0,770,881.0,0.736,2516,54,0.385,0.466
717628608,Existing Customer,37,M,3,Unknown,Married,$60K - $80K,Blue,29,5,1,5,2576.0,1640,936.0,1.128,2568,34,0.889,0.637
789261558,Existing Customer,58,M,1,High School,Married,$60K - $80K,Blue,47,3,1,4,2212.0,1392,820.0,0.573,1387,34,0.7,0.629
770647233,Existing Customer,35,F,2,High School,Married,Less than $40K,Blue,21,5,6,3,2157.0,1188,969.0,0.847,2111,59,0.639,0.551
712826208,Existing Customer,39,F,2,Graduate,Married,$40K - $60K,Blue,26,5,1,2,2575.0,1424,1151.0,0.543,1487,33,0.737,0.553
718181433,Existing Customer,65,F,0,Uneducated,Single,Less than $40K,Blue,56,6,1,2,8705.0,1453,7252.0,1.11,2688,88,0.956,0.167
714460683,Existing Customer,65,M,0,High School,Married,Less than $40K,Blue,56,3,3,5,3838.0,1736,2102.0,0.445,1467,29,0.706,0.452
716460933,Existing Customer,51,M,2,Unknown,Married,$120K +,Blue,42,4,1,4,10306.0,1427,8879.0,0.709,1456,44,0.294,0.138
710787708,Existing Customer,56,F,1,Uneducated,Married,$40K - $60K,Blue,40,4,2,5,5366.0,1271,4095.0,0.558,1748,38,0.9,0.237
713800158,Existing Customer,58,M,0,High School,Married,$80K - $120K,Blue,36,6,3,2,2994.0,2351,643.0,0.469,1540,32,0.185,0.785
712551258,Attrited Customer,39,M,1,Uneducated,Married,Less than $40K,Blue,36,3,3,3,4247.0,0,4247.0,0.405,847,17,0.133,0.0
715379133,Existing Customer,51,F,1,College,Single,Less than $40K,Blue,36,4,4,2,1737.0,1145,592.0,0.809,1954,42,1.333,0.659
712091433,Existing Customer,58,M,4,Uneducated,Single,$40K - $60K,Silver,50,5,2,3,18431.0,902,17529.0,1.296,2950,61,0.848,0.049
771756333,Existing Customer,34,F,3,Graduate,Married,Less than $40K,Blue,23,5,3,3,2263.0,1794,469.0,0.794,2154,37,0.542,0.793
779895108,Existing Customer,39,M,3,Unknown,Single,$80K - $120K,Blue,23,6,1,4,2718.0,2156,562.0,0.668,1711,36,0.44,0.793
771976683,Existing Customer,54,F,1,College,Married,Unknown,Blue,43,3,3,2,5839.0,2130,3709.0,0.687,1640,44,0.333,0.365
716800908,Existing Customer,26,F,2,High School,Single,Unknown,Blue,13,5,0,3,5137.0,0,5137.0,0.699,2496,49,0.581,0.0
789413958,Existing Customer,53,M,1,Graduate,Single,$80K - $120K,Blue,43,4,2,3,11909.0,1018,10891.0,1.006,1938,53,0.656,0.085
711574008,Existing Customer,32,M,3,College,Single,$80K - $120K,Blue,21,4,3,5,21390.0,0,21390.0,0.946,2477,59,0.341,0.0
714138408,Existing Customer,49,M,3,High School,Married,$60K - $80K,Blue,39,4,1,4,9264.0,629,8635.0,0.659,4107,79,0.58,0.068
709334658,Existing Customer,39,F,2,Uneducated,Married,Less than $40K,Blue,26,4,2,5,5484.0,2517,2967.0,0.489,2025,51,0.378,0.459
709564683,Attrited Customer,32,M,2,Graduate,Married,$40K - $60K,Blue,22,3,3,5,4739.0,0,4739.0,0.363,886,21,0.4,0.0
772292358,Attrited Customer,30,M,1,College,Divorced,Less than $40K,Blue,19,4,3,3,7970.0,0,7970.0,0.776,1284,30,0.429,0.0
712933083,Existing Customer,37,M,1,Uneducated,Single,$80K - $120K,Blue,36,6,1,2,3127.0,2378,749.0,0.862,2292,49,0.441,0.76
710497608,Existing Customer,38,M,2,Uneducated,Single,$40K - $60K,Blue,36,5,1,2,7756.0,1670,6086.0,0.78,1858,51,0.545,0.215
721443408,Existing Customer,46,M,2,Uneducated,Single,$120K +,Blue,33,6,2,3,34516.0,676,33840.0,0.814,3508,58,0.871,0.02
709149408,Existing Customer,36,M,2,Uneducated,Married,$60K - $80K,Blue,36,5,3,4,5605.0,1322,4283.0,1.204,2338,41,0.952,0.236
708446808,Existing Customer,33,M,1,Post-Graduate,Married,$80K - $120K,Blue,36,4,3,2,2946.0,1359,1587.0,0.746,2017,48,0.455,0.461
824192658,Existing Customer,58,F,3,Post-Graduate,Single,Less than $40K,Blue,54,4,2,3,8886.0,0,8886.0,0.694,4148,79,0.756,0.0
711625683,Existing Customer,46,M,4,Doctorate,Married,$120K +,Blue,36,3,2,5,3104.0,862,2242.0,1.057,2781,74,0.682,0.278
717487983,Existing Customer,39,M,5,Unknown,Married,$80K - $120K,Blue,36,4,3,3,19435.0,2120,17315.0,0.625,2062,55,0.486,0.109
717301908,Existing Customer,54,F,2,Doctorate,Married,Less than $40K,Blue,46,3,3,3,3312.0,1624,1688.0,0.573,1973,55,0.667,0.49
718435158,Existing Customer,50,M,3,High School,Married,$120K +,Blue,40,5,1,4,34516.0,0,34516.0,0.986,1930,36,0.44,0.0
714797733,Existing Customer,41,M,3,College,Single,$60K - $80K,Blue,33,6,1,4,5246.0,0,5246.0,0.969,3189,56,0.556,0.0
719213133,Existing Customer,53,M,1,Graduate,Unknown,$60K - $80K,Blue,41,4,1,2,2432.0,1554,878.0,1.158,3670,60,0.818,0.639
798962058,Existing Customer,36,F,5,Graduate,Married,Less than $40K,Blue,30,3,3,3,3103.0,2399,704.0,0.581,1836,48,0.655,0.773
718970058,Existing Customer,38,M,3,Unknown,Married,$120K +,Blue,33,5,3,4,30746.0,1168,29578.0,0.653,1519,43,0.72,0.038
713021208,Attrited Customer,55,F,2,College,Single,Unknown,Silver,36,2,3,3,34516.0,0,34516.0,0.399,1353,40,0.212,0.0
810856833,Existing Customer,45,M,4,College,Unknown,$120K +,Blue,40,3,2,2,11962.0,1025,10937.0,0.694,1907,52,0.926,0.086
787868958,Existing Customer,36,M,2,High School,Single,$80K - $120K,Blue,27,5,3,3,14690.0,979,13711.0,0.811,2746,68,0.511,0.067
708161133,Existing Customer,45,M,1,Graduate,Single,$40K - $60K,Blue,32,5,1,2,6629.0,1389,5240.0,0.828,3891,69,0.643,0.21
708174708,Existing Customer,38,M,4,Graduate,Married,$40K - $60K,Blue,27,6,2,4,5535.0,1276,4259.0,0.636,1764,38,0.9,0.231
708735183,Existing Customer,35,F,2,High School,Married,Less than $40K,Blue,22,4,3,3,2544.0,1848,696.0,0.804,2289,49,0.441,0.726
708445608,Existing Customer,48,M,3,College,Married,Less than $40K,Blue,37,4,3,3,3305.0,2517,788.0,0.766,2027,57,1.036,0.762
778943883,Existing Customer,51,M,2,Uneducated,Single,$120K +,Blue,36,5,2,4,34516.0,888,33628.0,1.299,1959,42,0.909,0.026
788810658,Existing Customer,37,F,1,College,Single,Unknown,Blue,20,3,2,5,9466.0,0,9466.0,0.818,2503,70,0.489,0.0
789050883,Existing Customer,33,F,2,Doctorate,Single,Unknown,Blue,21,4,3,4,5297.0,0,5297.0,0.779,2655,62,0.55,0.0
714531108,Existing Customer,31,M,1,College,Married,$80K - $120K,Blue,36,4,3,3,4260.0,1775,2485.0,1.239,2109,52,0.625,0.417
711635358,Existing Customer,40,F,4,College,Single,Less than $40K,Blue,26,6,1,2,7291.0,2517,4774.0,0.83,2198,56,0.697,0.345
803648508,Existing Customer,43,M,4,High School,Unknown,$80K - $120K,Blue,37,4,2,3,13882.0,758,13124.0,0.5,1646,42,0.75,0.055
813200058,Existing Customer,63,M,0,Graduate,Married,$40K - $60K,Blue,56,4,2,5,6500.0,1786,4714.0,0.524,1497,27,0.35,0.275
805261983,Existing Customer,35,F,4,Unknown,Married,Less than $40K,Blue,30,6,3,4,1626.0,979,647.0,1.467,2847,61,0.968,0.602
715206408,Existing Customer,31,F,1,High School,Single,Less than $40K,Blue,22,5,1,5,6662.0,0,6662.0,0.934,3264,83,0.766,0.0
788684508,Existing Customer,36,M,4,Uneducated,Married,$80K - $120K,Blue,25,4,3,3,5846.0,1732,4114.0,0.611,2056,41,0.64,0.296
737933883,Existing Customer,34,M,1,High School,Married,$60K - $80K,Blue,27,3,1,2,8063.0,2149,5914.0,0.722,2042,49,0.69,0.267
768655158,Existing Customer,29,M,0,Unknown,Married,$60K - $80K,Blue,23,3,3,2,6224.0,1092,5132.0,0.919,2222,39,0.56,0.175
774437583,Existing Customer,55,M,1,Doctorate,Married,$60K - $80K,Blue,49,6,2,4,4597.0,2442,2155.0,0.512,1504,38,0.357,0.531
713104458,Attrited Customer,46,M,2,Graduate,Single,$40K - $60K,Blue,31,3,3,5,7869.0,0,7869.0,0.692,998,25,0.562,0.0
715462008,Existing Customer,45,M,2,College,Married,$60K - $80K,Blue,35,6,3,2,17884.0,2096,15788.0,0.477,2031,49,0.633,0.117
715366083,Attrited Customer,52,F,0,Doctorate,Single,Less than $40K,Blue,36,2,2,3,1438.3,978,460.3,0.773,947,33,0.571,0.68
712322058,Existing Customer,40,F,3,High School,Married,Less than $40K,Blue,32,5,1,3,2046.0,1694,352.0,0.853,3432,49,0.96,0.828
719737833,Existing Customer,46,F,4,Uneducated,Married,Less than $40K,Blue,36,4,2,2,6370.0,0,6370.0,0.855,1783,40,0.667,0.0
789530208,Existing Customer,54,F,2,Graduate,Married,Less than $40K,Blue,46,6,2,2,2737.0,2517,220.0,0.533,1619,37,0.48,0.92
717885183,Existing Customer,36,M,1,Graduate,Single,Less than $40K,Blue,25,6,1,2,2622.0,2489,133.0,0.84,2717,79,0.549,0.949
716244033,Attrited Customer,44,M,3,Graduate,Married,$40K - $60K,Blue,33,2,3,3,7266.0,906,6360.0,0.676,1741,27,0.421,0.125
711614658,Existing Customer,37,F,2,Uneducated,Single,Less than $40K,Blue,30,6,3,3,2258.0,1338,920.0,0.86,2511,55,0.774,0.593
804598908,Existing Customer,35,M,3,Graduate,Single,$80K - $120K,Blue,25,3,2,3,6510.0,2055,4455.0,1.042,2238,49,0.531,0.316
719161683,Existing Customer,64,F,0,Unknown,Married,Unknown,Blue,55,4,1,4,2508.0,1580,928.0,0.44,1607,44,0.419,0.63
719327808,Existing Customer,52,F,2,Uneducated,Married,Unknown,Blue,36,5,1,2,4006.0,2517,1489.0,0.557,1157,34,0.619,0.628
714038433,Existing Customer,37,F,5,High School,Single,$40K - $60K,Blue,19,4,1,2,3252.0,1987,1265.0,0.658,2953,72,0.714,0.611
710129283,Existing Customer,45,F,4,Uneducated,Married,Unknown,Blue,26,4,3,1,16317.0,0,16317.0,0.742,2944,71,0.972,0.0
709367433,Existing Customer,28,M,1,Unknown,Single,$40K - $60K,Blue,15,3,3,1,2109.0,1542,567.0,0.67,2261,56,0.6,0.731
719729433,Existing Customer,65,F,1,Graduate,Married,Less than $40K,Blue,56,4,2,0,7023.0,1726,5297.0,1.178,2535,51,0.759,0.246
717192933,Existing Customer,55,M,0,Graduate,Married,$120K +,Blue,42,3,2,1,8302.0,2517,5785.0,0.661,1576,34,0.789,0.303
711734508,Existing Customer,55,M,2,Graduate,Married,$80K - $120K,Blue,47,3,3,3,9959.0,1209,8750.0,0.548,1584,28,0.273,0.121
715153158,Existing Customer,41,M,4,Uneducated,Single,$40K - $60K,Blue,36,4,3,4,3636.0,1884,1752.0,0.924,4254,79,0.491,0.518
712149033,Existing Customer,57,F,2,High School,Married,Less than $40K,Blue,46,5,1,1,5184.0,1856,3328.0,0.553,1834,55,0.571,0.358
713901108,Existing Customer,37,M,2,High School,Single,$60K - $80K,Blue,29,6,1,4,14575.0,0,14575.0,1.251,3444,80,0.702,0.0
719415858,Existing Customer,29,M,0,College,Divorced,Unknown,Blue,15,6,3,2,3107.0,1720,1387.0,0.661,2460,71,0.69,0.554
719385558,Existing Customer,62,F,0,College,Married,$40K - $60K,Blue,49,6,1,2,1438.3,0,1438.3,0.757,1281,32,1.0,0.0
779528658,Existing Customer,42,M,4,College,Unknown,$60K - $80K,Blue,25,4,3,3,3092.0,1115,1977.0,0.802,2133,41,0.783,0.361
721508283,Existing Customer,47,F,1,Graduate,Married,Less than $40K,Blue,36,4,2,1,8322.0,0,8322.0,0.86,3700,62,1.0,0.0
757753083,Existing Customer,44,F,0,Graduate,Married,Less than $40K,Silver,36,5,3,2,10110.0,1229,8881.0,0.65,4063,74,0.48,0.122
797753283,Existing Customer,34,F,1,High School,Married,Less than $40K,Blue,28,4,3,4,2707.0,2036,671.0,0.827,1926,33,0.941,0.752
807523008,Existing Customer,37,M,1,Graduate,Single,Unknown,Blue,32,4,1,3,4397.0,2007,2390.0,0.892,2473,47,1.136,0.456
711416958,Existing Customer,33,F,2,Graduate,Single,Unknown,Blue,21,3,3,2,5795.0,0,5795.0,0.746,2322,65,0.585,0.0
780865308,Existing Customer,40,M,4,Uneducated,Married,$80K - $120K,Blue,23,6,3,2,9760.0,1657,8103.0,1.134,4542,86,0.87,0.17
708423933,Existing Customer,51,M,2,Doctorate,Single,$40K - $60K,Blue,40,3,2,0,6103.0,0,6103.0,0.532,3203,64,0.829,0.0
714321408,Existing Customer,65,M,1,High School,Married,$40K - $60K,Blue,56,6,2,2,2246.0,1326,920.0,0.543,1429,32,0.455,0.59
771852483,Existing Customer,46,M,3,Graduate,Single,$80K - $120K,Blue,35,6,3,4,4930.0,0,4930.0,1.019,3343,77,0.638,0.0
708185208,Existing Customer,27,M,0,Graduate,Single,$40K - $60K,Blue,16,4,1,2,3178.0,1118,2060.0,0.643,2010,31,0.55,0.352
714920208,Existing Customer,37,F,1,High School,Unknown,Less than $40K,Blue,30,3,5,0,3003.0,1810,1193.0,0.719,3148,68,0.789,0.603
789952158,Existing Customer,34,F,1,Doctorate,Married,Unknown,Blue,25,4,3,3,2318.0,2069,249.0,1.399,2689,57,0.781,0.893
713237958,Existing Customer,34,M,0,Graduate,Married,$40K - $60K,Blue,17,4,1,4,2638.0,2092,546.0,0.591,1868,43,0.344,0.793
715956258,Existing Customer,35,F,1,Uneducated,Married,Less than $40K,Blue,36,3,2,4,2004.0,0,2004.0,0.681,1974,60,0.364,0.0
769196433,Existing Customer,55,F,2,Post-Graduate,Married,Less than $40K,Blue,49,4,1,1,2414.0,2276,138.0,0.567,2000,62,0.59,0.943
778942233,Existing Customer,60,F,0,Doctorate,Married,Less than $40K,Blue,45,5,2,4,1438.3,648,790.3,0.477,1267,27,1.077,0.451
708651933,Existing Customer,56,M,2,Graduate,Married,$60K - $80K,Blue,44,3,1,2,2043.0,1928,115.0,0.791,2311,57,0.839,0.944
720467583,Existing Customer,52,M,2,High School,Single,$80K - $120K,Blue,46,3,3,2,34516.0,2517,31999.0,0.685,3072,67,0.675,0.073
716549058,Existing Customer,45,F,4,Uneducated,Married,$40K - $60K,Blue,36,3,1,3,3111.0,2290,821.0,1.612,1998,41,0.464,0.736
713533983,Existing Customer,56,M,1,Graduate,Married,$120K +,Blue,48,6,3,4,2585.0,1207,1378.0,0.44,1590,33,0.32,0.467
787463508,Attrited Customer,26,M,0,Graduate,Single,Less than $40K,Blue,13,5,2,4,2469.0,2410,59.0,0.544,1027,20,0.176,0.976
710256708,Existing Customer,30,M,1,Unknown,Single,Less than $40K,Blue,19,5,2,0,8744.0,1712,7032.0,0.895,2579,68,0.659,0.196
708980283,Existing Customer,34,M,3,High School,Married,$80K - $120K,Blue,23,5,1,4,4185.0,2517,1668.0,0.861,2179,55,0.774,0.601
719484408,Existing Customer,39,M,3,Uneducated,Married,$60K - $80K,Blue,36,6,2,4,4759.0,1459,3300.0,1.24,2903,57,0.9,0.307
710023233,Existing Customer,36,M,3,Graduate,Single,$120K +,Blue,36,6,2,4,24457.0,1300,23157.0,0.914,2739,65,0.912,0.053
789101883,Existing Customer,32,M,3,Unknown,Single,$120K +,Blue,20,6,2,2,14244.0,1673,12571.0,0.699,2729,66,0.535,0.117
778381608,Attrited Customer,48,M,4,Doctorate,Single,$80K - $120K,Blue,28,3,3,4,6572.0,417,6155.0,0.584,1766,46,0.533,0.063
787492908,Existing Customer,50,F,2,Uneducated,Married,Unknown,Blue,34,5,3,2,23381.0,905,22476.0,0.645,4357,73,0.521,0.039
709932558,Existing Customer,39,F,2,Uneducated,Married,Less than $40K,Blue,26,5,3,2,3471.0,2517,954.0,0.743,1771,34,0.889,0.725
780219483,Existing Customer,61,F,0,Graduate,Married,Less than $40K,Blue,51,4,2,1,2250.0,1041,1209.0,0.678,1339,28,0.867,0.463
708590658,Existing Customer,65,F,1,Unknown,Married,Unknown,Blue,53,5,3,2,15965.0,2312,13653.0,0.59,1619,40,0.538,0.145
715143333,Existing Customer,45,F,1,High School,Divorced,Less than $40K,Blue,36,6,2,2,9433.0,1578,7855.0,0.66,3910,81,0.653,0.167
801048483,Existing Customer,34,M,3,Uneducated,Divorced,$120K +,Blue,28,4,3,3,9180.0,1814,7366.0,0.628,2646,49,0.633,0.198
711913833,Existing Customer,37,M,3,Graduate,Married,$40K - $60K,Blue,36,4,2,4,8818.0,1437,7381.0,0.649,1865,31,0.938,0.163
715413483,Existing Customer,44,F,3,Graduate,Single,Less than $40K,Blue,36,5,1,3,4066.0,1028,3038.0,0.972,3888,77,0.604,0.253
715750758,Existing Customer,56,M,1,Uneducated,Married,$80K - $120K,Blue,36,6,1,1,9031.0,1535,7496.0,0.69,1602,35,0.591,0.17
714062958,Existing Customer,36,M,4,Unknown,Single,$40K - $60K,Blue,36,6,1,2,9887.0,994,8893.0,0.488,2552,64,0.455,0.101
710458758,Existing Customer,65,F,0,Graduate,Married,Less than $40K,Blue,53,5,3,5,4161.0,2491,1670.0,0.41,1203,30,0.579,0.599
719494983,Existing Customer,26,M,0,Graduate,Single,Less than $40K,Blue,15,6,3,3,2740.0,2069,671.0,0.418,1997,44,0.419,0.755
710586483,Attrited Customer,26,F,0,High School,Single,Unknown,Blue,13,1,2,4,6152.0,0,6152.0,0.391,968,23,0.533,0.0
772637058,Existing Customer,34,M,3,Uneducated,Married,$60K - $80K,Blue,24,3,1,4,8167.0,1740,6427.0,1.455,2141,51,0.7,0.213
718229133,Existing Customer,51,M,2,College,Married,$120K +,Blue,41,6,2,4,23742.0,0,23742.0,0.769,3783,57,0.676,0.0
718423533,Existing Customer,57,M,3,College,Unknown,$60K - $80K,Blue,50,6,3,4,16791.0,1181,15610.0,0.55,2983,74,0.682,0.07
781089708,Existing Customer,30,M,0,Graduate,Divorced,$80K - $120K,Blue,23,6,1,2,26783.0,1285,25498.0,0.59,2495,46,0.769,0.048
773082033,Existing Customer,35,M,1,Post-Graduate,Married,$80K - $120K,Blue,27,3,3,4,25516.0,1363,24153.0,1.172,2317,38,0.727,0.053
815288583,Existing Customer,32,M,0,Graduate,Married,$40K - $60K,Blue,27,3,3,2,4815.0,1591,3224.0,1.409,2501,36,0.714,0.33
720431433,Existing Customer,62,M,1,Graduate,Married,Unknown,Blue,36,5,2,2,3198.0,2308,890.0,0.724,1402,35,0.842,0.722
709164408,Attrited Customer,32,M,1,Uneducated,Married,Less than $40K,Blue,23,1,3,3,2218.0,1696,522.0,0.367,730,20,0.429,0.765
710567508,Existing Customer,53,M,3,High School,Married,$80K - $120K,Blue,44,4,2,3,23462.0,2202,21260.0,0.571,1387,33,0.65,0.094
719427333,Existing Customer,55,M,3,College,Married,$60K - $80K,Blue,36,5,4,4,2252.0,1737,515.0,0.685,1291,27,0.5,0.771
714765408,Existing Customer,26,F,1,Unknown,Single,Less than $40K,Blue,36,4,3,3,2557.0,1990,567.0,0.575,2266,57,0.357,0.778
709785783,Attrited Customer,35,F,0,Graduate,Single,Less than $40K,Blue,25,5,3,4,2300.0,0,2300.0,0.877,1485,34,0.478,0.0
809290308,Existing Customer,31,F,0,Graduate,Married,Less than $40K,Blue,26,3,1,1,3540.0,1173,2367.0,1.106,1912,45,0.667,0.331
779598183,Existing Customer,53,M,3,Unknown,Single,$60K - $80K,Blue,42,6,1,2,22938.0,1700,21238.0,0.636,3428,54,0.5,0.074
779783508,Existing Customer,45,M,2,Graduate,Married,$40K - $60K,Blue,34,5,1,3,13129.0,901,12228.0,0.825,2564,56,0.474,0.069
719568333,Existing Customer,39,M,3,Unknown,Single,$80K - $120K,Silver,36,5,3,2,34516.0,1900,32616.0,1.002,1668,36,0.714,0.055
719207733,Existing Customer,61,F,0,High School,Married,Less than $40K,Blue,53,5,2,0,3396.0,802,2594.0,0.548,1418,36,0.5,0.236
715533108,Existing Customer,31,F,0,Uneducated,Single,Less than $40K,Blue,20,4,3,4,4712.0,955,3757.0,0.855,2568,62,0.59,0.203
714816258,Existing Customer,37,M,2,Graduate,Single,$60K - $80K,Blue,36,4,2,2,7638.0,947,6691.0,0.682,2336,58,0.611,0.124
787573683,Existing Customer,41,M,3,Post-Graduate,Married,$60K - $80K,Blue,34,4,2,2,2624.0,1319,1305.0,0.768,4189,74,0.609,0.503
804310758,Existing Customer,58,M,3,Graduate,Married,$120K +,Blue,52,5,2,5,17934.0,1578,16356.0,0.593,2005,48,0.778,0.088
792912708,Existing Customer,45,M,5,Graduate,Married,$40K - $60K,Silver,39,3,1,5,15198.0,2098,13100.0,0.8,3183,64,0.73,0.138
719078283,Existing Customer,57,F,4,High School,Married,Less than $40K,Blue,47,5,3,4,3191.0,2517,674.0,0.719,1501,35,0.591,0.789
708620283,Existing Customer,35,M,1,Unknown,Single,$60K - $80K,Blue,25,6,3,2,6053.0,2001,4052.0,0.743,2208,59,0.595,0.331
770985633,Existing Customer,39,M,2,Unknown,Married,$40K - $60K,Blue,26,6,1,2,5510.0,2027,3483.0,0.898,1980,42,0.68,0.368
780094008,Existing Customer,55,M,3,Doctorate,Married,$120K +,Blue,40,4,3,1,12875.0,1119,11756.0,0.401,1624,40,0.429,0.087
716420358,Existing Customer,41,F,2,High School,Married,$40K - $60K,Blue,36,5,2,4,2602.0,1490,1112.0,0.66,3151,78,0.66,0.573
825756333,Existing Customer,55,F,0,Uneducated,Married,Less than $40K,Blue,51,4,3,1,2041.0,1885,156.0,0.587,2118,48,0.778,0.924
755273658,Existing Customer,52,F,2,Graduate,Married,Less than $40K,Blue,45,3,3,3,2548.0,1683,865.0,0.75,2055,54,0.636,0.661
709096908,Existing Customer,57,M,2,Graduate,Married,$120K +,Blue,49,6,3,1,4698.0,984,3714.0,0.373,1865,35,0.458,0.209
714840858,Existing Customer,40,F,3,High School,Unknown,Less than $40K,Blue,31,5,2,4,2222.0,1551,671.0,0.932,3302,65,0.585,0.698
721205508,Existing Customer,47,M,4,High School,Married,$80K - $120K,Blue,36,3,3,4,8217.0,0,8217.0,0.678,1848,56,0.514,0.0
786493908,Existing Customer,42,F,4,Uneducated,Single,Less than $40K,Silver,36,4,3,3,10091.0,0,10091.0,1.121,3347,64,0.778,0.0
803963808,Existing Customer,39,M,3,Graduate,Single,$80K - $120K,Blue,34,4,3,5,19074.0,0,19074.0,0.804,3762,74,1.0,0.0
806170158,Existing Customer,39,M,4,Graduate,Single,$60K - $80K,Gold,34,3,3,2,34516.0,542,33974.0,0.866,3899,78,0.857,0.016
751469808,Existing Customer,36,M,3,Graduate,Married,$120K +,Blue,29,5,2,4,12852.0,1945,10907.0,0.659,1606,33,0.941,0.151
721055058,Existing Customer,36,M,2,Uneducated,Married,$60K - $80K,Blue,21,4,1,5,12763.0,2517,10246.0,1.631,2599,46,0.917,0.197
709794333,Existing Customer,29,M,0,Graduate,Married,Less than $40K,Blue,19,6,2,4,2827.0,1430,1397.0,0.885,1608,30,1.308,0.506
718361583,Existing Customer,56,F,2,Uneducated,Married,Unknown,Blue,36,3,3,5,8242.0,0,8242.0,0.434,1559,44,0.467,0.0
714327183,Existing Customer,37,F,4,Graduate,Married,Less than $40K,Blue,28,4,3,1,1825.0,1389,436.0,1.595,2878,54,0.636,0.761
808909008,Existing Customer,61,M,0,Post-Graduate,Married,Less than $40K,Blue,56,6,3,4,1438.3,0,1438.3,0.589,1448,31,0.292,0.0
716207508,Existing Customer,36,M,3,High School,Married,$60K - $80K,Blue,36,5,2,4,5497.0,1517,3980.0,0.624,1981,38,0.357,0.276
768965208,Existing Customer,51,F,1,Graduate,Married,$40K - $60K,Blue,45,5,2,2,6778.0,865,5913.0,0.992,3158,71,0.775,0.128
720185058,Attrited Customer,46,M,3,Graduate,Married,$60K - $80K,Blue,36,2,3,4,4267.0,0,4267.0,0.862,1067,23,0.769,0.0
715220508,Existing Customer,31,F,0,High School,Married,Less than $40K,Blue,22,4,2,1,3273.0,2517,756.0,1.465,2726,57,0.727,0.769
712112733,Existing Customer,33,M,2,Doctorate,Single,$40K - $60K,Blue,25,5,2,2,9371.0,1541,7830.0,0.781,2518,67,0.971,0.164
712298883,Existing Customer,50,F,3,High School,Single,Less than $40K,Blue,38,3,3,1,1438.3,663,775.3,0.384,2987,73,0.622,0.461
717813558,Attrited Customer,57,F,3,High School,Single,Unknown,Blue,36,1,4,2,8389.0,1960,6429.0,0.384,1334,38,0.407,0.234
716823408,Existing Customer,65,M,0,Doctorate,Single,Unknown,Blue,56,3,2,2,28410.0,1608,26802.0,0.913,2278,77,1.139,0.057
719089383,Existing Customer,48,M,2,High School,Married,$40K - $60K,Blue,29,3,2,1,6168.0,2371,3797.0,0.668,4303,80,0.509,0.384
710039208,Existing Customer,57,F,3,Unknown,Single,Unknown,Blue,40,3,3,1,2111.0,966,1145.0,0.923,3871,87,0.706,0.458
780237033,Existing Customer,63,F,1,Unknown,Married,$40K - $60K,Blue,49,3,1,3,3141.0,1819,1322.0,0.497,1539,35,0.522,0.579
720986958,Existing Customer,50,F,2,Graduate,Divorced,$40K - $60K,Blue,40,6,2,5,8307.0,2517,5790.0,1.743,2293,36,0.8,0.303
709473708,Existing Customer,39,M,3,Graduate,Married,$80K - $120K,Blue,31,4,2,3,30753.0,1661,29092.0,0.681,1780,33,0.941,0.054
708593883,Existing Customer,39,M,2,College,Married,$60K - $80K,Blue,26,3,1,4,2731.0,1573,1158.0,0.943,1813,38,0.727,0.576
710241858,Existing Customer,39,F,4,Unknown,Married,Less than $40K,Blue,31,6,1,4,2890.0,0,2890.0,0.545,2040,36,0.44,0.0
715392558,Existing Customer,52,M,1,Unknown,Single,$120K +,Blue,44,6,1,2,34516.0,0,34516.0,1.03,2848,56,0.75,0.0
717399183,Existing Customer,37,M,1,Graduate,Married,$80K - $120K,Blue,26,6,3,1,8058.0,1176,6882.0,1.164,2774,52,0.625,0.146
817925058,Existing Customer,50,F,2,Uneducated,Married,Unknown,Blue,45,6,1,4,5660.0,2401,3259.0,0.779,1932,35,0.346,0.424
716029158,Existing Customer,59,M,0,Unknown,Married,$60K - $80K,Blue,36,6,4,5,4230.0,1366,2864.0,0.63,1480,35,0.458,0.323
715043508,Existing Customer,38,M,2,Graduate,Unknown,$40K - $60K,Blue,36,4,3,4,9515.0,0,9515.0,0.79,4642,61,0.605,0.0
716610558,Existing Customer,65,F,0,High School,Single,$40K - $60K,Blue,36,3,3,3,10962.0,1559,9403.0,0.708,2724,71,0.651,0.142
716768808,Existing Customer,57,M,1,Unknown,Married,$120K +,Blue,36,6,2,4,23848.0,1967,21881.0,0.462,1591,43,0.72,0.082
795810633,Existing Customer,65,M,0,Uneducated,Married,Unknown,Blue,56,3,3,2,10144.0,1295,8849.0,0.758,1234,24,1.182,0.128
779925033,Existing Customer,38,F,4,Graduate,Married,$40K - $60K,Blue,22,4,3,4,2997.0,1969,1028.0,1.235,2807,60,0.714,0.657
790225758,Existing Customer,41,M,2,College,Single,$80K - $120K,Blue,35,6,3,3,2647.0,620,2027.0,0.664,2262,47,0.424,0.234
713879283,Existing Customer,55,F,2,Graduate,Married,Less than $40K,Blue,47,3,1,2,4580.0,1300,3280.0,0.519,1694,34,0.7,0.284
715968858,Existing Customer,28,M,0,Post-Graduate,Married,Unknown,Blue,13,4,1,2,2608.0,1630,978.0,0.521,1822,33,0.32,0.625
767687208,Existing Customer,31,M,2,Unknown,Single,$80K - $120K,Blue,24,6,3,3,34516.0,1180,33336.0,0.801,2329,69,0.605,0.034
778728783,Existing Customer,39,F,2,Unknown,Married,Less than $40K,Blue,19,5,3,1,3156.0,2095,1061.0,1.281,2739,56,0.75,0.664
713637783,Existing Customer,44,F,3,Graduate,Married,Unknown,Blue,31,5,2,0,24936.0,2053,22883.0,0.716,1810,38,0.727,0.082
718162908,Existing Customer,55,M,3,College,Married,$80K - $120K,Blue,42,3,2,1,26101.0,614,25487.0,0.397,1472,48,0.412,0.024
708664008,Existing Customer,57,M,3,College,Married,$80K - $120K,Blue,45,6,3,4,14270.0,0,14270.0,0.398,1222,37,0.423,0.0
711929058,Existing Customer,28,M,0,High School,Married,Unknown,Blue,21,5,3,5,25618.0,1209,24409.0,1.228,2157,49,1.882,0.047
770781558,Existing Customer,35,F,2,Graduate,Married,Less than $40K,Blue,21,5,1,2,3230.0,2517,713.0,0.677,1914,31,0.348,0.779
790048158,Existing Customer,46,F,4,College,Married,Less than $40K,Blue,38,3,3,3,8881.0,1865,7016.0,1.279,2632,54,1.077,0.21
721258158,Existing Customer,65,F,1,Uneducated,Single,Unknown,Blue,51,3,3,5,11037.0,1491,9546.0,0.651,2429,63,0.75,0.135
786480183,Existing Customer,50,F,2,Uneducated,Married,Unknown,Blue,44,6,2,5,16763.0,0,16763.0,0.88,3626,69,0.683,0.0
721378008,Existing Customer,31,M,0,Uneducated,Divorced,$40K - $60K,Blue,21,6,2,2,2621.0,1461,1160.0,0.775,2718,71,0.775,0.557
786566733,Existing Customer,49,M,2,Unknown,Single,$80K - $120K,Blue,43,3,3,5,4939.0,1190,3749.0,0.557,3764,64,0.524,0.241
794551383,Existing Customer,50,F,3,College,Single,Less than $40K,Blue,32,5,3,4,4419.0,1218,3201.0,0.879,4535,75,0.562,0.276
820981383,Existing Customer,44,F,4,High School,Divorced,Less than $40K,Blue,39,5,1,4,9235.0,1796,7439.0,0.958,1739,42,0.448,0.194
713366583,Existing Customer,63,F,1,High School,Married,Less than $40K,Blue,56,6,1,3,3055.0,1685,1370.0,0.541,1405,40,0.481,0.552
767311008,Existing Customer,41,M,1,Graduate,Divorced,$80K - $120K,Blue,35,6,2,3,19412.0,770,18642.0,0.755,1576,41,0.952,0.04
716624133,Existing Customer,56,M,1,Unknown,Married,$80K - $120K,Blue,36,6,1,3,12786.0,1880,10906.0,0.702,1205,19,0.462,0.147
712727283,Existing Customer,55,M,1,Graduate,Married,$60K - $80K,Blue,36,4,2,3,4666.0,1275,3391.0,0.397,1281,28,0.75,0.273
716059608,Existing Customer,48,F,4,College,Single,Less than $40K,Blue,38,4,3,3,4894.0,1505,3389.0,0.78,3277,67,0.558,0.308
708292833,Existing Customer,35,M,2,High School,Single,$120K +,Blue,36,4,2,3,27389.0,1250,26139.0,0.641,2754,60,0.463,0.046
720013083,Existing Customer,30,F,0,Post-Graduate,Single,Less than $40K,Blue,18,6,3,2,2132.0,797,1335.0,0.779,3265,74,0.574,0.374
710540883,Existing Customer,37,M,3,High School,Single,$80K - $120K,Blue,24,5,3,2,6590.0,0,6590.0,0.714,2449,67,0.634,0.0
709212183,Existing Customer,53,F,2,Graduate,Married,Less than $40K,Blue,36,6,1,3,3176.0,1470,1706.0,0.388,1634,53,0.472,0.463
713424108,Existing Customer,37,M,1,Graduate,Single,$60K - $80K,Blue,27,4,1,3,4288.0,2349,1939.0,0.718,2591,57,0.541,0.548
718476033,Existing Customer,65,F,0,Uneducated,Single,Unknown,Blue,56,5,3,5,20130.0,2355,17775.0,0.716,2444,49,0.633,0.117
815001108,Existing Customer,48,M,2,Doctorate,Single,Less than $40K,Blue,43,3,3,2,5945.0,1685,4260.0,0.9,3598,67,0.718,0.283
709802208,Existing Customer,37,M,1,Graduate,Married,$40K - $60K,Blue,17,3,1,4,3350.0,0,3350.0,1.316,2849,61,0.694,0.0
713445183,Existing Customer,35,M,1,High School,Married,$60K - $80K,Blue,26,4,3,2,4008.0,1841,2167.0,1.504,2794,58,1.148,0.459
717310458,Existing Customer,35,F,3,Graduate,Single,Less than $40K,Blue,27,3,3,2,5780.0,938,4842.0,0.988,2960,65,0.757,0.162
789158433,Existing Customer,49,F,2,High School,Unknown,$40K - $60K,Blue,38,4,1,2,2497.0,1674,823.0,0.701,2922,53,0.963,0.67
788761608,Existing Customer,26,F,0,High School,Single,Unknown,Blue,13,3,3,4,10286.0,2286,8000.0,0.671,2564,57,0.462,0.222
709916058,Existing Customer,58,M,1,Unknown,Married,$60K - $80K,Blue,36,3,1,3,2347.0,2163,184.0,0.615,1631,40,0.29,0.922
789804933,Existing Customer,29,F,2,Uneducated,Single,Unknown,Blue,18,4,1,2,23125.0,1236,21889.0,0.995,2536,69,0.865,0.053
780070833,Existing Customer,58,F,2,Unknown,Married,Less than $40K,Blue,43,6,2,2,3034.0,2517,517.0,0.63,1617,29,1.417,0.83
772776033,Existing Customer,33,M,2,College,Single,$80K - $120K,Blue,23,3,4,3,7081.0,1874,5207.0,0.699,2249,47,1.35,0.265
719804208,Existing Customer,36,M,2,Graduate,Married,$40K - $60K,Blue,28,5,1,3,6824.0,1873,4951.0,0.563,1933,48,0.655,0.274
715077483,Existing Customer,47,F,3,Doctorate,Married,Less than $40K,Blue,36,4,3,4,1438.3,772,666.3,1.451,2250,40,0.905,0.537
717000858,Existing Customer,41,M,2,Graduate,Married,Less than $40K,Blue,29,3,2,2,2683.0,1738,945.0,0.745,2274,52,0.733,0.648
792402483,Existing Customer,46,M,4,Graduate,Single,$60K - $80K,Blue,40,5,2,1,12280.0,985,11295.0,0.841,4263,70,1.0,0.08
712973733,Existing Customer,58,M,4,Graduate,Married,$60K - $80K,Blue,36,3,2,2,14607.0,1480,13127.0,0.346,1393,38,0.462,0.101
813213558,Existing Customer,53,F,1,Doctorate,Single,Less than $40K,Blue,48,4,3,3,2267.0,1469,798.0,0.716,3709,64,0.684,0.648
718215033,Existing Customer,54,F,3,Unknown,Married,Less than $40K,Blue,36,6,2,4,2556.0,2260,296.0,0.487,1401,30,0.579,0.884
717207408,Existing Customer,39,F,1,Uneducated,Divorced,Unknown,Blue,34,4,1,2,12512.0,666,11846.0,0.914,2995,60,0.875,0.053
711426033,Existing Customer,49,M,2,Graduate,Married,$80K - $120K,Blue,39,3,2,2,11332.0,946,10386.0,0.857,3806,65,0.667,0.083
719233833,Existing Customer,35,F,3,High School,Married,Less than $40K,Blue,23,3,3,4,3073.0,526,2547.0,0.702,1944,55,0.618,0.171
716864733,Existing Customer,47,M,3,College,Married,$120K +,Silver,27,6,3,3,34516.0,2315,32201.0,0.599,1805,46,0.704,0.067
821168733,Existing Customer,38,M,3,Graduate,Married,$60K - $80K,Blue,34,6,3,3,5323.0,2301,3022.0,0.68,1783,33,0.65,0.432
710135058,Existing Customer,56,M,1,Graduate,Married,$80K - $120K,Blue,44,3,1,0,9078.0,1501,7577.0,0.51,1543,34,0.545,0.165
720228708,Existing Customer,56,M,2,High School,Married,$120K +,Blue,46,4,1,3,27029.0,1347,25682.0,0.381,1302,27,0.421,0.05
718618458,Existing Customer,38,M,3,High School,Single,$60K - $80K,Blue,25,5,1,4,9859.0,1305,8554.0,0.722,4345,72,0.674,0.132
719470458,Attrited Customer,46,M,3,College,Single,$80K - $120K,Blue,39,1,4,3,4026.0,243,3783.0,0.738,1102,27,0.8,0.06
719587158,Existing Customer,37,M,1,High School,Single,$40K - $60K,Blue,25,3,2,3,2608.0,1799,809.0,0.732,2565,72,0.636,0.69
715499808,Existing Customer,63,F,0,Unknown,Married,Less than $40K,Blue,36,4,1,4,3552.0,2517,1035.0,0.465,1342,26,1.0,0.709
718589133,Existing Customer,65,F,1,Graduate,Single,Less than $40K,Blue,56,6,2,2,4613.0,1619,2994.0,0.697,2328,62,0.722,0.351
789235383,Existing Customer,38,M,4,College,Married,$80K - $120K,Blue,27,5,2,4,10386.0,1909,8477.0,1.43,2119,52,1.08,0.184
773364483,Existing Customer,45,F,4,Doctorate,Unknown,Unknown,Silver,39,4,1,2,34516.0,1298,33218.0,0.757,1906,39,0.773,0.038
713548158,Existing Customer,26,M,0,College,Single,$40K - $60K,Blue,36,5,2,3,2657.0,1611,1046.0,0.599,2349,41,0.464,0.606
720264783,Existing Customer,58,F,2,Graduate,Married,Less than $40K,Blue,44,4,2,3,5031.0,1327,3704.0,0.553,1433,34,0.889,0.264
715319958,Attrited Customer,48,M,3,Uneducated,Married,$120K +,Blue,36,5,2,4,34516.0,787,33729.0,0.763,1312,32,0.6,0.023
710528583,Existing Customer,26,F,0,Unknown,Single,$40K - $60K,Blue,16,6,2,4,1612.0,835,777.0,0.588,2148,40,0.379,0.518
809990883,Existing Customer,48,F,3,Graduate,Single,Less than $40K,Blue,43,6,2,2,2423.0,1773,650.0,0.574,2038,64,0.362,0.732
714412308,Attrited Customer,33,M,3,Graduate,Married,$80K - $120K,Blue,36,6,3,5,7140.0,0,7140.0,0.401,916,18,0.2,0.0
772303458,Existing Customer,62,F,0,Doctorate,Married,$40K - $60K,Blue,51,3,3,2,3377.0,948,2429.0,0.461,1407,44,0.467,0.281
721243083,Attrited Customer,55,M,3,Uneducated,Divorced,$80K - $120K,Blue,41,1,3,4,34516.0,2408,32108.0,0.796,1187,40,0.6,0.07
711990933,Existing Customer,40,F,2,Graduate,Single,Less than $40K,Blue,29,4,3,2,2295.0,0,2295.0,0.699,3292,62,0.824,0.0
819977058,Existing Customer,46,M,2,High School,Single,$40K - $60K,Blue,41,3,3,2,3150.0,1543,1607.0,0.998,3432,71,0.972,0.49
721467258,Existing Customer,58,M,1,High School,Married,$40K - $60K,Blue,36,3,2,5,2165.0,1135,1030.0,0.707,1541,33,0.833,0.524
719976558,Existing Customer,47,M,2,Graduate,Unknown,$60K - $80K,Blue,34,3,2,4,4249.0,1562,2687.0,0.773,1881,49,0.815,0.368
718824783,Existing Customer,50,M,2,Unknown,Divorced,$60K - $80K,Blue,41,6,1,3,2966.0,1433,1533.0,0.49,1986,50,0.613,0.483
713303733,Existing Customer,53,M,1,Graduate,Married,$120K +,Blue,41,6,3,2,1612.0,744,868.0,0.636,1564,33,0.5,0.462
711129483,Existing Customer,45,M,3,Graduate,Married,$60K - $80K,Blue,36,3,1,3,14593.0,1504,13089.0,0.668,3447,72,0.895,0.103
779618433,Existing Customer,48,M,4,Uneducated,Single,$40K - $60K,Blue,38,6,3,2,8327.0,1551,6776.0,0.463,4428,82,0.822,0.186
797757333,Existing Customer,43,M,3,Post-Graduate,Married,$60K - $80K,Gold,37,6,1,2,34516.0,1580,32936.0,0.707,4149,86,0.755,0.046
814497483,Existing Customer,60,M,0,Uneducated,Married,$60K - $80K,Blue,55,6,1,2,6479.0,1393,5086.0,0.468,1618,47,0.958,0.215
709623483,Existing Customer,56,M,2,High School,Married,$120K +,Blue,41,4,1,3,18442.0,1470,16972.0,0.491,1281,36,0.8,0.08
709056558,Existing Customer,43,F,3,College,Married,$40K - $60K,Blue,31,5,3,2,2800.0,2517,283.0,0.816,1994,41,0.64,0.899
708238833,Existing Customer,57,F,3,High School,Married,Less than $40K,Blue,36,6,2,3,3032.0,2215,817.0,0.408,1387,30,0.579,0.731
813261408,Existing Customer,52,F,1,Uneducated,Married,$40K - $60K,Blue,47,6,3,3,2151.0,1338,813.0,0.926,3446,58,1.0,0.622
720424608,Existing Customer,56,F,1,Unknown,Married,Unknown,Blue,36,6,3,2,24073.0,1084,22989.0,0.847,1341,37,1.176,0.045
798022683,Attrited Customer,43,M,1,Graduate,Married,$80K - $120K,Blue,37,4,2,3,25517.0,321,25196.0,0.769,2508,44,0.294,0.013
769756983,Existing Customer,38,M,3,Graduate,Married,$60K - $80K,Blue,32,3,1,2,7709.0,2227,5482.0,1.295,2520,61,0.848,0.289
712674183,Existing Customer,53,M,2,College,Married,$40K - $60K,Blue,33,3,3,1,4065.0,2180,1885.0,0.321,1271,36,0.2,0.536
708900408,Existing Customer,52,F,1,Graduate,Divorced,Unknown,Blue,35,3,2,4,13169.0,1499,11670.0,0.603,4370,83,0.537,0.114
713625483,Existing Customer,58,M,2,College,Married,$80K - $120K,Blue,44,3,2,2,11811.0,2508,9303.0,0.476,1469,29,0.812,0.212
716869458,Existing Customer,34,F,3,College,Single,Less than $40K,Blue,36,3,6,1,7440.0,704,6736.0,0.551,2251,63,0.537,0.095
788723133,Existing Customer,36,M,1,High School,Single,$40K - $60K,Blue,20,5,1,2,12714.0,976,11738.0,0.649,2240,53,0.395,0.077
794462133,Existing Customer,55,F,0,Graduate,Single,$40K - $60K,Blue,35,5,1,3,3735.0,1978,1757.0,0.675,1749,41,0.577,0.53
712604133,Existing Customer,54,M,1,Uneducated,Married,$80K - $120K,Blue,43,3,1,4,25882.0,1699,24183.0,0.428,1736,48,0.371,0.066
714397983,Existing Customer,36,M,2,College,Married,$40K - $60K,Blue,36,4,3,1,3877.0,1495,2382.0,0.783,1942,42,0.75,0.386
788269158,Existing Customer,35,F,2,Graduate,Single,Unknown,Blue,27,4,3,0,3280.0,1806,1474.0,0.963,2534,78,0.95,0.551
715898058,Existing Customer,53,M,2,Graduate,Married,$120K +,Blue,36,5,1,3,11023.0,0,11023.0,0.539,1656,41,0.367,0.0
711906033,Existing Customer,48,F,3,Graduate,Unknown,Less than $40K,Blue,36,4,2,2,6182.0,1131,5051.0,0.566,3546,63,0.615,0.183
711367308,Existing Customer,37,M,3,Uneducated,Single,$40K - $60K,Blue,19,3,3,4,2186.0,1185,1001.0,0.998,2614,67,0.861,0.542
790186458,Existing Customer,45,M,3,Uneducated,Single,$80K - $120K,Blue,39,3,1,0,17996.0,864,17132.0,0.597,1589,30,0.667,0.048
712040433,Existing Customer,54,F,1,High School,Married,Less than $40K,Blue,43,6,2,3,2306.0,2200,106.0,0.697,2097,57,0.541,0.954
709616958,Existing Customer,38,M,2,High School,Single,$60K - $80K,Silver,30,4,3,4,26556.0,1583,24973.0,0.694,3168,73,0.738,0.06
714633858,Existing Customer,35,F,2,College,Married,Less than $40K,Blue,18,3,3,2,5779.0,2517,3262.0,1.201,2102,32,1.133,0.436
794818833,Existing Customer,36,F,1,Uneducated,Single,Less than $40K,Blue,30,6,1,2,5494.0,2078,3416.0,0.79,2661,58,0.871,0.378
711219333,Existing Customer,33,M,1,Post-Graduate,Married,$120K +,Blue,14,6,1,0,7571.0,2264,5307.0,0.696,2273,49,0.485,0.299
713384508,Existing Customer,28,M,1,High School,Single,Less than $40K,Blue,14,4,3,1,2897.0,1398,1499.0,0.907,2698,73,0.872,0.483
772514808,Existing Customer,36,F,2,Uneducated,Single,$40K - $60K,Blue,26,3,2,4,3131.0,2379,752.0,0.748,2315,63,0.853,0.76
710808108,Existing Customer,34,F,3,College,Divorced,Less than $40K,Blue,27,3,3,2,4274.0,2517,1757.0,0.666,2257,54,0.8,0.589
778973658,Existing Customer,55,M,0,Doctorate,Married,$60K - $80K,Blue,36,4,6,4,4980.0,906,4074.0,0.721,2273,66,0.886,0.182
712005108,Existing Customer,61,F,0,Post-Graduate,Married,Less than $40K,Blue,48,3,3,3,3156.0,2155,1001.0,0.438,1376,44,0.571,0.683
804577833,Existing Customer,44,F,2,Graduate,Married,Less than $40K,Blue,39,5,1,0,6861.0,2101,4760.0,0.464,3974,63,0.909,0.306
715028283,Existing Customer,54,M,1,Graduate,Married,$80K - $120K,Blue,46,3,3,2,15554.0,2497,13057.0,1.027,2836,61,0.605,0.161
789786258,Existing Customer,39,M,2,High School,Married,$80K - $120K,Blue,28,3,2,4,26570.0,1915,24655.0,1.454,2118,33,1.062,0.072
715421058,Existing Customer,51,M,1,Unknown,Married,$60K - $80K,Blue,36,3,2,4,22224.0,979,21245.0,1.255,3346,69,1.156,0.044
797166633,Existing Customer,47,M,2,Unknown,Single,$80K - $120K,Blue,41,6,2,4,10606.0,1713,8893.0,0.899,2694,61,0.906,0.162
711041508,Existing Customer,37,F,1,High School,Married,$40K - $60K,Blue,25,4,3,4,5865.0,2517,3348.0,1.348,2623,47,1.35,0.429
712847208,Existing Customer,47,F,3,Graduate,Unknown,$40K - $60K,Blue,36,5,2,3,5369.0,1854,3515.0,0.959,1898,50,0.786,0.345
779174133,Existing Customer,56,M,3,Uneducated,Married,$120K +,Blue,43,5,1,5,5188.0,753,4435.0,0.591,1540,30,0.429,0.145
715680933,Existing Customer,53,M,1,Graduate,Single,$80K - $120K,Blue,36,4,2,4,17742.0,1463,16279.0,0.803,3369,55,0.774,0.082
770871708,Existing Customer,62,M,0,Graduate,Married,$40K - $60K,Blue,48,5,1,5,2591.0,0,2591.0,0.601,2123,56,0.697,0.0
772643058,Existing Customer,58,F,3,Graduate,Married,Less than $40K,Blue,48,6,2,3,2800.0,1834,966.0,0.615,1571,36,0.636,0.655
718199133,Existing Customer,57,M,1,High School,Married,$80K - $120K,Blue,36,3,2,2,6543.0,2260,4283.0,0.448,1519,31,0.632,0.345
721475133,Existing Customer,54,F,1,Doctorate,Single,Unknown,Blue,36,6,3,4,26053.0,829,25224.0,0.669,2768,70,0.628,0.032
766322883,Existing Customer,33,F,3,College,Single,$40K - $60K,Blue,26,6,3,5,6316.0,1344,4972.0,0.823,2401,71,0.732,0.213
771197433,Existing Customer,54,F,1,Graduate,Married,Less than $40K,Blue,41,3,2,4,4658.0,588,4070.0,0.856,1351,30,1.5,0.126
709516458,Existing Customer,30,M,0,Graduate,Divorced,$60K - $80K,Blue,22,3,3,3,6476.0,0,6476.0,0.551,2723,66,0.65,0.0
716456808,Existing Customer,36,F,2,High School,Single,Less than $40K,Blue,36,6,2,5,8087.0,1263,6824.0,0.615,2429,69,0.643,0.156
716819958,Existing Customer,60,M,2,Graduate,Married,$60K - $80K,Blue,50,3,1,2,9033.0,845,8188.0,0.663,1661,35,0.4,0.094
779449308,Existing Customer,46,F,4,High School,Single,Less than $40K,Blue,28,6,3,4,3206.0,0,3206.0,1.065,3253,72,0.532,0.0
784891458,Existing Customer,55,M,1,Graduate,Married,$80K - $120K,Blue,49,4,3,3,28751.0,2158,26593.0,0.536,1502,34,0.789,0.075
790004883,Existing Customer,55,M,1,High School,Married,$80K - $120K,Blue,47,3,3,3,2938.0,1995,943.0,0.514,1352,30,0.429,0.679
770262183,Existing Customer,31,M,0,Uneducated,Single,Less than $40K,Blue,25,5,2,2,5715.0,1741,3974.0,0.816,2324,67,1.03,0.305
715277583,Existing Customer,55,F,3,Uneducated,Divorced,Less than $40K,Blue,36,3,2,1,2111.0,1209,902.0,0.594,2803,61,0.605,0.573
815510883,Existing Customer,36,M,2,Post-Graduate,Single,$40K - $60K,Blue,31,3,2,5,11862.0,2282,9580.0,0.837,2576,74,0.85,0.192
713997183,Existing Customer,34,F,2,Unknown,Single,Less than $40K,Blue,36,3,3,2,2791.0,2160,631.0,0.825,2214,56,0.6,0.774
715107033,Existing Customer,33,F,1,Graduate,Single,Less than $40K,Blue,36,3,2,4,6551.0,1440,5111.0,0.629,2429,77,0.453,0.22
720706008,Existing Customer,30,M,2,Post-Graduate,Single,$40K - $60K,Blue,16,5,3,5,4533.0,1977,2556.0,0.664,2679,69,0.605,0.436
710108133,Existing Customer,54,F,2,Graduate,Married,$40K - $60K,Blue,36,5,3,0,1854.0,1528,326.0,0.444,1307,39,0.393,0.824
718983333,Existing Customer,53,M,2,Uneducated,Married,$80K - $120K,Blue,43,6,1,3,6704.0,1354,5350.0,0.411,1331,30,0.364,0.202
714030183,Existing Customer,59,M,0,Graduate,Single,$80K - $120K,Silver,36,5,3,3,34516.0,1494,33022.0,1.229,3259,65,0.585,0.043
710496708,Existing Customer,41,M,2,College,Single,$120K +,Blue,32,6,3,2,5489.0,1513,3976.0,0.87,4085,65,0.548,0.276
714935883,Existing Customer,45,M,3,Uneducated,Married,$40K - $60K,Blue,36,3,1,1,10619.0,607,10012.0,0.883,4074,65,0.477,0.057
718972758,Existing Customer,50,F,2,Graduate,Married,Less than $40K,Blue,40,5,3,3,2481.0,1287,1194.0,0.465,1825,51,0.821,0.519
711827958,Existing Customer,57,M,2,Uneducated,Married,$60K - $80K,Blue,47,4,4,1,5100.0,1970,3130.0,0.371,1032,26,0.368,0.386
778724058,Existing Customer,63,M,0,Doctorate,Single,$40K - $60K,Blue,49,5,4,3,5905.0,726,5179.0,0.85,3982,65,0.857,0.123
809620833,Existing Customer,35,F,3,Unknown,Single,Unknown,Blue,30,3,3,2,9293.0,0,9293.0,0.897,2314,59,1.034,0.0
718920708,Existing Customer,35,M,3,Graduate,Married,$60K - $80K,Blue,25,5,3,3,5240.0,1451,3789.0,1.198,2172,38,0.81,0.277
771051783,Existing Customer,53,M,3,High School,Married,$120K +,Blue,40,6,2,5,4182.0,741,3441.0,0.885,1297,24,1.182,0.177
715970133,Existing Customer,33,F,4,College,Divorced,Less than $40K,Blue,24,6,2,2,9857.0,0,9857.0,0.699,3448,103,0.635,0.0
806889633,Existing Customer,38,M,2,Uneducated,Married,$80K - $120K,Blue,33,3,1,4,20117.0,1226,18891.0,1.4,2906,58,1.0,0.061
717338733,Existing Customer,31,M,0,High School,Divorced,Less than $40K,Blue,22,3,2,3,6012.0,0,6012.0,0.968,2801,72,0.674,0.0
779223858,Existing Customer,37,M,2,Graduate,Married,$60K - $80K,Blue,27,4,2,4,6369.0,0,6369.0,1.454,2675,47,1.136,0.0
769980333,Existing Customer,36,M,1,Uneducated,Single,$80K - $120K,Blue,30,4,2,5,13005.0,2152,10853.0,1.424,3023,53,0.767,0.165
716112933,Attrited Customer,39,F,3,Graduate,Married,Unknown,Blue,36,3,2,3,1575.0,592,983.0,0.236,644,15,0.154,0.376
788783133,Existing Customer,58,F,0,Post-Graduate,Married,Less than $40K,Blue,39,5,3,3,6679.0,1207,5472.0,0.538,1649,29,0.381,0.181
816325533,Existing Customer,39,F,1,Graduate,Married,Less than $40K,Blue,34,6,3,5,6458.0,1802,4656.0,0.923,2315,49,0.581,0.279
720113433,Existing Customer,61,M,0,Unknown,Single,$60K - $80K,Blue,48,3,2,4,20803.0,1446,19357.0,0.736,2073,43,0.654,0.07
717233058,Existing Customer,34,M,4,Unknown,Married,$40K - $60K,Blue,26,3,2,4,5540.0,1240,4300.0,0.843,1524,31,0.824,0.224
710233683,Existing Customer,55,M,3,Graduate,Married,$80K - $120K,Blue,36,4,3,4,2801.0,2403,398.0,0.884,1526,44,1.0,0.858
778327908,Existing Customer,50,M,2,Uneducated,Single,Less than $40K,Blue,40,4,3,5,2419.0,2380,39.0,0.695,4099,73,0.659,0.984
716400633,Existing Customer,33,M,3,High School,Single,$40K - $60K,Blue,24,6,3,3,5156.0,1427,3729.0,0.48,2057,54,0.421,0.277
787488108,Existing Customer,48,F,1,High School,Married,Unknown,Blue,36,6,4,4,14228.0,1953,12275.0,0.651,1970,51,0.645,0.137
771649083,Existing Customer,63,M,0,High School,Married,$80K - $120K,Blue,51,3,3,4,10257.0,1021,9236.0,0.467,1508,30,0.429,0.1
789853533,Attrited Customer,54,M,3,High School,Married,$40K - $60K,Blue,44,2,1,5,3032.0,0,3032.0,0.949,1037,14,2.5,0.0
806256333,Attrited Customer,41,M,4,Graduate,Unknown,$60K - $80K,Blue,36,2,3,5,1438.3,312,1126.3,0.657,1786,26,0.733,0.217
796336833,Existing Customer,51,M,3,Doctorate,Married,$80K - $120K,Blue,45,5,2,4,32096.0,0,32096.0,0.766,2619,69,0.917,0.0
713763633,Existing Customer,54,F,2,Graduate,Married,Unknown,Blue,46,5,3,2,3014.0,794,2220.0,0.5,1488,30,0.579,0.263
710942358,Existing Customer,47,M,4,Unknown,Single,$40K - $60K,Blue,36,3,3,3,5762.0,1890,3872.0,0.938,3814,88,0.66,0.328
713974533,Existing Customer,52,F,3,Post-Graduate,Single,Less than $40K,Blue,45,5,1,3,2555.0,1701,854.0,1.492,3127,45,1.25,0.666
787231233,Existing Customer,34,M,5,Post-Graduate,Single,$80K - $120K,Silver,28,3,3,2,34516.0,1731,32785.0,0.605,2421,63,0.575,0.05
719810583,Existing Customer,64,M,0,High School,Married,Less than $40K,Blue,54,4,3,2,2140.0,1361,779.0,0.46,1280,34,1.0,0.636
717124983,Existing Customer,62,F,1,Uneducated,Married,$40K - $60K,Blue,43,3,1,1,4760.0,0,4760.0,0.564,1459,20,0.538,0.0
787523283,Existing Customer,38,M,1,Graduate,Single,$80K - $120K,Blue,27,6,2,5,26372.0,1365,25007.0,1.394,2291,56,1.0,0.052
719493858,Existing Customer,52,F,2,Graduate,Married,Less than $40K,Blue,43,5,2,2,8203.0,654,7549.0,0.588,2910,63,0.909,0.08
709897983,Existing Customer,35,F,2,Doctorate,Married,$40K - $60K,Blue,24,5,2,3,2655.0,1527,1128.0,0.715,1921,26,0.444,0.575
717225258,Existing Customer,35,M,2,Graduate,Single,$120K +,Blue,27,6,2,2,13655.0,1048,12607.0,0.509,2383,59,0.595,0.077
803148033,Existing Customer,54,M,1,College,Married,$80K - $120K,Blue,48,6,1,5,12169.0,1935,10234.0,0.435,1599,38,0.652,0.159
779474958,Existing Customer,35,F,3,Unknown,Single,Less than $40K,Blue,17,6,1,1,2956.0,1823,1133.0,0.969,2144,58,0.812,0.617
712060158,Existing Customer,35,M,0,Doctorate,Single,$60K - $80K,Blue,18,6,2,3,2598.0,1645,953.0,0.765,2483,59,0.903,0.633
713292933,Existing Customer,36,F,3,Graduate,Single,Unknown,Blue,36,5,2,2,10566.0,726,9840.0,0.893,2156,64,1.207,0.069
710982858,Existing Customer,33,F,3,Graduate,Single,$40K - $60K,Blue,36,6,1,2,8232.0,2259,5973.0,1.158,2849,67,1.31,0.274
714542058,Existing Customer,53,M,1,Graduate,Unknown,$60K - $80K,Silver,44,5,2,1,26365.0,680,25685.0,0.498,3411,68,0.789,0.026
712319058,Existing Customer,37,F,1,Uneducated,Married,Less than $40K,Blue,29,5,3,0,4671.0,1933,2738.0,0.986,2468,58,0.706,0.414
744483633,Existing Customer,35,M,3,Graduate,Married,$120K +,Blue,28,4,3,2,14869.0,0,14869.0,1.624,2753,48,1.087,0.0
714947883,Existing Customer,59,M,1,Graduate,Married,$40K - $60K,Blue,36,6,2,2,2300.0,1965,335.0,0.596,1693,27,0.688,0.854
788776908,Existing Customer,47,M,1,Unknown,Unknown,$80K - $120K,Blue,28,6,1,4,2797.0,1802,995.0,0.675,3525,63,0.75,0.644
714802458,Existing Customer,48,F,3,High School,Single,$40K - $60K,Blue,30,5,2,1,2657.0,2115,542.0,0.688,3580,77,0.711,0.796
721485708,Existing Customer,58,M,2,Uneducated,Married,$80K - $120K,Blue,46,6,1,3,9149.0,1806,7343.0,0.35,1220,36,0.333,0.197
716378658,Existing Customer,55,F,2,Unknown,Married,Less than $40K,Blue,36,5,2,3,2629.0,1476,1153.0,0.537,1725,41,0.414,0.561
713375658,Existing Customer,37,M,2,Graduate,Divorced,$40K - $60K,Blue,17,6,3,3,3176.0,0,3176.0,0.652,2298,67,0.457,0.0
717828108,Existing Customer,57,M,2,Graduate,Married,$80K - $120K,Blue,42,6,1,0,21875.0,2517,19358.0,0.409,1327,31,0.409,0.115
788784258,Existing Customer,60,M,2,High School,Married,Unknown,Blue,41,5,2,4,3007.0,1664,1343.0,0.34,1475,31,0.632,0.553
718875483,Existing Customer,50,M,1,College,Married,$60K - $80K,Blue,40,4,2,4,17404.0,1745,15659.0,0.54,4491,78,0.66,0.1
811111083,Existing Customer,56,M,2,High School,Married,$60K - $80K,Blue,51,5,6,3,2863.0,2517,346.0,0.583,1458,39,0.696,0.879
715749108,Existing Customer,48,M,3,Graduate,Married,$60K - $80K,Gold,37,5,1,2,34516.0,2429,32087.0,0.742,3205,57,0.727,0.07
780197133,Existing Customer,40,M,4,Graduate,Single,$60K - $80K,Blue,30,4,1,1,13919.0,1266,12653.0,0.438,3699,67,0.523,0.091
719146008,Attrited Customer,48,M,3,Graduate,Married,$80K - $120K,Blue,39,4,4,3,18672.0,2517,16155.0,0.799,1126,35,0.591,0.135
717727308,Existing Customer,50,F,1,Uneducated,Married,Less than $40K,Blue,36,6,2,2,4204.0,499,3705.0,0.635,4740,67,0.523,0.119
718445883,Existing Customer,61,F,1,Uneducated,Married,Less than $40K,Blue,36,3,2,4,6859.0,2489,4370.0,0.65,1617,26,1.0,0.363
795997908,Existing Customer,36,M,2,High School,Married,$80K - $120K,Blue,30,6,3,3,16050.0,1480,14570.0,1.326,3215,56,0.806,0.092
710159658,Existing Customer,46,M,5,High School,Married,$120K +,Blue,32,5,2,2,34516.0,1024,33492.0,0.72,2436,71,0.651,0.03
716068683,Existing Customer,28,M,0,Uneducated,Divorced,Unknown,Blue,36,3,3,3,16766.0,1535,15231.0,1.042,3093,77,0.878,0.092
778844433,Existing Customer,49,M,5,Unknown,Single,$80K - $120K,Blue,30,3,2,1,20895.0,1808,19087.0,0.572,3210,65,0.667,0.087
715161633,Existing Customer,44,F,4,High School,Single,$40K - $60K,Blue,38,6,3,3,7881.0,2517,5364.0,0.738,3068,77,0.711,0.319
773270058,Existing Customer,57,M,5,High School,Married,$80K - $120K,Blue,50,4,2,3,13427.0,0,13427.0,0.521,1337,27,0.588,0.0
714120258,Existing Customer,37,M,2,Uneducated,Divorced,$80K - $120K,Blue,36,3,3,2,2281.0,1677,604.0,1.027,2735,58,1.071,0.735
720076458,Existing Customer,57,M,2,Uneducated,Married,$80K - $120K,Blue,52,6,2,4,10974.0,0,10974.0,0.591,1327,26,1.0,0.0
720693033,Attrited Customer,33,M,1,Unknown,Married,$60K - $80K,Blue,36,1,3,4,8925.0,168,8757.0,0.447,741,10,0.429,0.019
719978583,Existing Customer,46,M,2,High School,Married,$60K - $80K,Blue,40,4,1,3,5265.0,0,5265.0,0.524,3281,68,0.744,0.0
712784058,Attrited Customer,45,F,2,High School,Divorced,Unknown,Blue,36,6,4,3,17156.0,2517,14639.0,0.717,1142,33,0.32,0.147
717261708,Existing Customer,53,M,1,Unknown,Married,$80K - $120K,Blue,36,4,2,3,13457.0,1248,12209.0,0.512,1548,41,0.519,0.093
803665983,Existing Customer,52,M,0,Unknown,Married,$60K - $80K,Blue,46,3,2,4,2742.0,2184,558.0,0.592,3829,72,0.532,0.796
815838633,Existing Customer,34,M,1,Unknown,Married,$60K - $80K,Blue,29,3,2,3,3890.0,2286,1604.0,0.633,1889,51,0.457,0.588
826706208,Existing Customer,55,M,3,Graduate,Single,$80K - $120K,Blue,51,6,2,3,17198.0,0,17198.0,0.803,4042,62,0.722,0.0
721218408,Existing Customer,53,M,4,High School,Married,$120K +,Blue,41,6,3,4,3401.0,1713,1688.0,0.773,1924,54,0.317,0.504
779484408,Existing Customer,37,M,1,Unknown,Married,$60K - $80K,Blue,19,6,1,2,18951.0,1243,17708.0,1.148,2874,58,0.657,0.066
710416533,Existing Customer,58,F,3,Unknown,Single,$40K - $60K,Blue,52,4,1,1,1454.0,888,566.0,1.19,3060,56,0.647,0.611
719706483,Existing Customer,33,M,3,High School,Married,$120K +,Blue,20,6,3,2,27499.0,1188,26311.0,0.544,2202,46,0.394,0.043
712206858,Existing Customer,39,M,3,Graduate,Married,$120K +,Blue,36,3,3,2,32964.0,2231,30733.0,1.731,3094,45,1.647,0.068
709886583,Existing Customer,37,F,2,High School,Single,Less than $40K,Blue,28,5,2,1,7411.0,633,6778.0,0.762,2761,77,0.604,0.085
711040758,Existing Customer,32,M,0,Uneducated,Single,$40K - $60K,Blue,36,4,3,3,7200.0,0,7200.0,0.894,3006,83,0.93,0.0
817197333,Existing Customer,26,F,1,Uneducated,Single,Unknown,Blue,13,6,2,3,12007.0,956,11051.0,0.832,2678,50,0.471,0.08
718929708,Existing Customer,60,F,0,Graduate,Married,Less than $40K,Blue,50,4,2,2,3147.0,1602,1545.0,0.569,1558,23,0.643,0.509
721150833,Existing Customer,37,M,1,Graduate,Single,$80K - $120K,Blue,18,6,2,5,5110.0,1942,3168.0,0.749,3028,76,0.583,0.38
714514983,Existing Customer,43,F,5,Graduate,Married,Less than $40K,Blue,35,3,6,4,5438.0,2214,3224.0,0.668,5029,75,0.562,0.407
779888658,Existing Customer,56,M,1,Uneducated,Married,$80K - $120K,Blue,40,6,1,1,17450.0,2193,15257.0,0.419,1426,38,0.462,0.126
715883358,Existing Customer,52,M,3,College,Married,$80K - $120K,Blue,39,3,3,2,18352.0,1509,16843.0,0.898,1454,29,1.071,0.082
713363583,Existing Customer,34,M,2,Uneducated,Single,$120K +,Blue,17,3,1,2,5030.0,2326,2704.0,0.856,3345,69,1.3,0.462
772935108,Existing Customer,47,M,1,Unknown,Divorced,$80K - $120K,Silver,38,3,2,3,34516.0,802,33714.0,0.899,1823,27,0.8,0.023
820075983,Existing Customer,26,M,0,Graduate,Single,Less than $40K,Blue,21,4,3,2,1585.0,1535,50.0,0.462,2299,49,0.485,0.968
721502958,Existing Customer,54,M,1,High School,Married,$120K +,Blue,42,5,3,3,3251.0,1919,1332.0,0.56,1406,31,0.24,0.59
708596283,Existing Customer,35,F,3,Uneducated,Single,Less than $40K,Blue,23,3,2,2,2858.0,1251,1607.0,0.576,2844,73,0.622,0.438
710325258,Existing Customer,52,M,1,Unknown,Married,$80K - $120K,Silver,36,6,1,0,34516.0,1847,32669.0,0.527,3284,65,0.477,0.054
708823908,Existing Customer,41,M,3,Graduate,Single,$60K - $80K,Blue,28,4,1,3,16443.0,1363,15080.0,0.688,4252,64,0.684,0.083
826401858,Existing Customer,36,F,0,Uneducated,Divorced,Less than $40K,Blue,32,3,2,3,3687.0,1655,2032.0,0.742,2448,63,0.5,0.449
709554483,Existing Customer,53,F,1,Graduate,Married,Less than $40K,Blue,36,5,1,3,4840.0,2517,2323.0,0.445,1637,22,1.0,0.52
710545158,Existing Customer,42,M,3,Unknown,Single,$120K +,Blue,36,6,3,2,15108.0,0,15108.0,1.015,3738,68,0.744,0.0
788621658,Existing Customer,54,M,1,College,Married,$60K - $80K,Blue,37,6,3,2,1909.0,1753,156.0,0.788,1457,24,0.6,0.918
716713533,Existing Customer,53,M,3,Post-Graduate,Single,$80K - $120K,Blue,44,5,2,2,19063.0,1236,17827.0,0.542,3393,58,0.871,0.065
712338033,Existing Customer,36,M,2,High School,Married,$80K - $120K,Blue,26,4,2,4,15982.0,1691,14291.0,0.808,1687,40,0.739,0.106
711639708,Existing Customer,42,M,3,Graduate,Single,$60K - $80K,Blue,32,6,2,2,1438.3,0,1438.3,0.66,1794,45,0.875,0.0
720216108,Existing Customer,27,F,2,College,Divorced,Less than $40K,Blue,14,4,3,3,2549.0,2130,419.0,0.693,2605,61,0.794,0.836
718708908,Existing Customer,58,M,4,Graduate,Married,$60K - $80K,Blue,36,6,2,4,5967.0,2350,3617.0,0.543,1426,29,0.812,0.394
802890333,Existing Customer,59,M,1,Uneducated,Married,$40K - $60K,Blue,53,5,1,3,2182.0,1558,624.0,0.457,1660,34,0.789,0.714
712965183,Existing Customer,63,F,2,Graduate,Married,Less than $40K,Blue,52,5,2,3,2689.0,2101,588.0,0.416,1188,35,0.75,0.781
796170933,Existing Customer,57,M,2,Uneducated,Single,$80K - $120K,Blue,51,6,2,4,30622.0,0,30622.0,1.329,3600,66,0.784,0.0
712816833,Existing Customer,56,F,0,High School,Married,Unknown,Blue,48,4,1,2,4203.0,1965,2238.0,0.441,1425,32,0.778,0.468
814829583,Existing Customer,42,F,3,Unknown,Single,Less than $40K,Blue,37,6,1,3,6453.0,0,6453.0,0.76,4822,74,0.609,0.0
798769458,Existing Customer,29,F,1,High School,Single,Less than $40K,Blue,23,3,1,2,3318.0,927,2391.0,0.934,3011,83,0.804,0.279
818034558,Existing Customer,44,M,2,Unknown,Unknown,$60K - $80K,Blue,39,5,3,3,22075.0,1506,20569.0,0.794,2337,40,0.818,0.068
719483358,Existing Customer,33,M,1,College,Married,$40K - $60K,Blue,14,3,2,2,6746.0,1750,4996.0,0.962,2962,54,0.862,0.259
719647383,Existing Customer,35,M,2,Graduate,Married,$80K - $120K,Blue,36,5,2,2,4408.0,1463,2945.0,0.728,2001,49,0.485,0.332
714909108,Existing Customer,33,F,3,Graduate,Single,Less than $40K,Blue,36,5,3,3,4838.0,1338,3500.0,0.707,2641,67,0.595,0.277
793678608,Existing Customer,46,M,4,Graduate,Single,$80K - $120K,Silver,40,5,1,4,34516.0,0,34516.0,0.938,3568,57,0.676,0.0
720854358,Existing Customer,27,M,0,Unknown,Married,$40K - $60K,Blue,14,4,1,4,3823.0,2130,1693.0,0.371,2026,49,0.441,0.557
709126833,Existing Customer,42,M,3,College,Unknown,$120K +,Blue,36,3,2,1,21670.0,2183,19487.0,0.995,4121,81,0.761,0.101
788896983,Existing Customer,53,M,2,Graduate,Married,$60K - $80K,Blue,38,6,3,2,7928.0,1228,6700.0,0.632,1537,37,0.682,0.155
715731033,Existing Customer,50,M,3,Graduate,Single,$120K +,Blue,42,3,1,3,33996.0,949,33047.0,0.846,3569,77,0.571,0.028
717636933,Existing Customer,48,F,5,College,Divorced,$40K - $60K,Blue,40,3,1,1,4365.0,0,4365.0,0.598,3542,57,1.111,0.0
772658658,Existing Customer,57,M,2,High School,Single,$60K - $80K,Blue,47,6,3,4,2248.0,0,2248.0,0.735,4439,77,0.54,0.0
755943033,Existing Customer,34,F,2,Graduate,Single,Less than $40K,Blue,27,4,1,1,1901.0,1176,725.0,0.612,2450,52,0.857,0.619
772399983,Existing Customer,55,M,2,College,Single,$80K - $120K,Silver,45,3,1,4,34516.0,1433,33083.0,0.728,1966,31,0.55,0.042
826130133,Existing Customer,58,M,2,Graduate,Married,$120K +,Blue,54,6,2,4,31680.0,1812,29868.0,0.483,1121,25,0.562,0.057
719238183,Existing Customer,55,F,3,Graduate,Married,Less than $40K,Blue,35,3,2,3,1872.0,1167,705.0,0.517,2238,45,0.607,0.623
802666083,Existing Customer,48,F,2,Uneducated,Unknown,Less than $40K,Blue,42,3,2,2,2055.0,0,2055.0,1.064,3656,63,0.75,0.0
713682708,Existing Customer,45,M,2,College,Divorced,$40K - $60K,Blue,37,5,1,2,10991.0,1328,9663.0,1.027,3692,60,0.714,0.121
712774008,Existing Customer,59,M,0,Uneducated,Married,Less than $40K,Blue,46,6,1,2,3939.0,2517,1422.0,0.376,1489,34,0.545,0.639
717627333,Existing Customer,53,F,2,Post-Graduate,Married,$40K - $60K,Blue,40,5,1,4,2127.0,1995,132.0,0.374,1363,37,0.37,0.938
779542608,Existing Customer,47,M,4,Uneducated,Single,$80K - $120K,Blue,32,3,3,2,34010.0,1340,32670.0,0.744,1739,39,0.5,0.039
715322958,Existing Customer,43,F,3,Unknown,Married,Unknown,Blue,36,4,2,1,6971.0,1506,5465.0,0.57,3575,67,0.675,0.216
779100408,Existing Customer,33,F,1,Post-Graduate,Married,Less than $40K,Blue,15,6,2,0,1741.0,1328,413.0,0.69,2629,61,0.649,0.763
715352883,Existing Customer,49,F,2,Post-Graduate,Single,Unknown,Blue,36,3,3,2,24904.0,0,24904.0,0.636,5176,71,0.479,0.0
789963033,Attrited Customer,54,F,1,Graduate,Single,Less than $40K,Blue,45,3,5,5,1438.3,0,1438.3,0.647,1603,39,0.444,0.0
710687508,Existing Customer,65,M,0,High School,Married,Less than $40K,Blue,56,6,3,1,2621.0,1858,763.0,0.987,2148,47,1.043,0.709
789656358,Existing Customer,49,F,5,Graduate,Married,$40K - $60K,Blue,35,5,2,1,11115.0,1292,9823.0,0.797,3956,74,0.609,0.116
715720083,Existing Customer,47,M,5,Unknown,Single,$80K - $120K,Blue,39,6,2,3,13241.0,0,13241.0,1.002,3157,76,0.551,0.0
716584158,Existing Customer,51,M,4,High School,Married,$80K - $120K,Blue,42,6,1,2,14438.0,2517,11921.0,0.853,2090,47,0.88,0.174
815727183,Existing Customer,36,M,3,High School,Single,$80K - $120K,Blue,31,6,1,1,5228.0,1443,3785.0,0.934,2683,62,0.938,0.276
717066408,Existing Customer,36,M,2,Graduate,Married,$60K - $80K,Blue,36,3,1,4,5550.0,1518,4032.0,1.182,2540,62,0.771,0.274
708104658,Existing Customer,46,M,1,Graduate,Unknown,$40K - $60K,Blue,36,4,3,2,1438.3,890,548.3,1.143,2928,48,1.4,0.619
718016808,Existing Customer,62,F,0,Unknown,Married,Less than $40K,Blue,55,3,1,0,2064.0,1282,782.0,0.455,1475,27,0.929,0.621
814571058,Existing Customer,30,F,1,College,Single,Less than $40K,Blue,24,4,3,0,3450.0,2517,933.0,0.652,2545,64,0.778,0.73
714757908,Existing Customer,46,M,4,Graduate,Married,$120K +,Silver,36,4,1,3,34516.0,1380,33136.0,0.66,2163,56,0.4,0.04
710345808,Existing Customer,41,M,4,Uneducated,Divorced,$80K - $120K,Blue,36,6,2,2,30030.0,2028,28002.0,0.601,1828,38,1.111,0.068
814752558,Existing Customer,50,M,1,Uneducated,Married,$40K - $60K,Blue,45,5,3,3,2151.0,1163,988.0,0.849,2513,62,0.59,0.541
721284258,Existing Customer,53,M,2,Unknown,Married,$80K - $120K,Blue,44,4,1,3,7181.0,2517,4664.0,0.545,1636,39,0.56,0.351
719336583,Existing Customer,55,M,2,Uneducated,Married,$120K +,Blue,44,3,3,3,27745.0,1300,26445.0,0.482,1525,21,0.5,0.047
797638383,Existing Customer,49,F,4,High School,Married,Less than $40K,Blue,43,4,3,2,4852.0,2016,2836.0,0.576,3561,73,0.622,0.415
708434733,Existing Customer,56,M,1,Graduate,Married,$60K - $80K,Blue,50,6,3,3,6735.0,2289,4446.0,0.661,1249,28,0.75,0.34
711802758,Existing Customer,63,M,1,Graduate,Married,$40K - $60K,Blue,53,4,1,2,6128.0,1895,4233.0,0.583,1700,42,0.355,0.309
720620058,Existing Customer,41,M,4,High School,Unknown,$80K - $120K,Blue,36,4,3,2,23124.0,1746,21378.0,0.807,1959,50,0.724,0.076
819169683,Existing Customer,34,M,2,Unknown,Married,$40K - $60K,Blue,29,3,2,2,3436.0,1650,1786.0,0.788,1972,37,0.947,0.48
709757583,Existing Customer,35,M,0,Unknown,Married,$120K +,Blue,36,5,2,1,3176.0,1510,1666.0,0.885,2074,48,0.92,0.475
789307833,Existing Customer,44,M,4,College,Unknown,$120K +,Blue,34,5,3,3,8874.0,1590,7284.0,0.698,1849,56,0.647,0.179
823912308,Existing Customer,38,F,3,Graduate,Married,Less than $40K,Blue,34,5,1,0,3402.0,1813,1589.0,0.653,1767,28,0.647,0.533
720746208,Existing Customer,52,M,1,Graduate,Married,$80K - $120K,Blue,43,6,1,1,2689.0,2077,612.0,0.378,1356,33,0.435,0.772
709121283,Existing Customer,54,M,3,Uneducated,Married,Less than $40K,Blue,36,3,3,2,1556.0,1278,278.0,0.46,1615,35,0.591,0.821
714093108,Existing Customer,58,F,2,High School,Single,$40K - $60K,Blue,36,3,3,3,7372.0,1210,6162.0,0.946,1707,56,0.514,0.164
718368333,Existing Customer,26,M,0,College,Unknown,Less than $40K,Blue,13,6,1,2,5713.0,789,4924.0,0.678,3323,61,0.525,0.138
806752533,Existing Customer,27,F,1,Post-Graduate,Single,Less than $40K,Blue,22,4,1,3,2965.0,1635,1330.0,0.7,2553,59,0.553,0.551
758521983,Existing Customer,33,M,1,Unknown,Married,$80K - $120K,Blue,26,3,2,2,9819.0,1200,8619.0,0.602,2198,40,0.538,0.122
779473308,Existing Customer,32,M,0,Uneducated,Single,$60K - $80K,Blue,14,4,3,3,8186.0,0,8186.0,0.737,2411,67,0.426,0.0
709376508,Existing Customer,58,F,1,College,Married,Less than $40K,Blue,49,3,3,2,3846.0,1285,2561.0,0.608,1815,47,0.621,0.334
712589658,Existing Customer,45,F,4,Uneducated,Unknown,Less than $40K,Silver,30,5,2,2,13131.0,1965,11166.0,0.695,1795,37,0.48,0.15
712141683,Existing Customer,48,F,3,High School,Single,Less than $40K,Blue,28,4,2,1,2944.0,753,2191.0,0.707,3457,61,0.848,0.256
712494108,Existing Customer,38,M,2,Post-Graduate,Single,$60K - $80K,Silver,36,3,3,4,34516.0,1954,32562.0,0.436,1872,52,0.486,0.057
721350783,Existing Customer,54,M,2,High School,Married,$80K - $120K,Blue,38,6,3,4,5660.0,2006,3654.0,0.779,1569,39,0.773,0.354
710133858,Existing Customer,40,F,1,Graduate,Unknown,Less than $40K,Blue,30,5,1,1,7554.0,1848,5706.0,0.767,4150,64,0.524,0.245
719152383,Existing Customer,35,F,4,Uneducated,Married,Less than $40K,Blue,26,5,1,4,2494.0,1316,1178.0,1.486,2946,57,1.036,0.528
715174158,Existing Customer,31,M,1,College,Married,$80K - $120K,Blue,36,4,1,0,25215.0,1445,23770.0,1.033,2588,48,1.0,0.057
780040758,Existing Customer,40,F,4,College,Married,$40K - $60K,Blue,24,5,3,2,2606.0,1818,788.0,0.703,1999,50,1.174,0.698
719525358,Existing Customer,52,M,0,Graduate,Single,$80K - $120K,Blue,43,4,3,3,8133.0,1942,6191.0,0.572,3310,76,0.583,0.239
710892408,Existing Customer,57,F,1,High School,Married,Less than $40K,Blue,36,6,2,2,3101.0,1257,1844.0,0.416,1681,32,0.524,0.405
713295183,Existing Customer,48,M,2,Graduate,Divorced,$80K - $120K,Blue,29,6,2,3,24446.0,1854,22592.0,0.782,3897,75,0.786,0.076
789871233,Existing Customer,49,M,3,High School,Married,$80K - $120K,Blue,39,5,3,2,2361.0,1342,1019.0,0.6,4316,78,0.529,0.568
712663533,Existing Customer,40,M,4,High School,Single,$40K - $60K,Blue,32,6,4,2,2441.0,1656,785.0,0.762,3903,62,0.824,0.678
820906233,Existing Customer,45,M,2,Graduate,Married,$40K - $60K,Blue,41,5,2,2,8532.0,2165,6367.0,0.707,3242,63,0.75,0.254
821163408,Existing Customer,41,M,3,Unknown,Married,$80K - $120K,Blue,37,5,3,3,16954.0,1588,15366.0,0.878,3411,60,0.875,0.094
708947208,Existing Customer,36,M,2,Graduate,Single,$80K - $120K,Blue,17,4,3,1,2900.0,2029,871.0,0.846,2631,72,0.6,0.7
715261458,Existing Customer,37,F,1,Graduate,Single,Less than $40K,Blue,36,6,2,4,6827.0,0,6827.0,0.754,2621,49,0.815,0.0
789310833,Existing Customer,44,F,3,College,Divorced,$40K - $60K,Blue,34,5,2,5,4513.0,1950,2563.0,0.83,3164,62,0.59,0.432
818294958,Existing Customer,52,M,2,College,Married,$120K +,Blue,47,3,3,2,27347.0,719,26628.0,0.695,4040,77,0.674,0.026
713902983,Existing Customer,42,F,3,High School,Married,Less than $40K,Blue,36,4,3,1,1676.0,1372,304.0,0.522,4381,77,0.571,0.819
771693933,Existing Customer,62,F,1,Graduate,Married,Less than $40K,Blue,50,6,6,4,2802.0,1977,825.0,0.431,1757,33,0.833,0.706
827984658,Attrited Customer,49,M,3,Post-Graduate,Married,$80K - $120K,Blue,45,3,0,4,23870.0,0,23870.0,0.604,1885,39,0.345,0.0
789012633,Existing Customer,30,F,0,Graduate,Single,Less than $40K,Blue,17,3,2,1,4868.0,1090,3778.0,0.679,2907,69,0.816,0.224
807237783,Existing Customer,50,M,3,Uneducated,Single,$60K - $80K,Blue,45,5,3,5,20437.0,1020,19417.0,0.563,4166,66,0.737,0.05
803408733,Existing Customer,32,M,2,High School,Divorced,$60K - $80K,Blue,26,6,1,4,2239.0,1338,901.0,0.567,2466,60,0.579,0.598
824667708,Existing Customer,32,F,1,Graduate,Single,Less than $40K,Blue,28,6,3,3,2428.0,1027,1401.0,0.824,3007,84,0.867,0.423
807165033,Existing Customer,49,M,3,Post-Graduate,Single,$60K - $80K,Blue,44,3,1,5,15027.0,0,15027.0,0.811,3533,59,0.788,0.0
809984133,Existing Customer,37,M,2,Doctorate,Single,$120K +,Blue,32,3,3,5,32056.0,1887,30169.0,0.831,2730,68,0.7,0.059
718949433,Existing Customer,42,F,3,College,Single,Unknown,Silver,31,3,2,2,34516.0,919,33597.0,0.919,3415,79,0.756,0.027
751227183,Existing Customer,36,M,2,Unknown,Single,$80K - $120K,Blue,29,3,3,5,5346.0,1539,3807.0,0.777,2283,51,0.889,0.288
716331408,Attrited Customer,52,F,4,Unknown,Married,Less than $40K,Blue,36,1,4,5,2143.0,0,2143.0,0.853,1353,36,0.333,0.0
714199983,Existing Customer,48,M,3,Uneducated,Single,$60K - $80K,Gold,40,5,2,5,34516.0,2317,32199.0,0.699,3927,68,0.7,0.067
774172158,Existing Customer,29,M,1,Unknown,Single,$60K - $80K,Blue,19,3,1,2,23507.0,1990,21517.0,0.631,2650,65,0.912,0.085
708171858,Existing Customer,33,F,3,Post-Graduate,Married,$40K - $60K,Blue,28,5,2,3,1864.0,1081,783.0,1.416,2607,44,1.75,0.58
709074108,Existing Customer,36,M,2,College,Single,$60K - $80K,Blue,24,5,2,5,23032.0,840,22192.0,0.739,2787,73,0.698,0.036
721304133,Existing Customer,36,F,4,High School,Married,Less than $40K,Blue,36,4,1,3,4277.0,1578,2699.0,0.84,1855,49,1.042,0.369
787430733,Existing Customer,56,F,2,High School,Married,$40K - $60K,Blue,41,5,3,2,2771.0,1446,1325.0,0.686,1706,27,0.227,0.522
711225933,Existing Customer,28,M,1,High School,Divorced,Less than $40K,Blue,36,5,3,4,2265.0,1935,330.0,0.653,2306,61,0.525,0.854
717478983,Existing Customer,31,F,2,Uneducated,Divorced,Less than $40K,Blue,19,6,2,0,2853.0,1961,892.0,0.866,2697,68,0.789,0.687
720949083,Existing Customer,44,F,3,Uneducated,Single,Less than $40K,Blue,33,5,3,5,3075.0,2517,558.0,0.922,3534,53,0.71,0.819
712851108,Existing Customer,51,F,3,High School,Married,Unknown,Blue,31,5,1,5,15340.0,2331,13009.0,0.565,2965,51,0.594,0.152
713151258,Existing Customer,55,M,3,Graduate,Single,$40K - $60K,Blue,35,4,1,4,3065.0,0,3065.0,0.716,3524,69,0.605,0.0
799731033,Existing Customer,34,F,2,Doctorate,Single,Less than $40K,Blue,28,3,3,2,1438.3,0,1438.3,0.892,3044,91,0.896,0.0
822138333,Existing Customer,61,F,0,Graduate,Single,$40K - $60K,Blue,56,4,3,5,7118.0,813,6305.0,0.475,3964,66,0.65,0.114
708532308,Existing Customer,37,M,2,Uneducated,Single,$60K - $80K,Blue,36,4,2,2,11419.0,2517,8902.0,1.211,3000,70,1.059,0.22
713718558,Existing Customer,46,M,3,Graduate,Married,$40K - $60K,Blue,37,6,2,5,2403.0,0,2403.0,0.727,3393,64,0.882,0.0
778939683,Existing Customer,47,F,3,Uneducated,Married,Less than $40K,Blue,32,4,3,2,2821.0,951,1870.0,0.577,1452,38,1.923,0.337
713322633,Existing Customer,54,M,1,Graduate,Married,$40K - $60K,Blue,43,4,3,3,2706.0,2517,189.0,0.506,1682,39,0.625,0.93
754671558,Existing Customer,50,F,3,Unknown,Single,Less than $40K,Blue,43,6,1,4,2999.0,1958,1041.0,0.611,2073,48,0.714,0.653
719291283,Existing Customer,36,F,4,High School,Single,Less than $40K,Blue,28,5,1,2,2226.0,1607,619.0,0.656,2660,62,1.0,0.722
720659283,Existing Customer,37,M,5,Graduate,Married,$60K - $80K,Blue,31,5,3,4,3351.0,1847,1504.0,0.67,1910,43,0.593,0.551
719535558,Existing Customer,47,M,4,College,Divorced,$40K - $60K,Blue,36,5,1,1,5570.0,1858,3712.0,0.783,4129,72,0.636,0.334
771032658,Existing Customer,54,M,3,Unknown,Married,$80K - $120K,Blue,41,3,3,2,10448.0,1569,8879.0,0.482,1604,39,0.444,0.15
709468683,Existing Customer,64,F,0,High School,Married,Less than $40K,Blue,56,6,2,2,2174.0,1397,777.0,0.62,1755,39,0.5,0.643
719455908,Existing Customer,48,M,3,Graduate,Married,$80K - $120K,Blue,38,3,3,3,31501.0,0,31501.0,0.698,3742,75,0.786,0.0
816890883,Existing Customer,35,M,2,Uneducated,Single,$60K - $80K,Blue,30,6,3,3,21695.0,1257,20438.0,0.793,2266,74,0.48,0.058
709826058,Existing Customer,49,M,2,Unknown,Married,$80K - $120K,Blue,36,3,1,1,34516.0,2435,32081.0,0.732,1805,34,0.619,0.071
735008958,Existing Customer,42,M,5,Unknown,Married,$60K - $80K,Blue,35,6,3,2,13650.0,1253,12397.0,0.743,1703,53,0.71,0.092
713766183,Existing Customer,49,M,0,Uneducated,Single,$80K - $120K,Blue,36,5,3,4,16156.0,2517,13639.0,0.804,4160,81,0.653,0.156
719148633,Existing Customer,53,F,2,Graduate,Married,Less than $40K,Blue,46,6,2,4,2413.0,2015,398.0,0.47,1398,24,0.714,0.835
789266208,Existing Customer,56,M,2,High School,Married,$80K - $120K,Blue,45,3,2,3,5920.0,1589,4331.0,0.512,1408,28,0.273,0.268
718373658,Existing Customer,41,M,3,College,Single,$60K - $80K,Blue,28,6,3,0,5841.0,2463,3378.0,1.047,3817,81,0.761,0.422
712255458,Existing Customer,37,M,3,High School,Single,$60K - $80K,Blue,36,3,1,5,8418.0,2051,6367.0,0.847,2879,63,0.703,0.244
789494133,Existing Customer,30,M,0,High School,Married,Less than $40K,Blue,21,5,4,3,2490.0,1259,1231.0,1.079,2441,53,0.514,0.506
714178458,Existing Customer,45,M,3,Post-Graduate,Married,$80K - $120K,Blue,35,3,3,2,20640.0,1603,19037.0,0.532,1792,53,0.395,0.078
717595908,Existing Customer,54,M,1,High School,Married,$60K - $80K,Blue,37,5,1,1,9453.0,2188,7265.0,0.572,1688,45,0.452,0.231
798114033,Existing Customer,46,M,2,Graduate,Married,$60K - $80K,Blue,40,4,2,4,7949.0,1514,6435.0,0.857,3355,58,0.657,0.19
709479558,Existing Customer,36,F,4,College,Single,Less than $40K,Blue,36,3,2,1,2758.0,2168,590.0,1.046,3073,86,0.792,0.786
778148283,Existing Customer,48,M,2,Doctorate,Single,$120K +,Blue,41,5,2,1,20148.0,1084,19064.0,0.79,3921,74,0.542,0.054
719363283,Existing Customer,59,F,0,Doctorate,Single,Less than $40K,Blue,36,3,1,2,1438.3,0,1438.3,0.691,1904,47,0.382,0.0
716225433,Existing Customer,60,M,1,Uneducated,Single,$80K - $120K,Blue,51,6,3,4,26566.0,2517,24049.0,0.985,3103,65,0.625,0.095
719882583,Existing Customer,44,M,5,Graduate,Single,$60K - $80K,Blue,34,3,3,5,13477.0,2057,11420.0,0.684,3866,67,0.634,0.153
711076533,Existing Customer,65,M,0,College,Divorced,Less than $40K,Blue,42,5,3,2,9706.0,1968,7738.0,1.022,3435,58,0.706,0.203
820651908,Existing Customer,46,F,3,Graduate,Single,$40K - $60K,Blue,41,5,2,4,7457.0,0,7457.0,0.717,3162,64,0.73,0.0
710884683,Existing Customer,48,M,4,Graduate,Married,$80K - $120K,Silver,40,6,2,5,34516.0,807,33709.0,0.967,3937,80,1.051,0.023
797468658,Existing Customer,53,M,3,High School,Married,$120K +,Blue,47,5,1,3,19081.0,2431,16650.0,0.37,1536,31,0.476,0.127
716375883,Existing Customer,53,F,3,Uneducated,Married,Unknown,Blue,36,6,2,2,2447.0,1558,889.0,0.511,1716,38,0.462,0.637
711534183,Existing Customer,41,M,2,High School,Single,$80K - $120K,Blue,36,4,2,4,28830.0,0,28830.0,0.786,3533,57,0.966,0.0
721083258,Existing Customer,37,F,4,High School,Divorced,$40K - $60K,Blue,22,5,1,3,2563.0,1638,925.0,0.681,2064,46,0.917,0.639
717986058,Existing Customer,29,F,0,High School,Single,Less than $40K,Blue,13,6,3,5,5240.0,1608,3632.0,1.243,2712,64,0.778,0.307
804610908,Existing Customer,49,F,2,Doctorate,Married,Less than $40K,Blue,44,4,3,0,3397.0,1962,1435.0,0.483,3295,66,0.61,0.578
717602733,Existing Customer,47,M,3,Doctorate,Single,Less than $40K,Blue,35,4,3,2,1842.0,0,1842.0,0.726,4165,67,0.634,0.0
770952933,Existing Customer,53,F,1,Unknown,Married,Less than $40K,Blue,40,4,2,4,2383.0,1938,445.0,0.597,1616,37,0.682,0.813
713233908,Existing Customer,33,M,2,Graduate,Divorced,$60K - $80K,Blue,21,5,3,3,20791.0,0,20791.0,0.744,2883,93,0.755,0.0
755365233,Existing Customer,34,M,1,Graduate,Unknown,$60K - $80K,Blue,27,5,2,4,19900.0,1581,18319.0,0.838,3948,96,0.846,0.079
715105908,Existing Customer,28,F,0,Graduate,Single,Unknown,Silver,15,3,3,3,32024.0,1232,30792.0,1.04,2507,64,0.882,0.038
712658283,Existing Customer,36,F,3,Graduate,Single,$40K - $60K,Blue,28,3,2,3,3701.0,969,2732.0,1.079,3222,86,0.623,0.262
708796458,Existing Customer,30,F,2,Graduate,Single,Less than $40K,Blue,18,3,1,4,4199.0,1903,2296.0,1.059,3016,67,0.763,0.453
713557533,Existing Customer,34,M,3,High School,Single,$40K - $60K,Blue,21,4,1,3,4353.0,1655,2698.0,0.806,2664,81,0.884,0.38
710524533,Attrited Customer,38,F,4,College,Married,$40K - $60K,Blue,36,4,4,4,4913.0,2517,2396.0,0.348,899,28,0.273,0.512
713412558,Existing Customer,39,F,4,Post-Graduate,Married,Less than $40K,Blue,22,3,3,1,5454.0,1108,4346.0,1.021,2674,67,0.675,0.203
720000708,Existing Customer,32,F,0,Graduate,Married,Unknown,Blue,26,3,3,2,2172.0,1381,791.0,1.145,2945,69,0.408,0.636
718934058,Existing Customer,36,M,2,Doctorate,Single,$40K - $60K,Blue,26,4,3,2,2845.0,2517,328.0,0.686,2396,51,0.5,0.885
710607408,Existing Customer,37,F,3,High School,Single,Unknown,Blue,28,3,1,4,18570.0,1524,17046.0,1.385,3999,96,0.846,0.082
717613233,Existing Customer,45,M,4,Uneducated,Married,$60K - $80K,Silver,33,5,2,4,25907.0,745,25162.0,0.607,2058,56,0.806,0.029
821710308,Existing Customer,38,F,3,Uneducated,Single,Less than $40K,Blue,33,5,3,2,2206.0,2018,188.0,0.648,1739,35,0.667,0.915
716089983,Existing Customer,31,M,0,Graduate,Single,$40K - $60K,Blue,24,3,1,4,12050.0,1732,10318.0,0.804,2015,46,0.704,0.144
720430083,Existing Customer,65,M,0,High School,Unknown,Less than $40K,Blue,36,3,3,2,2107.0,1008,1099.0,0.953,3913,67,0.523,0.478
712071708,Existing Customer,63,F,0,Graduate,Married,Less than $40K,Blue,36,6,3,4,2107.0,1351,756.0,0.521,1320,35,0.522,0.641
770721858,Existing Customer,65,M,1,Graduate,Married,Less than $40K,Blue,56,3,2,5,3539.0,2517,1022.0,0.346,1463,31,0.632,0.711
751381458,Existing Customer,43,F,3,College,Married,Unknown,Blue,36,3,3,4,27175.0,775,26400.0,0.543,3814,72,0.8,0.029
715629783,Existing Customer,51,M,1,Graduate,Married,$40K - $60K,Silver,36,6,2,2,17905.0,980,16925.0,0.731,4399,64,0.778,0.055
768886533,Existing Customer,37,M,3,Graduate,Married,$60K - $80K,Blue,31,3,1,3,4940.0,1199,3741.0,1.57,3246,57,0.9,0.243
711023508,Existing Customer,55,F,1,Graduate,Married,Unknown,Blue,43,5,4,2,3161.0,1389,1772.0,0.307,1547,30,0.429,0.439
711291558,Existing Customer,27,M,0,Uneducated,Single,$60K - $80K,Blue,36,4,3,3,2464.0,0,2464.0,0.502,2636,50,0.429,0.0
714929283,Existing Customer,34,F,0,High School,Married,$40K - $60K,Blue,36,5,1,3,3203.0,2229,974.0,1.146,2625,52,0.625,0.696
716285358,Existing Customer,32,F,1,College,Divorced,Less than $40K,Blue,36,3,5,4,1835.0,1017,818.0,0.82,2801,79,0.519,0.554
710958033,Existing Customer,49,F,5,Uneducated,Single,Less than $40K,Blue,39,3,2,2,1993.0,0,1993.0,0.539,4075,76,0.689,0.0
711368283,Existing Customer,39,M,2,Unknown,Married,$80K - $120K,Blue,27,3,3,2,34516.0,1629,32887.0,1.078,3448,53,1.038,0.047
807275733,Existing Customer,27,M,0,Post-Graduate,Single,Unknown,Blue,22,5,2,2,7130.0,873,6257.0,0.53,2498,37,0.321,0.122
708231183,Existing Customer,30,M,1,Uneducated,Divorced,Unknown,Blue,22,5,3,4,12539.0,910,11629.0,0.856,2643,72,0.674,0.073
789690483,Existing Customer,39,M,4,High School,Married,$80K - $120K,Blue,25,6,2,3,8208.0,0,8208.0,1.568,3135,39,1.167,0.0
789338583,Existing Customer,42,M,2,Doctorate,Married,$80K - $120K,Blue,32,4,2,2,26222.0,1073,25149.0,1.288,1988,30,0.579,0.041
717411483,Existing Customer,55,M,4,College,Divorced,$80K - $120K,Blue,36,4,2,3,34173.0,1194,32979.0,1.056,3731,69,0.816,0.035
720799608,Existing Customer,57,F,2,Graduate,Married,$40K - $60K,Blue,49,5,1,2,3377.0,1720,1657.0,0.491,1621,32,0.391,0.509
714112383,Existing Customer,53,M,2,Graduate,Married,$120K +,Blue,43,6,3,2,5882.0,2335,3547.0,0.579,1380,30,0.667,0.397
717994608,Existing Customer,51,M,0,Graduate,Married,$80K - $120K,Blue,40,4,3,2,7158.0,0,7158.0,0.904,2113,60,0.875,0.0
798558783,Existing Customer,47,M,3,Graduate,Married,Less than $40K,Blue,41,6,1,4,5833.0,1747,4086.0,0.551,3732,75,0.531,0.3
716875083,Existing Customer,26,F,0,High School,Single,$40K - $60K,Blue,36,6,3,4,4152.0,0,4152.0,0.804,2351,42,0.312,0.0
714603558,Existing Customer,37,M,2,High School,Single,$40K - $60K,Blue,24,6,2,3,11699.0,1758,9941.0,0.869,2007,46,1.0,0.15
789903708,Existing Customer,45,F,2,Uneducated,Single,$40K - $60K,Blue,35,6,3,2,4505.0,1562,2943.0,0.604,3968,68,0.619,0.347
801989733,Existing Customer,55,M,2,Uneducated,Single,$60K - $80K,Blue,48,6,3,2,7667.0,1193,6474.0,1.101,3915,76,0.617,0.156
789504183,Existing Customer,37,M,4,Graduate,Single,$120K +,Blue,28,3,3,4,34516.0,0,34516.0,0.572,2574,62,0.771,0.0
714574083,Existing Customer,36,F,3,Graduate,Single,Less than $40K,Blue,31,3,2,3,2937.0,2159,778.0,0.67,2511,51,0.7,0.735
717978033,Existing Customer,36,F,1,High School,Single,Less than $40K,Blue,36,5,3,4,5257.0,1572,3685.0,0.732,2822,73,0.659,0.299
711256908,Existing Customer,39,M,2,High School,Single,$60K - $80K,Blue,28,6,3,3,10331.0,957,9374.0,0.699,3695,81,0.653,0.093
721023708,Existing Customer,47,M,4,Uneducated,Married,$60K - $80K,Blue,36,3,3,3,17557.0,0,17557.0,0.667,2142,62,0.378,0.0
714522258,Existing Customer,56,F,2,Graduate,Married,Less than $40K,Blue,48,6,3,2,4366.0,1590,2776.0,0.475,1596,37,0.423,0.364
714247458,Existing Customer,56,F,4,Uneducated,Single,Unknown,Blue,46,6,2,2,8037.0,2276,5761.0,0.406,3271,71,0.543,0.283
780416433,Existing Customer,38,M,2,Unknown,Married,Less than $40K,Blue,25,4,1,3,8740.0,734,8006.0,1.072,2169,38,0.652,0.084
713644758,Existing Customer,49,M,3,Graduate,Single,$120K +,Blue,36,6,2,3,8514.0,2013,6501.0,0.664,4098,74,0.542,0.236
712700358,Existing Customer,36,F,4,Uneducated,Single,Less than $40K,Blue,26,4,3,2,2002.0,1377,625.0,0.671,2411,60,0.714,0.688
779873508,Existing Customer,51,F,0,High School,Married,Less than $40K,Blue,35,5,3,4,3132.0,1815,1317.0,1.018,3607,60,0.935,0.58
779342958,Existing Customer,26,F,0,College,Married,$40K - $60K,Blue,13,2,3,3,2010.0,1070,940.0,0.906,3625,85,0.635,0.532
711738333,Existing Customer,34,M,2,Graduate,Married,$80K - $120K,Blue,23,6,2,3,7567.0,1776,5791.0,1.275,2361,45,0.875,0.235
709413933,Attrited Customer,56,M,2,High School,Single,$40K - $60K,Blue,40,2,6,4,2381.0,651,1730.0,0.592,1920,46,0.586,0.273
720323208,Existing Customer,43,M,2,Graduate,Married,$120K +,Silver,31,6,2,4,34516.0,2398,32118.0,0.917,4976,88,0.692,0.069
708132783,Existing Customer,47,F,3,Uneducated,Single,Unknown,Blue,42,6,2,2,16411.0,1179,15232.0,0.849,3929,71,0.732,0.072
713372583,Existing Customer,42,F,4,High School,Single,Less than $40K,Blue,19,3,2,0,1438.3,0,1438.3,0.676,3786,67,0.523,0.0
710092683,Existing Customer,38,M,2,College,Married,$80K - $120K,Blue,30,2,3,2,3735.0,1421,2314.0,0.57,1837,47,0.741,0.38
779284833,Existing Customer,55,M,2,Post-Graduate,Single,$60K - $80K,Blue,37,3,3,1,22127.0,1799,20328.0,0.758,3591,63,0.75,0.081
713426358,Existing Customer,28,F,0,College,Married,Unknown,Blue,36,3,2,3,5685.0,0,5685.0,1.334,2395,62,1.0,0.0
717132633,Existing Customer,62,M,0,Uneducated,Single,$40K - $60K,Blue,50,3,2,2,7348.0,1466,5882.0,1.236,3066,61,0.694,0.2
714967233,Attrited Customer,52,M,2,Doctorate,Married,$120K +,Blue,34,3,2,3,11188.0,0,11188.0,0.658,2109,47,0.621,0.0
767587833,Existing Customer,44,M,3,Unknown,Single,$120K +,Blue,37,3,1,5,3650.0,2512,1138.0,0.739,4599,75,0.471,0.688
714954033,Existing Customer,29,F,0,Post-Graduate,Single,Less than $40K,Blue,36,5,2,3,5076.0,1223,3853.0,0.83,2675,57,0.629,0.241
716154258,Existing Customer,48,M,4,Doctorate,Unknown,$60K - $80K,Silver,38,3,2,2,32658.0,1482,31176.0,0.941,2023,37,0.542,0.045
755399433,Existing Customer,43,M,3,Uneducated,Married,$80K - $120K,Blue,36,6,1,2,28634.0,926,27708.0,0.622,4549,68,0.659,0.032
709876008,Existing Customer,49,F,2,Post-Graduate,Single,Less than $40K,Blue,36,3,1,3,3414.0,1473,1941.0,0.597,1803,49,1.13,0.431
709918158,Existing Customer,43,M,3,High School,Married,$80K - $120K,Blue,23,5,6,1,12315.0,0,12315.0,0.895,2028,51,0.545,0.0
713350908,Existing Customer,41,F,2,Uneducated,Married,$40K - $60K,Blue,36,5,3,3,2690.0,1912,778.0,0.692,3636,68,0.7,0.711
715759458,Existing Customer,43,M,3,Graduate,Single,$80K - $120K,Blue,31,6,2,4,12165.0,0,12165.0,1.16,4066,74,0.682,0.0
713976258,Existing Customer,51,F,3,Graduate,Single,Less than $40K,Blue,46,4,1,3,1792.0,989,803.0,1.202,3102,63,0.703,0.552
790174608,Existing Customer,37,M,1,Doctorate,Single,$80K - $120K,Blue,30,6,3,2,19300.0,1181,18119.0,0.764,2660,70,0.795,0.061
771335358,Existing Customer,37,M,2,College,Divorced,$40K - $60K,Blue,24,3,3,4,8120.0,2098,6022.0,0.826,3161,54,0.688,0.258
708382083,Existing Customer,49,M,5,High School,Married,$80K - $120K,Blue,36,6,2,2,2292.0,0,2292.0,0.976,2584,60,0.5,0.0
771829758,Existing Customer,36,M,3,Uneducated,Married,$80K - $120K,Blue,25,6,3,3,21434.0,1345,20089.0,0.603,2143,46,0.586,0.063
767333808,Existing Customer,50,F,2,Graduate,Unknown,Less than $40K,Blue,43,5,3,4,3424.0,0,3424.0,0.765,4929,74,0.574,0.0
721385433,Existing Customer,64,M,0,Unknown,Married,Less than $40K,Blue,51,3,3,4,2787.0,1201,1586.0,0.372,1662,39,0.625,0.431
794293908,Existing Customer,36,F,3,College,Single,Unknown,Blue,30,3,2,3,8696.0,1482,7214.0,1.002,2847,67,0.971,0.17
720409608,Existing Customer,45,M,3,High School,Married,$120K +,Blue,35,6,2,3,32446.0,1974,30472.0,0.621,1717,39,0.696,0.061
717830583,Existing Customer,41,M,2,Graduate,Married,$80K - $120K,Blue,36,6,3,3,9133.0,2140,6993.0,0.649,4101,88,0.63,0.234
715455708,Existing Customer,47,M,3,Graduate,Single,$80K - $120K,Blue,37,3,3,2,5116.0,1468,3648.0,0.91,2361,49,0.633,0.287
719108358,Existing Customer,39,M,2,Post-Graduate,Married,$80K - $120K,Blue,31,5,2,1,18974.0,2517,16457.0,1.369,2783,56,1.0,0.133
769323183,Existing Customer,51,M,4,Uneducated,Single,$120K +,Blue,45,6,2,3,12101.0,2517,9584.0,0.733,2086,44,0.76,0.208
820020258,Existing Customer,55,F,1,High School,Single,$40K - $60K,Blue,46,5,3,4,5379.0,962,4417.0,0.827,1778,40,0.29,0.179
719234883,Existing Customer,57,M,3,Graduate,Single,$120K +,Blue,49,5,3,3,32676.0,2134,30542.0,0.797,3990,88,0.76,0.065
807349158,Existing Customer,36,M,4,Doctorate,Divorced,$120K +,Blue,31,4,3,4,34516.0,1491,33025.0,0.93,2243,60,0.935,0.043
710799783,Existing Customer,35,M,2,Unknown,Married,$120K +,Blue,36,4,3,4,15202.0,1779,13423.0,1.392,3143,60,0.579,0.117
778456983,Existing Customer,38,F,2,Unknown,Single,Less than $40K,Blue,23,5,3,3,2222.0,1205,1017.0,0.395,1823,49,0.361,0.542
708644208,Existing Customer,39,F,2,Graduate,Single,$40K - $60K,Blue,34,5,2,4,5858.0,0,5858.0,0.853,3355,77,0.604,0.0
711659958,Existing Customer,65,F,0,Graduate,Married,$40K - $60K,Blue,56,4,2,1,2692.0,1869,823.0,0.744,1594,36,0.895,0.694
798988983,Existing Customer,51,F,2,Uneducated,Married,Less than $40K,Blue,45,6,3,2,7165.0,2037,5128.0,0.83,3553,78,0.902,0.284
710760258,Existing Customer,50,F,3,High School,Married,Less than $40K,Blue,38,4,3,4,1438.3,0,1438.3,1.084,4740,81,0.653,0.0
799700208,Existing Customer,38,M,2,Graduate,Single,$60K - $80K,Silver,32,5,1,1,26988.0,1587,25401.0,0.968,3732,70,0.795,0.059
772401933,Existing Customer,36,F,1,Unknown,Single,Less than $40K,Blue,26,3,3,2,2517.0,0,2517.0,0.946,3569,62,0.771,0.0
787460883,Attrited Customer,41,M,3,Uneducated,Married,$40K - $60K,Blue,28,3,3,4,11091.0,0,11091.0,0.522,1234,34,0.308,0.0
770937183,Existing Customer,40,F,4,Graduate,Single,Less than $40K,Silver,27,3,1,2,10745.0,2084,8661.0,0.847,3502,87,0.933,0.194
715468083,Existing Customer,40,F,2,Doctorate,Married,Unknown,Silver,36,3,2,4,34516.0,1686,32830.0,0.562,3146,66,0.65,0.049
807161508,Existing Customer,26,M,1,Unknown,Single,Less than $40K,Blue,20,6,3,2,2590.0,1748,842.0,0.626,2804,52,0.486,0.675
772268058,Existing Customer,46,F,4,Uneducated,Single,Less than $40K,Blue,35,5,2,3,2722.0,1473,1249.0,0.737,3129,69,0.683,0.541
710166783,Existing Customer,49,F,1,Graduate,Married,Less than $40K,Blue,36,3,3,0,8228.0,0,8228.0,0.942,4277,80,0.702,0.0
804820233,Existing Customer,38,M,2,Unknown,Divorced,$80K - $120K,Blue,33,6,3,2,11777.0,1781,9996.0,0.565,2763,62,0.879,0.151
708758658,Existing Customer,49,M,4,Graduate,Married,$80K - $120K,Blue,39,5,1,1,34516.0,543,33973.0,0.745,3951,76,0.9,0.016
714011358,Existing Customer,38,M,3,Graduate,Divorced,$80K - $120K,Blue,24,5,1,3,14821.0,0,14821.0,0.661,2876,60,0.622,0.0
712401033,Existing Customer,36,M,1,Unknown,Single,Less than $40K,Blue,23,4,3,1,1438.3,928,510.3,0.851,2186,59,0.686,0.645
771212508,Existing Customer,34,F,2,Unknown,Single,Less than $40K,Blue,21,6,3,4,6131.0,1270,4861.0,0.913,2825,93,0.824,0.207
821150958,Existing Customer,52,M,5,Graduate,Single,$80K - $120K,Blue,47,3,1,1,2047.0,665,1382.0,0.605,3452,66,0.692,0.325
792272658,Existing Customer,40,M,3,Graduate,Single,$80K - $120K,Blue,34,3,3,4,22380.0,1220,21160.0,0.884,3756,73,0.78,0.055
809818008,Existing Customer,36,M,3,Uneducated,Married,$80K - $120K,Blue,31,3,3,5,12893.0,1620,11273.0,0.576,2300,60,0.463,0.126
803231058,Existing Customer,53,M,3,High School,Single,Less than $40K,Blue,47,5,1,1,3351.0,1474,1877.0,0.393,4294,66,0.737,0.44
715698633,Existing Customer,40,F,2,Unknown,Married,Less than $40K,Blue,36,3,1,1,5093.0,2376,2717.0,0.822,2341,57,0.541,0.467
720450108,Existing Customer,54,M,1,Graduate,Married,$40K - $60K,Blue,44,5,1,1,1438.3,0,1438.3,0.576,1585,37,0.609,0.0
719076858,Existing Customer,34,M,4,College,Single,$60K - $80K,Blue,20,5,1,2,2165.0,1952,213.0,0.822,2651,81,0.841,0.902
720016308,Existing Customer,62,F,1,Unknown,Single,Less than $40K,Blue,54,4,2,2,1927.0,1319,608.0,0.672,4199,77,0.75,0.684
712443558,Existing Customer,39,F,1,College,Single,Unknown,Blue,36,6,1,1,22125.0,0,22125.0,0.645,1994,57,0.727,0.0
711835758,Existing Customer,50,M,3,Graduate,Married,$120K +,Blue,42,4,5,3,34516.0,2099,32417.0,0.449,1756,35,0.25,0.061
709284333,Existing Customer,36,M,1,Uneducated,Divorced,$120K +,Blue,28,6,3,2,5260.0,1116,4144.0,0.664,2546,62,0.879,0.212
788122533,Existing Customer,56,F,1,Graduate,Married,Less than $40K,Blue,48,6,2,2,1438.3,0,1438.3,0.706,1336,32,0.882,0.0
709206333,Attrited Customer,44,F,4,Graduate,Single,$40K - $60K,Blue,30,3,4,4,4333.0,0,4333.0,0.463,1558,40,0.538,0.0
713039808,Existing Customer,45,M,4,College,Married,Less than $40K,Blue,32,3,2,1,6637.0,0,6637.0,0.675,1801,48,0.6,0.0
801700233,Existing Customer,36,M,2,Graduate,Single,$120K +,Blue,28,4,3,0,3174.0,2462,712.0,0.772,3140,74,0.721,0.776
716815308,Existing Customer,44,F,2,Uneducated,Married,Less than $40K,Blue,36,4,2,5,4396.0,1489,2907.0,1.258,3942,69,0.816,0.339
821149008,Attrited Customer,52,M,2,Graduate,Single,$80K - $120K,Blue,48,6,2,4,34516.0,0,34516.0,0.539,1661,40,0.6,0.0
720580383,Existing Customer,50,F,3,Graduate,Married,Less than $40K,Blue,37,3,2,4,1438.3,0,1438.3,0.868,3637,80,0.86,0.0
780202908,Existing Customer,53,F,2,Graduate,Single,Less than $40K,Blue,43,3,3,4,6853.0,1480,5373.0,0.513,2833,70,0.556,0.216
787504158,Existing Customer,36,F,0,Unknown,Married,Less than $40K,Blue,24,4,3,2,2570.0,2230,340.0,0.686,1755,42,0.448,0.868
716183283,Existing Customer,27,F,1,College,Divorced,Less than $40K,Blue,15,5,3,2,2166.0,890,1276.0,1.024,3563,70,0.892,0.411
824168808,Existing Customer,31,F,1,College,Divorced,Unknown,Blue,27,4,6,3,3647.0,1480,2167.0,0.76,2271,60,0.364,0.406
712936908,Existing Customer,36,M,3,Unknown,Single,$60K - $80K,Blue,36,3,1,1,11684.0,1786,9898.0,0.806,2969,88,0.796,0.153
719855958,Existing Customer,41,M,4,High School,Single,$60K - $80K,Blue,28,6,1,4,4475.0,0,4475.0,0.706,3367,66,0.737,0.0
710112933,Existing Customer,28,M,1,Uneducated,Single,$60K - $80K,Blue,18,6,3,2,16604.0,1716,14888.0,1.025,2580,61,0.649,0.103
768364233,Existing Customer,59,M,1,High School,Married,$40K - $60K,Blue,53,6,2,5,5446.0,1885,3561.0,0.643,1505,33,0.32,0.346
771725808,Existing Customer,43,M,3,Uneducated,Unknown,$80K - $120K,Blue,31,5,1,4,28700.0,769,27931.0,0.901,3395,71,0.578,0.027
780686358,Existing Customer,41,M,3,Unknown,Married,$60K - $80K,Blue,30,3,1,1,2888.0,1676,1212.0,0.534,3798,58,0.812,0.58
712762758,Existing Customer,46,M,2,Graduate,Married,$60K - $80K,Blue,34,4,2,0,9451.0,1280,8171.0,0.681,3179,79,0.975,0.135
714392808,Existing Customer,51,M,3,Unknown,Married,$80K - $120K,Blue,43,3,4,5,13933.0,1019,12914.0,0.875,3504,62,0.771,0.073
713089458,Existing Customer,44,M,1,High School,Married,Less than $40K,Blue,33,5,2,2,6130.0,808,5322.0,0.747,3411,78,0.592,0.132
826780683,Existing Customer,40,M,3,Graduate,Married,$60K - $80K,Blue,36,6,2,2,15008.0,0,15008.0,0.784,3943,85,0.771,0.0
780251658,Existing Customer,32,M,1,High School,Married,$40K - $60K,Blue,18,4,1,4,4583.0,1586,2997.0,0.828,2395,57,0.781,0.346
772273983,Attrited Customer,48,M,4,Uneducated,Single,$40K - $60K,Blue,37,1,3,4,5268.0,2191,3077.0,0.622,2138,40,0.429,0.416
737944908,Existing Customer,58,M,2,Unknown,Married,$60K - $80K,Blue,51,4,2,2,14976.0,1463,13513.0,0.635,1599,36,0.565,0.098
720688158,Existing Customer,37,F,3,High School,Single,Less than $40K,Blue,25,3,2,4,2282.0,0,2282.0,0.741,2751,68,0.659,0.0
719902908,Attrited Customer,51,M,3,Unknown,Married,$80K - $120K,Blue,36,3,3,3,5130.0,0,5130.0,0.407,1434,31,0.292,0.0
771682533,Existing Customer,43,F,3,Unknown,Married,Less than $40K,Blue,31,4,3,2,5702.0,0,5702.0,0.773,3928,75,0.744,0.0
708193008,Existing Customer,41,M,4,Uneducated,Single,$80K - $120K,Blue,30,3,3,4,14480.0,0,14480.0,0.703,1616,43,0.654,0.0
772449858,Existing Customer,51,M,3,Graduate,Divorced,$40K - $60K,Blue,41,5,3,4,7570.0,1388,6182.0,0.909,3849,70,0.591,0.183
715992558,Existing Customer,52,M,2,Doctorate,Married,$80K - $120K,Blue,38,4,2,2,12878.0,1628,11250.0,0.542,1968,59,0.735,0.126
708502908,Existing Customer,61,M,2,High School,Single,$60K - $80K,Silver,48,5,2,3,26218.0,0,26218.0,0.74,3925,88,0.833,0.0
720132258,Existing Customer,49,M,3,Post-Graduate,Single,$120K +,Silver,36,6,1,5,34516.0,1323,33193.0,0.934,3422,78,0.529,0.038
708704433,Existing Customer,36,F,3,High School,Single,Unknown,Blue,23,6,3,4,2804.0,2090,714.0,1.248,2812,77,1.081,0.745
720906033,Existing Customer,35,M,1,Graduate,Married,$40K - $60K,Blue,25,5,4,4,5801.0,1176,4625.0,1.12,2987,52,0.857,0.203
719961183,Existing Customer,63,F,0,High School,Married,Less than $40K,Blue,53,5,3,2,2271.0,1278,993.0,0.375,1550,33,0.65,0.563
718838808,Existing Customer,36,F,1,Post-Graduate,Married,Less than $40K,Blue,23,6,3,3,3107.0,2354,753.0,1.248,2720,48,1.182,0.758
710268858,Existing Customer,33,F,4,Graduate,Single,Less than $40K,Blue,22,5,1,2,2001.0,1217,784.0,0.775,3162,99,0.707,0.608
788360283,Existing Customer,33,M,1,Graduate,Single,$80K - $120K,Blue,26,4,1,0,1438.3,0,1438.3,0.865,2557,55,0.618,0.0
717914808,Existing Customer,65,M,1,High School,Single,Unknown,Blue,36,4,3,5,4465.0,703,3762.0,1.026,4044,66,0.65,0.157
802884933,Existing Customer,61,M,1,Graduate,Married,$60K - $80K,Blue,55,6,2,3,3264.0,1348,1916.0,0.756,1665,32,0.524,0.413
714436383,Existing Customer,44,M,4,Graduate,Unknown,$80K - $120K,Blue,34,4,3,2,26856.0,0,26856.0,0.581,4222,75,0.471,0.0
718785483,Existing Customer,38,M,1,Doctorate,Single,$80K - $120K,Silver,29,6,3,3,34516.0,1435,33081.0,1.13,4238,85,0.809,0.042
708816408,Existing Customer,41,M,4,Uneducated,Single,$80K - $120K,Blue,32,4,6,3,21756.0,0,21756.0,0.817,3063,71,0.511,0.0
715363908,Existing Customer,44,F,4,Uneducated,Married,Less than $40K,Blue,26,4,1,2,4726.0,1551,3175.0,0.544,3658,70,0.628,0.328
709163358,Attrited Customer,41,M,5,Unknown,Single,$60K - $80K,Gold,32,2,3,4,34516.0,2517,31999.0,0.465,1727,35,0.458,0.073
827643858,Existing Customer,45,F,2,Unknown,Single,Less than $40K,Blue,41,6,2,2,5596.0,0,5596.0,0.833,3212,64,0.422,0.0
711251133,Existing Customer,37,M,0,Post-Graduate,Single,$80K - $120K,Blue,27,5,2,3,15326.0,0,15326.0,1.159,2990,55,0.964,0.0
716896833,Existing Customer,51,M,1,Unknown,Single,$80K - $120K,Blue,38,3,1,4,11373.0,1319,10054.0,0.693,1976,35,0.75,0.116
789193383,Existing Customer,65,M,0,Uneducated,Single,Less than $40K,Blue,54,3,1,5,2644.0,1691,953.0,0.755,3495,70,0.628,0.64
712801758,Existing Customer,37,F,1,Graduate,Single,$40K - $60K,Blue,27,6,1,2,2673.0,2517,156.0,0.714,3052,63,0.75,0.942
719836083,Existing Customer,54,M,4,Unknown,Married,$60K - $80K,Blue,36,3,4,2,7477.0,1752,5725.0,0.294,1543,34,0.172,0.234
718291233,Existing Customer,46,M,4,Graduate,Married,$80K - $120K,Blue,33,5,1,3,16227.0,917,15310.0,0.479,4314,67,0.634,0.057
718682883,Existing Customer,41,M,2,Unknown,Single,$80K - $120K,Blue,34,3,3,1,19110.0,2449,16661.0,1.0,4478,76,0.727,0.128
771503958,Existing Customer,49,M,2,Unknown,Single,$40K - $60K,Blue,37,5,1,3,2993.0,1265,1728.0,0.579,4089,72,0.674,0.423
771960708,Existing Customer,51,M,2,Graduate,Married,$80K - $120K,Blue,40,3,2,4,3290.0,2461,829.0,0.797,3591,80,0.739,0.748
717427983,Existing Customer,50,F,3,High School,Single,Less than $40K,Silver,39,4,3,4,11176.0,2422,8754.0,1.003,2682,64,0.641,0.217
712737108,Existing Customer,48,F,4,High School,Married,Unknown,Blue,36,4,1,2,21416.0,0,21416.0,0.702,4221,75,0.923,0.0
771599283,Existing Customer,53,M,2,Graduate,Married,$80K - $120K,Blue,41,3,2,5,2492.0,1668,824.0,0.651,1606,32,0.882,0.669
717237708,Existing Customer,54,M,2,Post-Graduate,Single,$60K - $80K,Blue,38,3,3,5,14265.0,1878,12387.0,0.847,3982,58,0.871,0.132
710703708,Existing Customer,46,F,4,Unknown,Single,$40K - $60K,Silver,35,6,3,2,16985.0,968,16017.0,0.455,2961,56,0.647,0.057
712513458,Existing Customer,47,F,4,High School,Single,Less than $40K,Blue,38,4,1,4,7469.0,1899,5570.0,0.999,3150,70,0.489,0.254
709690158,Existing Customer,52,F,4,Graduate,Married,Less than $40K,Blue,36,6,1,2,4592.0,2517,2075.0,0.572,1470,33,0.737,0.548
709959858,Existing Customer,43,F,4,Graduate,Single,Less than $40K,Blue,32,6,3,4,4341.0,0,4341.0,0.613,3825,63,0.537,0.0
720683958,Existing Customer,41,M,4,Uneducated,Divorced,$80K - $120K,Gold,36,6,2,2,34516.0,0,34516.0,0.742,4077,67,0.763,0.0
780704358,Existing Customer,34,M,3,Post-Graduate,Unknown,$60K - $80K,Silver,23,4,3,0,27710.0,0,27710.0,0.777,4014,73,0.659,0.0
717843783,Existing Customer,33,F,1,College,Single,Less than $40K,Silver,17,4,3,2,13431.0,1583,11848.0,0.621,2338,71,0.69,0.118
718318383,Existing Customer,49,M,1,High School,Unknown,$60K - $80K,Blue,36,6,3,4,2645.0,1499,1146.0,0.67,4251,69,0.533,0.567
708849858,Existing Customer,44,M,3,Doctorate,Single,$120K +,Blue,35,4,1,5,14028.0,1435,12593.0,0.57,3683,73,0.738,0.102
712652283,Existing Customer,36,M,1,Uneducated,Divorced,$80K - $120K,Blue,28,4,1,3,34516.0,774,33742.0,0.989,3030,74,0.805,0.022
793461933,Existing Customer,37,M,3,High School,Single,$80K - $120K,Blue,31,4,2,4,5699.0,1006,4693.0,0.734,2835,57,0.9,0.177
720084183,Existing Customer,46,M,3,Unknown,Divorced,$120K +,Blue,34,5,2,4,16284.0,0,16284.0,0.889,3018,75,0.5,0.0
767114958,Existing Customer,65,M,0,Uneducated,Single,Less than $40K,Blue,56,4,2,2,3226.0,2073,1153.0,1.035,3250,70,0.591,0.643
709216533,Existing Customer,52,M,2,College,Married,$80K - $120K,Blue,36,6,3,4,2803.0,778,2025.0,0.55,3142,64,0.561,0.278
720897783,Existing Customer,50,M,1,Uneducated,Married,$120K +,Blue,30,6,2,5,34516.0,2010,32506.0,0.594,2776,59,0.735,0.058
773503308,Existing Customer,59,M,1,Uneducated,Single,Less than $40K,Blue,53,5,5,4,2192.0,1569,623.0,0.706,4010,79,0.717,0.716
719963433,Existing Customer,37,F,3,Unknown,Single,Unknown,Blue,29,3,2,2,8318.0,1945,6373.0,1.487,3676,77,1.139,0.234
708139833,Attrited Customer,40,M,3,Graduate,Unknown,$60K - $80K,Blue,30,4,2,3,6391.0,0,6391.0,0.632,2323,44,0.419,0.0
710664558,Existing Customer,40,F,3,High School,Married,Less than $40K,Blue,31,5,2,4,4736.0,945,3791.0,0.835,3927,73,0.659,0.2
713687508,Existing Customer,59,M,1,Doctorate,Single,$60K - $80K,Blue,49,5,2,4,9944.0,1606,8338.0,0.62,3159,69,0.568,0.162
816312633,Existing Customer,52,F,3,College,Married,$40K - $60K,Blue,47,6,3,3,4717.0,0,4717.0,0.563,2349,66,0.347,0.0
712019883,Existing Customer,43,F,4,Unknown,Unknown,Unknown,Blue,34,5,3,3,12778.0,1528,11250.0,0.777,3337,69,0.769,0.12
718216008,Existing Customer,48,M,3,Graduate,Married,$60K - $80K,Blue,38,5,2,3,16920.0,2157,14763.0,0.629,3275,60,0.5,0.127
718345233,Existing Customer,45,F,2,Graduate,Unknown,Less than $40K,Blue,35,6,3,3,3240.0,2517,723.0,0.636,1904,41,0.519,0.777
771228183,Existing Customer,30,F,0,Graduate,Divorced,Less than $40K,Blue,17,4,1,3,4704.0,0,4704.0,1.177,3294,87,0.891,0.0
789430083,Existing Customer,41,F,5,High School,Single,$40K - $60K,Blue,32,6,1,2,14987.0,1425,13562.0,0.8,4470,83,0.844,0.095
779524833,Existing Customer,51,M,1,Unknown,Single,$80K - $120K,Blue,34,4,3,3,3554.0,1563,1991.0,0.893,3640,59,0.735,0.44
823621083,Existing Customer,46,M,3,Graduate,Married,$120K +,Blue,42,3,3,4,9227.0,938,8289.0,0.735,3948,74,0.721,0.102
715563558,Existing Customer,50,M,1,Unknown,Married,$120K +,Blue,40,3,3,2,7522.0,1057,6465.0,1.197,2533,62,1.138,0.141
715424283,Existing Customer,31,F,0,College,Married,Less than $40K,Blue,21,5,2,2,1677.0,0,1677.0,1.369,3059,50,0.613,0.0
807209808,Existing Customer,48,M,1,High School,Single,$60K - $80K,Blue,40,6,2,2,2319.0,1630,689.0,0.846,3739,68,0.659,0.703
716578158,Existing Customer,39,F,1,Unknown,Married,Less than $40K,Blue,29,6,2,5,2722.0,1592,1130.0,1.319,3205,49,0.633,0.585
708911508,Existing Customer,50,F,2,Unknown,Married,Less than $40K,Blue,39,3,3,2,2046.0,0,2046.0,0.936,3446,71,0.578,0.0
717332733,Existing Customer,47,M,4,Unknown,Single,$80K - $120K,Silver,37,5,2,4,34516.0,0,34516.0,1.06,2851,80,0.739,0.0
710681808,Existing Customer,53,M,3,High School,Single,$80K - $120K,Blue,42,6,3,3,18531.0,1548,16983.0,0.833,2484,52,0.857,0.084
708740808,Existing Customer,45,M,4,Graduate,Married,$40K - $60K,Blue,36,5,3,4,4112.0,0,4112.0,0.777,2949,54,1.25,0.0
711728208,Existing Customer,46,M,4,Graduate,Single,$120K +,Blue,34,4,1,2,34516.0,0,34516.0,0.991,4143,68,0.659,0.0
720562008,Existing Customer,34,M,2,Graduate,Single,$80K - $120K,Silver,22,4,3,3,34516.0,1263,33253.0,0.603,2759,65,0.806,0.037
709012083,Existing Customer,39,M,1,Uneducated,Married,Less than $40K,Blue,28,3,3,4,4683.0,2514,2169.0,0.58,2010,45,0.731,0.537
771073908,Existing Customer,62,M,0,Unknown,Married,$40K - $60K,Blue,48,4,1,2,1438.3,0,1438.3,0.425,1406,27,0.5,0.0
718174908,Existing Customer,53,F,3,Uneducated,Married,Less than $40K,Blue,36,4,3,2,4224.0,2417,1807.0,0.522,1458,29,1.071,0.572
709550958,Existing Customer,51,M,3,Graduate,Married,$60K - $80K,Blue,32,3,1,4,7133.0,0,7133.0,0.612,2689,62,0.59,0.0
720411183,Existing Customer,34,F,1,High School,Single,Unknown,Blue,22,6,1,0,10253.0,1857,8396.0,1.193,3042,66,0.941,0.181
720776508,Existing Customer,44,F,2,Doctorate,Single,$40K - $60K,Blue,25,4,3,2,4210.0,0,4210.0,1.224,4248,65,0.857,0.0
755615208,Existing Customer,49,M,3,High School,Single,$120K +,Blue,42,5,3,2,12630.0,1822,10808.0,0.947,4084,66,0.571,0.144
708147108,Existing Customer,26,M,0,Graduate,Divorced,Unknown,Blue,36,6,1,3,21084.0,2517,18567.0,0.763,2309,71,0.543,0.119
827476983,Attrited Customer,56,F,2,College,Single,Less than $40K,Blue,52,3,5,1,3639.0,2178,1461.0,0.451,1865,42,0.5,0.599
716682258,Existing Customer,52,M,1,High School,Divorced,$120K +,Blue,36,4,3,5,31945.0,1591,30354.0,0.711,3650,62,0.676,0.05
708563433,Attrited Customer,65,F,0,High School,Single,Unknown,Blue,56,3,6,3,5894.0,477,5417.0,1.015,1616,32,0.455,0.081
772277508,Existing Customer,65,F,1,Unknown,Single,Less than $40K,Blue,54,4,2,2,2209.0,0,2209.0,1.299,3292,52,0.857,0.0
712515558,Existing Customer,35,M,1,College,Single,$60K - $80K,Blue,26,3,2,3,23447.0,1515,21932.0,0.622,2834,77,0.638,0.065
719342808,Existing Customer,48,M,3,Graduate,Single,$80K - $120K,Blue,30,4,2,3,4180.0,688,3492.0,0.747,3750,76,0.727,0.165
788957358,Existing Customer,53,F,1,Graduate,Single,$40K - $60K,Blue,39,3,3,2,4930.0,2227,2703.0,0.801,4224,77,0.791,0.452
778386033,Existing Customer,38,M,3,Uneducated,Married,$60K - $80K,Blue,18,6,3,4,3417.0,1749,1668.0,0.57,2068,34,0.619,0.512
820060758,Existing Customer,50,F,1,College,Single,Less than $40K,Blue,45,4,2,4,4785.0,1965,2820.0,0.8,3651,59,0.553,0.411
713271708,Existing Customer,46,M,3,Uneducated,Married,Less than $40K,Silver,33,5,2,2,12685.0,0,12685.0,0.674,4454,74,0.574,0.0
720555483,Existing Customer,48,M,3,Graduate,Single,$80K - $120K,Blue,35,3,3,3,21374.0,0,21374.0,0.631,4100,79,0.681,0.0
709405758,Existing Customer,36,M,2,Graduate,Married,$60K - $80K,Blue,28,4,3,2,1911.0,1217,694.0,0.363,1965,49,0.256,0.637
769463433,Existing Customer,41,F,2,Post-Graduate,Single,Less than $40K,Blue,35,6,3,2,8666.0,0,8666.0,0.682,3593,71,0.578,0.0
786087633,Existing Customer,60,M,0,Unknown,Married,$60K - $80K,Blue,54,4,1,0,2759.0,2501,258.0,0.505,1650,34,0.7,0.906
738627708,Attrited Customer,49,F,2,Unknown,Single,Unknown,Blue,41,5,3,4,5984.0,0,5984.0,0.551,1838,42,0.556,0.0
719527833,Existing Customer,45,F,4,High School,Unknown,Unknown,Blue,36,6,3,3,23000.0,1097,21903.0,1.095,3886,70,0.667,0.048
715921758,Existing Customer,36,M,2,College,Single,$60K - $80K,Blue,25,5,3,2,1438.3,0,1438.3,0.579,2882,68,0.619,0.0
717280158,Existing Customer,49,M,3,Graduate,Married,Less than $40K,Blue,36,3,3,5,2976.0,1817,1159.0,0.739,3332,60,0.667,0.611
714179658,Existing Customer,43,M,3,High School,Single,$120K +,Blue,36,3,1,3,34516.0,0,34516.0,0.852,1996,48,0.548,0.0
806637558,Existing Customer,58,M,1,High School,Married,$60K - $80K,Blue,53,5,2,5,1438.3,0,1438.3,0.425,1539,40,0.6,0.0
714828708,Existing Customer,46,M,0,High School,Divorced,$80K - $120K,Blue,36,3,1,4,16099.0,0,16099.0,0.562,3656,88,0.76,0.0
711989358,Existing Customer,50,M,2,Graduate,Single,$80K - $120K,Blue,36,4,2,1,19595.0,1187,18408.0,0.875,3811,62,0.824,0.061
720188508,Existing Customer,43,M,4,Graduate,Single,$60K - $80K,Blue,25,3,2,4,13193.0,1749,11444.0,0.671,4071,64,0.73,0.133
719528958,Existing Customer,57,F,3,College,Single,$40K - $60K,Blue,36,3,1,3,8184.0,1508,6676.0,0.789,4134,71,0.821,0.184
713110908,Existing Customer,30,M,1,Unknown,Married,Less than $40K,Blue,13,3,6,5,2607.0,1966,641.0,0.65,1719,45,0.607,0.754
721179708,Existing Customer,48,F,2,Unknown,Married,Less than $40K,Blue,37,4,2,3,5758.0,0,5758.0,0.433,4422,76,0.407,0.0
716363658,Existing Customer,51,M,2,Doctorate,Single,$120K +,Blue,36,4,2,5,25873.0,582,25291.0,0.769,3920,84,0.647,0.022
711443808,Existing Customer,46,M,2,Unknown,Divorced,$60K - $80K,Blue,37,6,1,1,2695.0,1657,1038.0,0.813,4068,53,0.963,0.615
778952058,Existing Customer,46,M,3,College,Married,$80K - $120K,Blue,32,4,2,5,20860.0,1496,19364.0,0.816,3435,56,0.697,0.072
713642133,Existing Customer,45,M,4,Unknown,Married,$40K - $60K,Blue,30,6,3,3,1892.0,1049,843.0,1.122,4558,60,1.609,0.554
778908783,Existing Customer,52,M,3,College,Married,$80K - $120K,Blue,33,3,3,4,27751.0,1018,26733.0,0.426,1427,25,0.667,0.037
778170633,Existing Customer,48,M,5,Graduate,Married,$80K - $120K,Blue,38,6,2,2,34516.0,657,33859.0,0.723,3661,71,0.868,0.019
714670533,Existing Customer,47,M,3,Unknown,Single,$80K - $120K,Blue,37,3,1,5,24580.0,2517,22063.0,0.509,3069,62,0.771,0.102
771833433,Attrited Customer,49,M,2,High School,Married,$80K - $120K,Blue,38,3,2,4,29893.0,0,29893.0,0.519,2063,48,0.846,0.0
772758783,Existing Customer,43,M,1,Unknown,Married,$80K - $120K,Blue,33,5,1,5,21165.0,735,20430.0,0.624,3343,60,0.667,0.035
788959758,Existing Customer,47,F,4,Uneducated,Single,$40K - $60K,Blue,33,3,2,1,9148.0,561,8587.0,0.774,3451,59,0.967,0.061
716878533,Existing Customer,55,M,2,Unknown,Married,$80K - $120K,Blue,46,4,1,1,10979.0,1889,9090.0,0.475,1425,33,0.5,0.172
713267133,Existing Customer,41,F,5,Post-Graduate,Married,Less than $40K,Blue,33,3,1,2,6519.0,851,5668.0,0.679,3088,65,0.711,0.131
716263533,Existing Customer,44,M,5,High School,Married,$80K - $120K,Blue,36,3,2,2,2509.0,1464,1045.0,1.25,3166,72,0.946,0.583
719026383,Existing Customer,35,F,2,Uneducated,Married,Less than $40K,Blue,36,3,1,3,2664.0,0,2664.0,1.071,3135,59,0.903,0.0
821755233,Existing Customer,40,F,2,Unknown,Married,Unknown,Blue,28,5,5,2,14999.0,1123,13876.0,0.539,3441,69,0.468,0.075
709683633,Existing Customer,32,F,1,High School,Single,Less than $40K,Silver,13,4,1,2,10332.0,948,9384.0,0.843,2914,67,0.763,0.092
714318033,Existing Customer,50,M,4,Unknown,Married,$60K - $80K,Blue,36,5,1,4,10226.0,1638,8588.0,1.053,3321,57,1.036,0.16
828291858,Attrited Customer,38,M,3,College,Single,$60K - $80K,Blue,34,6,3,4,12050.0,1821,10229.0,0.63,2381,40,0.481,0.151
779647608,Existing Customer,39,M,2,High School,Single,$120K +,Blue,22,5,2,2,26124.0,0,26124.0,0.735,4199,92,0.586,0.0
